Entity,Code,Year,Population_UN,Population_ML,Population_Diff,Population_Diff_Pct,Share65_UN,Share65_ML,Share65_Diff,Continent,Region_Type
Afghanistan,AFG,2027,46258913,44860507,-1398406,-3.02,2.48,2.39,-0.09,Asia,Quốc Gia
Afghanistan,AFG,2028,47470571,45769551,-1701020,-3.58,2.51,2.4,-0.11,Asia,Quốc Gia
Afghanistan,AFG,2029,48725719,46678596,-2047123,-4.2,2.55,2.4,-0.15,Asia,Quốc Gia
Afghanistan,AFG,2030,50039404,47587640,-2451764,-4.9,2.59,2.4,-0.19,Asia,Quốc Gia
Afghanistan,AFG,2031,51376002,48496685,-2879317,-5.6,2.64,2.4,-0.24,Asia,Quốc Gia
Afghanistan,AFG,2032,52707848,49405729,-3302119,-6.26,2.69,2.4,-0.29,Asia,Quốc Gia
Afghanistan,AFG,2033,54044254,50314774,-3729480,-6.9,2.74,2.41,-0.33,Asia,Quốc Gia
Afghanistan,AFG,2034,55359464,51223818,-4135646,-7.47,2.8,2.41,-0.39,Asia,Quốc Gia
Afghanistan,AFG,2035,56647234,52132863,-4514371,-7.97,2.86,2.41,-0.45,Asia,Quốc Gia
Afghanistan,AFG,2036,57953665,53041907,-4911758,-8.48,2.92,2.41,-0.51,Asia,Quốc Gia
Afghanistan,AFG,2037,59279039,53950952,-5328087,-8.99,2.99,2.41,-0.58,Asia,Quốc Gia
Afghanistan,AFG,2038,60597844,54859996,-5737848,-9.47,3.06,2.41,-0.65,Asia,Quốc Gia
Afghanistan,AFG,2039,61944474,55769041,-6175433,-9.97,3.13,2.42,-0.71,Asia,Quốc Gia
Afghanistan,AFG,2040,63347877,56678085,-6669792,-10.53,3.21,2.42,-0.79,Asia,Quốc Gia
Afghanistan,AFG,2041,64738850,57587130,-7151720,-11.05,3.28,2.42,-0.86,Asia,Quốc Gia
Afghanistan,AFG,2042,66060222,58496174,-7564048,-11.45,3.36,2.42,-0.94,Asia,Quốc Gia
Afghanistan,AFG,2043,67375164,59405219,-7969945,-11.83,3.44,2.42,-1.02,Asia,Quốc Gia
Afghanistan,AFG,2044,68703966,60314263,-8389703,-12.21,3.52,2.42,-1.1,Asia,Quốc Gia
Afghanistan,AFG,2045,70021200,61223308,-8797892,-12.56,3.6,2.42,-1.18,Asia,Quốc Gia
Afghanistan,AFG,2046,71384699,62132352,-9252347,-12.96,3.68,2.43,-1.25,Asia,Quốc Gia
Afghanistan,AFG,2047,72756306,63041397,-9714909,-13.35,3.76,2.43,-1.33,Asia,Quốc Gia
Afghanistan,AFG,2048,74109735,63950441,-10159294,-13.71,3.84,2.43,-1.41,Asia,Quốc Gia
Afghanistan,AFG,2049,75515605,64859486,-10656119,-14.11,3.92,2.43,-1.49,Asia,Quốc Gia
Afghanistan,AFG,2050,76885136,65768530,-11116606,-14.46,4.01,2.43,-1.58,Asia,Quốc Gia
Albania,ALB,2027,2731222,2725306,-5916,-0.22,19.01,17.91,-1.1,Europe,Quốc Gia
Albania,ALB,2028,2711665,2709358,-2307,-0.09,19.67,18.37,-1.3,Europe,Quốc Gia
Albania,ALB,2029,2691909,2693410,1501,0.06,20.29,18.82,-1.47,Europe,Quốc Gia
Albania,ALB,2030,2671882,2677462,5580,0.21,20.87,19.29,-1.58,Europe,Quốc Gia
Albania,ALB,2031,2651879,2661514,9635,0.36,21.41,19.76,-1.65,Europe,Quốc Gia
Albania,ALB,2032,2632163,2645566,13403,0.51,21.94,20.23,-1.71,Europe,Quốc Gia
Albania,ALB,2033,2612049,2629617,17568,0.67,22.46,20.72,-1.74,Europe,Quốc Gia
Albania,ALB,2034,2591313,2613669,22356,0.86,22.98,21.2,-1.78,Europe,Quốc Gia
Albania,ALB,2035,2570587,2597721,27134,1.06,23.46,21.7,-1.76,Europe,Quốc Gia
Albania,ALB,2036,2549688,2581773,32085,1.26,23.9,22.2,-1.7,Europe,Quốc Gia
Albania,ALB,2037,2528236,2565825,37589,1.49,24.3,22.7,-1.6,Europe,Quốc Gia
Albania,ALB,2038,2506595,2549877,43282,1.73,24.65,23.21,-1.44,Europe,Quốc Gia
Albania,ALB,2039,2484368,2533929,49561,1.99,24.97,23.73,-1.24,Europe,Quốc Gia
Albania,ALB,2040,2461865,2517981,56116,2.28,25.26,24.26,-1.0,Europe,Quốc Gia
Albania,ALB,2041,2439527,2502033,62506,2.56,25.51,24.79,-0.72,Europe,Quốc Gia
Albania,ALB,2042,2417265,2486085,68820,2.85,25.75,25.33,-0.42,Europe,Quốc Gia
Albania,ALB,2043,2395167,2470137,74970,3.13,25.96,25.87,-0.09,Europe,Quốc Gia
Albania,ALB,2044,2373263,2454189,80926,3.41,26.16,26.42,0.26,Europe,Quốc Gia
Albania,ALB,2045,2351282,2438241,86959,3.7,26.36,26.98,0.62,Europe,Quốc Gia
Albania,ALB,2046,2328949,2422292,93343,4.01,26.58,27.55,0.97,Europe,Quốc Gia
Albania,ALB,2047,2306872,2406344,99472,4.31,26.82,28.12,1.3,Europe,Quốc Gia
Albania,ALB,2048,2284843,2390396,105553,4.62,27.11,28.71,1.6,Europe,Quốc Gia
Albania,ALB,2049,2262551,2374448,111897,4.95,27.45,29.3,1.85,Europe,Quốc Gia
Albania,ALB,2050,2240170,2358500,118330,5.28,27.85,29.89,2.04,Europe,Quốc Gia
Algeria,DZA,2027,48593413,48092325,-501088,-1.03,7.3,6.38,-0.92,Africa,Quốc Gia
Algeria,DZA,2028,49135526,48737761,-397765,-0.81,7.57,6.43,-1.14,Africa,Quốc Gia
Algeria,DZA,2029,49655380,49383198,-272182,-0.55,7.86,6.48,-1.38,Africa,Quốc Gia
Algeria,DZA,2030,50154160,50028635,-125525,-0.25,8.17,6.53,-1.64,Africa,Quốc Gia
Algeria,DZA,2031,50637360,50674071,36711,0.07,8.5,6.58,-1.92,Africa,Quốc Gia
Algeria,DZA,2032,51113499,51319508,206009,0.4,8.84,6.62,-2.22,Africa,Quốc Gia
Algeria,DZA,2033,51584243,51964944,380701,0.74,9.19,6.67,-2.52,Africa,Quốc Gia
Algeria,DZA,2034,52048003,52610381,562378,1.08,9.54,6.71,-2.83,Africa,Quốc Gia
Algeria,DZA,2035,52516788,53255817,739029,1.41,9.9,6.76,-3.14,Africa,Quốc Gia
Algeria,DZA,2036,52986270,53901254,914984,1.73,10.27,6.8,-3.47,Africa,Quốc Gia
Algeria,DZA,2037,53452782,54546690,1093908,2.05,10.63,6.84,-3.79,Africa,Quốc Gia
Algeria,DZA,2038,53921841,55192127,1270286,2.36,11.0,6.88,-4.12,Africa,Quốc Gia
Algeria,DZA,2039,54396257,55837563,1441306,2.65,11.37,6.92,-4.45,Africa,Quốc Gia
Algeria,DZA,2040,54873474,56483000,1609526,2.93,11.74,6.96,-4.78,Africa,Quốc Gia
Algeria,DZA,2041,55351989,57128436,1776447,3.21,12.13,7.0,-5.13,Africa,Quốc Gia
Algeria,DZA,2042,55834547,57773873,1939326,3.47,12.53,7.03,-5.5,Africa,Quốc Gia
Algeria,DZA,2043,56319599,58419310,2099711,3.73,12.95,7.07,-5.88,Africa,Quốc Gia
Algeria,DZA,2044,56806178,59064746,2258568,3.98,13.39,7.1,-6.29,Africa,Quốc Gia
Algeria,DZA,2045,57290154,59710183,2420029,4.22,13.85,7.14,-6.71,Africa,Quốc Gia
Algeria,DZA,2046,57767674,60355619,2587945,4.48,14.31,7.17,-7.14,Africa,Quốc Gia
Algeria,DZA,2047,58234176,61001056,2766880,4.75,14.79,7.2,-7.59,Africa,Quốc Gia
Algeria,DZA,2048,58690886,61646492,2955606,5.04,15.26,7.24,-8.02,Africa,Quốc Gia
Algeria,DZA,2049,59136158,62291929,3155771,5.34,15.72,7.27,-8.45,Africa,Quốc Gia
Algeria,DZA,2050,59565550,62937365,3371815,5.66,16.17,7.3,-8.87,Africa,Quốc Gia
American Samoa,ASM,2027,44677,48430,3753,8.4,9.59,7.64,-1.95,Oceania,Quốc Gia
American Samoa,ASM,2028,44082,48157,4075,9.24,10.16,7.83,-2.33,Oceania,Quốc Gia
American Samoa,ASM,2029,43511,47883,4372,10.05,10.75,8.02,-2.73,Oceania,Quốc Gia
American Samoa,ASM,2030,42981,47610,4629,10.77,11.38,8.21,-3.17,Oceania,Quốc Gia
American Samoa,ASM,2031,42499,47336,4837,11.38,12.01,8.4,-3.61,Oceania,Quốc Gia
American Samoa,ASM,2032,42045,47063,5018,11.93,12.62,8.6,-4.02,Oceania,Quốc Gia
American Samoa,ASM,2033,41617,46789,5172,12.43,13.23,8.79,-4.44,Oceania,Quốc Gia
American Samoa,ASM,2034,41230,46516,5286,12.82,13.85,8.99,-4.86,Oceania,Quốc Gia
American Samoa,ASM,2035,40863,46242,5379,13.16,14.41,9.19,-5.22,Oceania,Quốc Gia
American Samoa,ASM,2036,40530,45969,5439,13.42,14.94,9.4,-5.54,Oceania,Quốc Gia
American Samoa,ASM,2037,40228,45695,5467,13.59,15.44,9.6,-5.84,Oceania,Quốc Gia
American Samoa,ASM,2038,39947,45422,5475,13.71,15.91,9.81,-6.1,Oceania,Quốc Gia
American Samoa,ASM,2039,39677,45148,5471,13.79,16.34,10.03,-6.31,Oceania,Quốc Gia
American Samoa,ASM,2040,39407,44875,5468,13.88,16.78,10.24,-6.54,Oceania,Quốc Gia
American Samoa,ASM,2041,39170,44601,5431,13.87,17.2,10.46,-6.74,Oceania,Quốc Gia
American Samoa,ASM,2042,38957,44328,5371,13.79,17.58,10.68,-6.9,Oceania,Quốc Gia
American Samoa,ASM,2043,38761,44054,5293,13.66,17.9,10.9,-7.0,Oceania,Quốc Gia
American Samoa,ASM,2044,38572,43781,5209,13.5,18.2,11.12,-7.08,Oceania,Quốc Gia
American Samoa,ASM,2045,38393,43507,5114,13.32,18.43,11.35,-7.08,Oceania,Quốc Gia
American Samoa,ASM,2046,38231,43234,5003,13.09,18.6,11.58,-7.02,Oceania,Quốc Gia
American Samoa,ASM,2047,38050,42961,4911,12.91,18.7,11.82,-6.88,Oceania,Quốc Gia
American Samoa,ASM,2048,37890,42687,4797,12.66,18.77,12.05,-6.72,Oceania,Quốc Gia
American Samoa,ASM,2049,37726,42414,4688,12.43,18.81,12.29,-6.52,Oceania,Quốc Gia
American Samoa,ASM,2050,37570,42140,4570,12.16,18.82,12.54,-6.28,Oceania,Quốc Gia
Andorra,AND,2027,84481,83360,-1121,-1.33,17.93,15.33,-2.6,Europe,Quốc Gia
Andorra,AND,2028,84973,83886,-1087,-1.28,18.75,15.45,-3.3,Europe,Quốc Gia
Andorra,AND,2029,85365,84412,-953,-1.12,19.58,15.56,-4.02,Europe,Quốc Gia
Andorra,AND,2030,85693,84937,-756,-0.88,20.43,15.68,-4.75,Europe,Quốc Gia
Andorra,AND,2031,85902,85463,-439,-0.51,21.32,15.79,-5.53,Europe,Quốc Gia
Andorra,AND,2032,86001,85989,-12,-0.01,22.19,15.91,-6.28,Europe,Quốc Gia
Andorra,AND,2033,86075,86515,440,0.51,23.14,16.02,-7.12,Europe,Quốc Gia
Andorra,AND,2034,86122,87040,918,1.07,24.04,16.13,-7.91,Europe,Quốc Gia
Andorra,AND,2035,86188,87566,1378,1.6,24.88,16.23,-8.65,Europe,Quốc Gia
Andorra,AND,2036,86134,88092,1958,2.27,25.74,16.34,-9.4,Europe,Quốc Gia
Andorra,AND,2037,86026,88617,2591,3.01,26.7,16.45,-10.25,Europe,Quốc Gia
Andorra,AND,2038,85957,89143,3186,3.71,27.69,16.55,-11.14,Europe,Quốc Gia
Andorra,AND,2039,85858,89669,3811,4.44,28.63,16.65,-11.98,Europe,Quốc Gia
Andorra,AND,2040,85684,90194,4510,5.26,29.57,16.76,-12.81,Europe,Quốc Gia
Andorra,AND,2041,85489,90720,5231,6.12,30.46,16.86,-13.6,Europe,Quốc Gia
Andorra,AND,2042,85299,91246,5947,6.97,31.31,16.96,-14.35,Europe,Quốc Gia
Andorra,AND,2043,85032,91772,6740,7.93,32.14,17.06,-15.08,Europe,Quốc Gia
Andorra,AND,2044,84694,92297,7603,8.98,32.91,17.15,-15.76,Europe,Quốc Gia
Andorra,AND,2045,84304,92823,8519,10.11,33.63,17.25,-16.38,Europe,Quốc Gia
Andorra,AND,2046,83935,93349,9414,11.22,34.31,17.34,-16.97,Europe,Quốc Gia
Andorra,AND,2047,83529,93874,10345,12.38,35.02,17.44,-17.58,Europe,Quốc Gia
Andorra,AND,2048,83111,94400,11289,13.58,35.62,17.53,-18.09,Europe,Quốc Gia
Andorra,AND,2049,82659,94926,12267,14.84,36.11,17.62,-18.49,Europe,Quốc Gia
Andorra,AND,2050,82213,95452,13239,16.1,36.51,17.71,-18.8,Europe,Quốc Gia
Angola,AGO,2027,41415124,39140144,-2274980,-5.49,2.98,2.81,-0.17,Africa,Quốc Gia
Angola,AGO,2028,42641683,39994600,-2647083,-6.21,3.03,2.81,-0.22,Africa,Quốc Gia
Angola,AGO,2029,43891852,40849056,-3042796,-6.93,3.07,2.82,-0.25,Africa,Quốc Gia
Angola,AGO,2030,45160457,41703512,-3456945,-7.65,3.11,2.82,-0.29,Africa,Quốc Gia
Angola,AGO,2031,46449968,42557968,-3892000,-8.38,3.15,2.82,-0.33,Africa,Quốc Gia
Angola,AGO,2032,47759511,43412424,-4347087,-9.1,3.19,2.82,-0.37,Africa,Quốc Gia
Angola,AGO,2033,49091477,44266880,-4824597,-9.83,3.22,2.83,-0.39,Africa,Quốc Gia
Angola,AGO,2034,50447456,45121336,-5326120,-10.56,3.26,2.83,-0.43,Africa,Quốc Gia
Angola,AGO,2035,51821718,45975792,-5845926,-11.28,3.3,2.83,-0.47,Africa,Quốc Gia
Angola,AGO,2036,53215943,46830248,-6385695,-12.0,3.34,2.83,-0.51,Africa,Quốc Gia
Angola,AGO,2037,54625866,47684704,-6941162,-12.71,3.37,2.84,-0.53,Africa,Quốc Gia
Angola,AGO,2038,56053784,48539160,-7514624,-13.41,3.4,2.84,-0.56,Africa,Quốc Gia
Angola,AGO,2039,57501914,49393616,-8108298,-14.1,3.43,2.84,-0.59,Africa,Quốc Gia
Angola,AGO,2040,58965326,50248072,-8717254,-14.78,3.47,2.84,-0.63,Africa,Quốc Gia
Angola,AGO,2041,60441185,51102528,-9338657,-15.45,3.51,2.84,-0.67,Africa,Quốc Gia
Angola,AGO,2042,61927907,51956984,-9970923,-16.1,3.55,2.85,-0.7,Africa,Quốc Gia
Angola,AGO,2043,63430881,52811440,-10619441,-16.74,3.6,2.85,-0.75,Africa,Quốc Gia
Angola,AGO,2044,64945301,53665896,-11279405,-17.37,3.65,2.85,-0.8,Africa,Quốc Gia
Angola,AGO,2045,66464328,54520352,-11943976,-17.97,3.7,2.85,-0.85,Africa,Quốc Gia
Angola,AGO,2046,68000596,55374808,-12625788,-18.57,3.76,2.85,-0.91,Africa,Quốc Gia
Angola,AGO,2047,69554166,56229264,-13324902,-19.16,3.82,2.85,-0.97,Africa,Quốc Gia
Angola,AGO,2048,71118785,57083720,-14035065,-19.73,3.88,2.85,-1.03,Africa,Quốc Gia
Angola,AGO,2049,72701389,57938176,-14763213,-20.31,3.95,2.86,-1.09,Africa,Quốc Gia
Angola,AGO,2050,74295397,58792632,-15502765,-20.87,4.02,2.86,-1.16,Africa,Quốc Gia
Anguilla,AIA,2027,14899,15744,845,5.67,14.05,11.14,-2.91,North America,Quốc Gia
Anguilla,AIA,2028,14939,15912,973,6.51,14.65,11.25,-3.4,North America,Quốc Gia
Anguilla,AIA,2029,14973,16080,1107,7.39,15.31,11.37,-3.94,North America,Quốc Gia
Anguilla,AIA,2030,15000,16249,1249,8.33,16.03,11.48,-4.55,North America,Quốc Gia
Anguilla,AIA,2031,15026,16417,1391,9.26,16.78,11.58,-5.2,North America,Quốc Gia
Anguilla,AIA,2032,15053,16585,1532,10.18,17.54,11.69,-5.85,North America,Quốc Gia
Anguilla,AIA,2033,15072,16754,1682,11.16,18.24,11.79,-6.45,North America,Quốc Gia
Anguilla,AIA,2034,15084,16922,1838,12.19,18.93,11.9,-7.03,North America,Quốc Gia
Anguilla,AIA,2035,15106,17091,1985,13.14,19.65,12.0,-7.65,North America,Quốc Gia
Anguilla,AIA,2036,15110,17259,2149,14.22,20.35,12.09,-8.26,North America,Quốc Gia
Anguilla,AIA,2037,15099,17427,2328,15.42,21.03,12.19,-8.84,North America,Quốc Gia
Anguilla,AIA,2038,15080,17596,2516,16.68,21.74,12.29,-9.45,North America,Quốc Gia
Anguilla,AIA,2039,15058,17764,2706,17.97,22.42,12.38,-10.04,North America,Quốc Gia
Anguilla,AIA,2040,15039,17932,2893,19.24,23.05,12.47,-10.58,North America,Quốc Gia
Anguilla,AIA,2041,15028,18101,3073,20.45,23.63,12.56,-11.07,North America,Quốc Gia
Anguilla,AIA,2042,15017,18269,3252,21.66,24.1,12.65,-11.45,North America,Quốc Gia
Anguilla,AIA,2043,14999,18437,3438,22.92,24.51,12.73,-11.78,North America,Quốc Gia
Anguilla,AIA,2044,14965,18606,3641,24.33,24.95,12.82,-12.13,North America,Quốc Gia
Anguilla,AIA,2045,14914,18774,3860,25.88,25.42,12.9,-12.52,North America,Quốc Gia
Anguilla,AIA,2046,14862,18943,4081,27.46,25.94,12.98,-12.96,North America,Quốc Gia
Anguilla,AIA,2047,14788,19111,4323,29.23,26.53,13.06,-13.47,North America,Quốc Gia
Anguilla,AIA,2048,14710,19279,4569,31.06,27.18,13.14,-14.04,North America,Quốc Gia
Anguilla,AIA,2049,14647,19448,4801,32.78,27.79,13.22,-14.57,North America,Quốc Gia
Anguilla,AIA,2050,14572,19616,5044,34.61,28.35,13.29,-15.06,North America,Quốc Gia
Antigua and Barbuda,ATG,2027,95019,98297,3278,3.45,13.43,10.56,-2.87,North America,Quốc Gia
Antigua and Barbuda,ATG,2028,95379,99165,3786,3.97,14.01,10.66,-3.35,North America,Quốc Gia
Antigua and Barbuda,ATG,2029,95720,100034,4314,4.51,14.63,10.75,-3.88,North America,Quốc Gia
Antigua and Barbuda,ATG,2030,96007,100902,4895,5.1,15.31,10.85,-4.46,North America,Quốc Gia
Antigua and Barbuda,ATG,2031,96263,101770,5507,5.72,15.96,10.94,-5.02,North America,Quốc Gia
Antigua and Barbuda,ATG,2032,96485,102638,6153,6.38,16.59,11.03,-5.56,North America,Quốc Gia
Antigua and Barbuda,ATG,2033,96691,103507,6816,7.05,17.19,11.13,-6.06,North America,Quốc Gia
Antigua and Barbuda,ATG,2034,96870,104375,7505,7.75,17.78,11.21,-6.57,North America,Quốc Gia
Antigua and Barbuda,ATG,2035,97021,105243,8222,8.47,18.37,11.3,-7.07,North America,Quốc Gia
Antigua and Barbuda,ATG,2036,97120,106111,8991,9.26,18.95,11.39,-7.56,North America,Quốc Gia
Antigua and Barbuda,ATG,2037,97170,106980,9810,10.1,19.48,11.47,-8.01,North America,Quốc Gia
Antigua and Barbuda,ATG,2038,97191,107848,10657,10.97,19.91,11.56,-8.35,North America,Quốc Gia
Antigua and Barbuda,ATG,2039,97184,108716,11532,11.87,20.3,11.64,-8.66,North America,Quốc Gia
Antigua and Barbuda,ATG,2040,97143,109584,12441,12.81,20.72,11.72,-9.0,North America,Quốc Gia
Antigua and Barbuda,ATG,2041,97059,110453,13394,13.8,21.13,11.8,-9.33,North America,Quốc Gia
Antigua and Barbuda,ATG,2042,96951,111321,14370,14.82,21.54,11.88,-9.66,North America,Quốc Gia
Antigua and Barbuda,ATG,2043,96803,112189,15386,15.89,21.88,11.95,-9.93,North America,Quốc Gia
Antigua and Barbuda,ATG,2044,96629,113057,16428,17.0,22.22,12.03,-10.19,North America,Quốc Gia
Antigua and Barbuda,ATG,2045,96423,113926,17503,18.15,22.57,12.11,-10.46,North America,Quốc Gia
Antigua and Barbuda,ATG,2046,96202,114794,18592,19.33,22.91,12.18,-10.73,North America,Quốc Gia
Antigua and Barbuda,ATG,2047,95952,115662,19710,20.54,23.26,12.25,-11.01,North America,Quốc Gia
Antigua and Barbuda,ATG,2048,95681,116530,20849,21.79,23.62,12.32,-11.3,North America,Quốc Gia
Antigua and Barbuda,ATG,2049,95390,117399,22009,23.07,23.99,12.39,-11.6,North America,Quốc Gia
Antigua and Barbuda,ATG,2050,95062,118267,23205,24.41,24.38,12.46,-11.92,North America,Quốc Gia
Argentina,ARG,2027,46153343,47504686,1351343,2.93,13.05,12.32,-0.73,South America,Quốc Gia
Argentina,ARG,2028,46299942,47882609,1582667,3.42,13.26,12.4,-0.86,South America,Quốc Gia
Argentina,ARG,2029,46443768,48260533,1816765,3.91,13.47,12.48,-0.99,South America,Quốc Gia
Argentina,ARG,2030,46585024,48638456,2053432,4.41,13.66,12.56,-1.1,South America,Quốc Gia
Argentina,ARG,2031,46723737,49016379,2292642,4.91,13.85,12.64,-1.21,South America,Quốc Gia
Argentina,ARG,2032,46859876,49394303,2534427,5.41,14.03,12.71,-1.32,South America,Quốc Gia
Argentina,ARG,2033,46993523,49772226,2778703,5.91,14.22,12.79,-1.43,South America,Quốc Gia
Argentina,ARG,2034,47124538,50150150,3025612,6.42,14.43,12.86,-1.57,South America,Quốc Gia
Argentina,ARG,2035,47251991,50528073,3276082,6.93,14.65,12.93,-1.72,South America,Quốc Gia
Argentina,ARG,2036,47375357,50905996,3530639,7.45,14.88,13.0,-1.88,South America,Quốc Gia
Argentina,ARG,2037,47494513,51283920,3789407,7.98,15.14,13.07,-2.07,South America,Quốc Gia
Argentina,ARG,2038,47608786,51661843,4053057,8.51,15.41,13.14,-2.27,South America,Quốc Gia
Argentina,ARG,2039,47716828,52039767,4322939,9.06,15.72,13.21,-2.51,South America,Quốc Gia
Argentina,ARG,2040,47817642,52417690,4600048,9.62,16.04,13.28,-2.76,South America,Quốc Gia
Argentina,ARG,2041,47910485,52795614,4885129,10.2,16.39,13.34,-3.05,South America,Quốc Gia
Argentina,ARG,2042,47994507,53173537,5179030,10.79,16.77,13.41,-3.36,South America,Quốc Gia
Argentina,ARG,2043,48069553,53551460,5481907,11.4,17.16,13.47,-3.69,South America,Quốc Gia
Argentina,ARG,2044,48135523,53929384,5793861,12.04,17.56,13.54,-4.02,South America,Quốc Gia
Argentina,ARG,2045,48191837,54307307,6115470,12.69,17.97,13.6,-4.37,South America,Quốc Gia
Argentina,ARG,2046,48237673,54685231,6447558,13.37,18.36,13.66,-4.7,South America,Quốc Gia
Argentina,ARG,2047,48272486,55063154,6790668,14.07,18.76,13.72,-5.04,South America,Quốc Gia
Argentina,ARG,2048,48296028,55441077,7145049,14.79,19.14,13.78,-5.36,South America,Quốc Gia
Argentina,ARG,2049,48308269,55819001,7510732,15.55,19.53,13.84,-5.69,South America,Quốc Gia
Argentina,ARG,2050,48308945,56196924,7887979,16.33,19.91,13.9,-6.01,South America,Quốc Gia
Armenia,ARM,2027,2910495,2812161,-98334,-3.38,15.87,14.22,-1.65,Asia,Quốc Gia
Armenia,ARM,2028,2890806,2800380,-90426,-3.13,16.49,14.43,-2.06,Asia,Quốc Gia
Armenia,ARM,2029,2871007,2788599,-82408,-2.87,17.05,14.65,-2.4,Asia,Quốc Gia
Armenia,ARM,2030,2851289,2776818,-74471,-2.61,17.53,14.87,-2.66,Asia,Quốc Gia
Armenia,ARM,2031,2831831,2765037,-66794,-2.36,17.94,15.09,-2.85,Asia,Quốc Gia
Armenia,ARM,2032,2812793,2753256,-59537,-2.12,18.29,15.32,-2.97,Asia,Quốc Gia
Armenia,ARM,2033,2794036,2741475,-52561,-1.88,18.59,15.54,-3.05,Asia,Quốc Gia
Armenia,ARM,2034,2775356,2729694,-45662,-1.65,18.86,15.77,-3.09,Asia,Quốc Gia
Armenia,ARM,2035,2756733,2717913,-38820,-1.41,19.1,16.0,-3.1,Asia,Quốc Gia
Armenia,ARM,2036,2738173,2706132,-32041,-1.17,19.33,16.23,-3.1,Asia,Quốc Gia
Armenia,ARM,2037,2719939,2694351,-25588,-0.94,19.53,16.46,-3.07,Asia,Quốc Gia
Armenia,ARM,2038,2701969,2682570,-19399,-0.72,19.72,16.7,-3.02,Asia,Quốc Gia
Armenia,ARM,2039,2683821,2670789,-13032,-0.49,19.9,16.93,-2.97,Asia,Quốc Gia
Armenia,ARM,2040,2665529,2659008,-6521,-0.24,20.09,17.17,-2.92,Asia,Quốc Gia
Armenia,ARM,2041,2647719,2647227,-492,-0.02,20.31,17.41,-2.9,Asia,Quốc Gia
Armenia,ARM,2042,2630121,2635446,5325,0.2,20.56,17.66,-2.9,Asia,Quốc Gia
Armenia,ARM,2043,2612704,2623665,10961,0.42,20.84,17.9,-2.94,Asia,Quốc Gia
Armenia,ARM,2044,2595826,2611884,16058,0.62,21.17,18.15,-3.02,Asia,Quốc Gia
Armenia,ARM,2045,2579225,2600103,20878,0.81,21.54,18.4,-3.14,Asia,Quốc Gia
Armenia,ARM,2046,2562512,2588322,25810,1.01,21.96,18.66,-3.3,Asia,Quốc Gia
Armenia,ARM,2047,2545698,2576541,30843,1.21,22.4,18.91,-3.49,Asia,Quốc Gia
Armenia,ARM,2048,2528842,2564760,35918,1.42,22.88,19.17,-3.71,Asia,Quốc Gia
Armenia,ARM,2049,2511986,2552979,40993,1.63,23.39,19.43,-3.96,Asia,Quốc Gia
Armenia,ARM,2050,2495200,2541198,45998,1.84,23.93,19.69,-4.24,Asia,Quốc Gia
Aruba,ABW,2027,108152,114645,6493,6.0,19.18,16.32,-2.86,North America,Quốc Gia
Aruba,ABW,2028,108097,115666,7569,7.0,19.86,16.59,-3.27,North America,Quốc Gia
Aruba,ABW,2029,108000,116686,8686,8.04,20.53,16.86,-3.67,North America,Quốc Gia
Aruba,ABW,2030,107870,117707,9837,9.12,21.15,17.12,-4.03,North America,Quốc Gia
Aruba,ABW,2031,107689,118727,11038,10.25,21.73,17.37,-4.36,North America,Quốc Gia
Aruba,ABW,2032,107480,119747,12267,11.41,22.26,17.62,-4.64,North America,Quốc Gia
Aruba,ABW,2033,107250,120768,13518,12.6,22.74,17.87,-4.87,North America,Quốc Gia
Aruba,ABW,2034,106968,121788,14820,13.85,23.16,18.11,-5.05,North America,Quốc Gia
Aruba,ABW,2035,106686,122809,16123,15.11,23.53,18.35,-5.18,North America,Quốc Gia
Aruba,ABW,2036,106371,123829,17458,16.41,23.85,18.58,-5.27,North America,Quốc Gia
Aruba,ABW,2037,106040,124849,18809,17.74,24.12,18.81,-5.31,North America,Quốc Gia
Aruba,ABW,2038,105672,125870,20198,19.11,24.35,19.04,-5.31,North America,Quốc Gia
Aruba,ABW,2039,105293,126890,21597,20.51,24.54,19.26,-5.28,North America,Quốc Gia
Aruba,ABW,2040,104890,127911,23021,21.95,24.7,19.48,-5.22,North America,Quốc Gia
Aruba,ABW,2041,104493,128931,24438,23.39,24.82,19.7,-5.12,North America,Quốc Gia
Aruba,ABW,2042,104080,129951,25871,24.86,24.92,19.91,-5.01,North America,Quốc Gia
Aruba,ABW,2043,103657,130972,27315,26.35,25.0,20.12,-4.88,North America,Quốc Gia
Aruba,ABW,2044,103195,131992,28797,27.91,25.06,20.32,-4.74,North America,Quốc Gia
Aruba,ABW,2045,102710,133013,30303,29.5,25.11,20.53,-4.58,North America,Quốc Gia
Aruba,ABW,2046,102187,134033,31846,31.16,25.13,20.72,-4.41,North America,Quốc Gia
Aruba,ABW,2047,101654,135053,33399,32.86,25.15,20.92,-4.23,North America,Quốc Gia
Aruba,ABW,2048,101123,136074,34951,34.56,25.15,21.12,-4.03,North America,Quốc Gia
Aruba,ABW,2049,100574,137094,36520,36.31,25.15,21.31,-3.84,North America,Quốc Gia
Aruba,ABW,2050,100006,138115,38109,38.11,25.16,21.49,-3.67,North America,Quốc Gia
Australia,AUS,2027,27474269,27644770,170501,0.62,18.82,17.32,-1.5,Oceania,Quốc Gia
Australia,AUS,2028,27718849,27958008,239159,0.86,19.18,17.46,-1.72,Oceania,Quốc Gia
Australia,AUS,2029,27956570,28271245,314675,1.13,19.51,17.59,-1.92,Oceania,Quốc Gia
Australia,AUS,2030,28188539,28584483,395944,1.4,19.8,17.72,-2.08,Oceania,Quốc Gia
Australia,AUS,2031,28417797,28897720,479923,1.69,20.06,17.84,-2.22,Oceania,Quốc Gia
Australia,AUS,2032,28641916,29210958,569042,1.99,20.31,17.96,-2.35,Oceania,Quốc Gia
Australia,AUS,2033,28861608,29524195,662587,2.3,20.57,18.08,-2.49,Oceania,Quốc Gia
Australia,AUS,2034,29078997,29837432,758435,2.61,20.83,18.2,-2.63,Oceania,Quốc Gia
Australia,AUS,2035,29296170,30150670,854500,2.92,21.11,18.31,-2.8,Oceania,Quốc Gia
Australia,AUS,2036,29513614,30463907,950293,3.22,21.41,18.43,-2.98,Oceania,Quốc Gia
Australia,AUS,2037,29726633,30777145,1050512,3.53,21.69,18.54,-3.15,Oceania,Quốc Gia
Australia,AUS,2038,29938045,31090382,1152337,3.85,21.93,18.65,-3.28,Oceania,Quốc Gia
Australia,AUS,2039,30148424,31403620,1255196,4.16,22.12,18.75,-3.37,Oceania,Quốc Gia
Australia,AUS,2040,30357454,31716857,1359403,4.48,22.27,18.85,-3.42,Oceania,Quốc Gia
Australia,AUS,2041,30570274,32030094,1459820,4.78,22.4,18.96,-3.44,Oceania,Quốc Gia
Australia,AUS,2042,30786333,32343332,1556999,5.06,22.51,19.06,-3.45,Oceania,Quốc Gia
Australia,AUS,2043,31002217,32656569,1654352,5.34,22.62,19.15,-3.47,Oceania,Quốc Gia
Australia,AUS,2044,31216096,32969807,1753711,5.62,22.73,19.25,-3.48,Oceania,Quốc Gia
Australia,AUS,2045,31431129,33283044,1851915,5.89,22.86,19.34,-3.52,Oceania,Quốc Gia
Australia,AUS,2046,31650482,33596282,1945800,6.15,23.02,19.44,-3.58,Oceania,Quốc Gia
Australia,AUS,2047,31866218,33909519,2043301,6.41,23.2,19.53,-3.67,Oceania,Quốc Gia
Australia,AUS,2048,32081619,34222756,2141137,6.67,23.39,19.62,-3.77,Oceania,Quốc Gia
Australia,AUS,2049,32297181,34535994,2238813,6.93,23.6,19.7,-3.9,Oceania,Quốc Gia
Australia,AUS,2050,32506964,34849231,2342267,7.21,23.8,19.79,-4.01,Oceania,Quốc Gia
Austria,AUT,2027,9101492,9177946,76454,0.84,22.18,20.71,-1.47,Europe,Quốc Gia
Austria,AUT,2028,9096273,9220077,123804,1.36,22.79,20.87,-1.92,Europe,Quốc Gia
Austria,AUT,2029,9089766,9262209,172443,1.9,23.41,21.04,-2.37,Europe,Quốc Gia
Austria,AUT,2030,9080344,9304340,223996,2.47,24.03,21.2,-2.83,Europe,Quốc Gia
Austria,AUT,2031,9069085,9346472,277387,3.06,24.64,21.36,-3.28,Europe,Quốc Gia
Austria,AUT,2032,9056502,9388603,332101,3.67,25.24,21.52,-3.72,Europe,Quốc Gia
Austria,AUT,2033,9043483,9430734,387251,4.28,25.83,21.68,-4.15,Europe,Quốc Gia
Austria,AUT,2034,9029410,9472866,443456,4.91,26.4,21.84,-4.56,Europe,Quốc Gia
Austria,AUT,2035,9014206,9514997,500791,5.56,26.9,22.0,-4.9,Europe,Quốc Gia
Austria,AUT,2036,8999243,9557129,557886,6.2,27.33,22.15,-5.18,Europe,Quốc Gia
Austria,AUT,2037,8982694,9599260,616566,6.86,27.73,22.31,-5.42,Europe,Quốc Gia
Austria,AUT,2038,8966408,9641391,674983,7.53,28.06,22.46,-5.6,Europe,Quốc Gia
Austria,AUT,2039,8950784,9683523,732739,8.19,28.34,22.61,-5.73,Europe,Quốc Gia
Austria,AUT,2040,8934065,9725654,791589,8.86,28.6,22.76,-5.84,Europe,Quốc Gia
Austria,AUT,2041,8917554,9767785,850231,9.53,28.82,22.91,-5.91,Europe,Quốc Gia
Austria,AUT,2042,8900670,9809917,909247,10.22,29.01,23.05,-5.96,Europe,Quốc Gia
Austria,AUT,2043,8883179,9852048,968869,10.91,29.19,23.2,-5.99,Europe,Quốc Gia
Austria,AUT,2044,8864499,9894180,1029681,11.62,29.37,23.34,-6.03,Europe,Quốc Gia
Austria,AUT,2045,8844732,9936311,1091579,12.34,29.58,23.49,-6.09,Europe,Quốc Gia
Austria,AUT,2046,8824206,9978442,1154236,13.08,29.84,23.63,-6.21,Europe,Quốc Gia
Austria,AUT,2047,8801905,10020574,1218669,13.85,30.1,23.77,-6.33,Europe,Quốc Gia
Austria,AUT,2048,8777843,10062705,1284862,14.64,30.34,23.91,-6.43,Europe,Quốc Gia
Austria,AUT,2049,8751755,10104837,1353082,15.46,30.56,24.05,-6.51,Europe,Quốc Gia
Austria,AUT,2050,8724335,10146968,1422633,16.31,30.77,24.19,-6.58,Europe,Quốc Gia
Azerbaijan,AZE,2027,10509426,10765466,256040,2.44,10.35,7.82,-2.53,Asia,Quốc Gia
Azerbaijan,AZE,2028,10562599,10860647,298048,2.82,10.89,7.89,-3.0,Asia,Quốc Gia
Azerbaijan,AZE,2029,10614756,10955827,341071,3.21,11.42,7.96,-3.46,Asia,Quốc Gia
Azerbaijan,AZE,2030,10665383,11051007,385624,3.62,11.93,8.03,-3.9,Asia,Quốc Gia
Azerbaijan,AZE,2031,10714635,11146188,431553,4.03,12.39,8.09,-4.3,Asia,Quốc Gia
Azerbaijan,AZE,2032,10762931,11241368,478437,4.45,12.8,8.16,-4.64,Asia,Quốc Gia
Azerbaijan,AZE,2033,10809815,11336548,526733,4.87,13.19,8.22,-4.97,Asia,Quốc Gia
Azerbaijan,AZE,2034,10855009,11431728,576719,5.31,13.57,8.28,-5.29,Asia,Quốc Gia
Azerbaijan,AZE,2035,10898667,11526909,628242,5.76,13.94,8.34,-5.6,Asia,Quốc Gia
Azerbaijan,AZE,2036,10940352,11622089,681737,6.23,14.25,8.4,-5.85,Asia,Quốc Gia
Azerbaijan,AZE,2037,10979739,11717269,737530,6.72,14.48,8.46,-6.02,Asia,Quốc Gia
Azerbaijan,AZE,2038,11016357,11812450,796093,7.23,14.67,8.52,-6.15,Asia,Quốc Gia
Azerbaijan,AZE,2039,11050287,11907630,857343,7.76,14.85,8.58,-6.27,Asia,Quốc Gia
Azerbaijan,AZE,2040,11081342,12002810,921468,8.32,15.04,8.63,-6.41,Asia,Quốc Gia
Azerbaijan,AZE,2041,11108923,12097990,989067,8.9,15.25,8.69,-6.56,Asia,Quốc Gia
Azerbaijan,AZE,2042,11133346,12193171,1059825,9.52,15.46,8.74,-6.72,Asia,Quốc Gia
Azerbaijan,AZE,2043,11154829,12288351,1133522,10.16,15.67,8.8,-6.87,Asia,Quốc Gia
Azerbaijan,AZE,2044,11173133,12383531,1210398,10.83,15.92,8.85,-7.07,Asia,Quốc Gia
Azerbaijan,AZE,2045,11188805,12478712,1289907,11.53,16.25,8.9,-7.35,Asia,Quốc Gia
Azerbaijan,AZE,2046,11201690,12573892,1372202,12.25,16.59,8.96,-7.63,Asia,Quốc Gia
Azerbaijan,AZE,2047,11211754,12669072,1457318,13.0,16.91,9.01,-7.9,Asia,Quốc Gia
Azerbaijan,AZE,2048,11219462,12764252,1544790,13.77,17.26,9.06,-8.2,Asia,Quốc Gia
Azerbaijan,AZE,2049,11223545,12859433,1635888,14.58,17.66,9.11,-8.55,Asia,Quốc Gia
Azerbaijan,AZE,2050,11224921,12954613,1729692,15.41,18.12,9.15,-8.97,Asia,Quốc Gia
Bahamas,BHS,2027,406125,420365,14240,3.51,12.81,12.14,-0.67,North America,Quốc Gia
Bahamas,BHS,2028,407559,423878,16319,4.0,13.23,12.29,-0.94,North America,Quốc Gia
Bahamas,BHS,2029,408949,427392,18443,4.51,13.68,12.44,-1.24,North America,Quốc Gia
Bahamas,BHS,2030,410267,430905,20638,5.03,14.15,12.58,-1.57,North America,Quốc Gia
Bahamas,BHS,2031,411542,434419,22877,5.56,14.63,12.73,-1.9,North America,Quốc Gia
Bahamas,BHS,2032,412723,437932,25209,6.11,15.12,12.87,-2.25,North America,Quốc Gia
Bahamas,BHS,2033,413845,441446,27601,6.67,15.6,13.01,-2.59,North America,Quốc Gia
Bahamas,BHS,2034,414940,444959,30019,7.23,16.07,13.14,-2.93,North America,Quốc Gia
Bahamas,BHS,2035,415981,448473,32492,7.81,16.52,13.28,-3.24,North America,Quốc Gia
Bahamas,BHS,2036,416937,451986,35049,8.41,16.96,13.41,-3.55,North America,Quốc Gia
Bahamas,BHS,2037,417845,455500,37655,9.01,17.37,13.54,-3.83,North America,Quốc Gia
Bahamas,BHS,2038,418751,459013,40262,9.61,17.77,13.67,-4.1,North America,Quốc Gia
Bahamas,BHS,2039,419594,462527,42933,10.23,18.13,13.79,-4.34,North America,Quốc Gia
Bahamas,BHS,2040,420346,466040,45694,10.87,18.46,13.92,-4.54,North America,Quốc Gia
Bahamas,BHS,2041,421077,469554,48477,11.51,18.78,14.04,-4.74,North America,Quốc Gia
Bahamas,BHS,2042,421745,473067,51322,12.17,19.07,14.16,-4.91,North America,Quốc Gia
Bahamas,BHS,2043,422342,476581,54239,12.84,19.35,14.28,-5.07,North America,Quốc Gia
Bahamas,BHS,2044,422827,480094,57267,13.54,19.61,14.39,-5.22,North America,Quốc Gia
Bahamas,BHS,2045,423267,483608,60341,14.26,19.86,14.51,-5.35,North America,Quốc Gia
Bahamas,BHS,2046,423678,487121,63443,14.97,20.1,14.62,-5.48,North America,Quốc Gia
Bahamas,BHS,2047,423950,490635,66685,15.73,20.35,14.73,-5.62,North America,Quốc Gia
Bahamas,BHS,2048,424122,494148,70026,16.51,20.59,14.84,-5.75,North America,Quốc Gia
Bahamas,BHS,2049,424249,497662,73413,17.3,20.84,14.95,-5.89,North America,Quốc Gia
Bahamas,BHS,2050,424272,501175,76903,18.13,21.09,15.06,-6.03,North America,Quốc Gia
Bahrain,BHR,2027,1703184,1772299,69115,4.06,4.37,3.38,-0.99,Asia,Quốc Gia
Bahrain,BHR,2028,1726512,1810106,83594,4.84,4.56,3.4,-1.16,Asia,Quốc Gia
Bahrain,BHR,2029,1746859,1847913,101054,5.78,4.76,3.42,-1.34,Asia,Quốc Gia
Bahrain,BHR,2030,1765214,1885720,120506,6.83,4.97,3.44,-1.53,Asia,Quốc Gia
Bahrain,BHR,2031,1783166,1923527,140361,7.87,5.17,3.46,-1.71,Asia,Quốc Gia
Bahrain,BHR,2032,1801270,1961334,160064,8.89,5.36,3.48,-1.88,Asia,Quốc Gia
Bahrain,BHR,2033,1819530,1999141,179611,9.87,5.53,3.5,-2.03,Asia,Quốc Gia
Bahrain,BHR,2034,1837954,2036948,198994,10.83,5.69,3.51,-2.18,Asia,Quốc Gia
Bahrain,BHR,2035,1856538,2074755,218217,11.75,5.84,3.53,-2.31,Asia,Quốc Gia
Bahrain,BHR,2036,1875283,2112562,237279,12.65,5.98,3.55,-2.43,Asia,Quốc Gia
Bahrain,BHR,2037,1894143,2150369,256226,13.53,6.12,3.56,-2.56,Asia,Quốc Gia
Bahrain,BHR,2038,1913109,2188176,275067,14.38,6.27,3.58,-2.69,Asia,Quốc Gia
Bahrain,BHR,2039,1932138,2225983,293845,15.21,6.42,3.59,-2.83,Asia,Quốc Gia
Bahrain,BHR,2040,1951237,2263790,312553,16.02,6.58,3.61,-2.97,Asia,Quốc Gia
Bahrain,BHR,2041,1970374,2301597,331223,16.81,6.76,3.62,-3.14,Asia,Quốc Gia
Bahrain,BHR,2042,1989491,2339404,349913,17.59,6.93,3.64,-3.29,Asia,Quốc Gia
Bahrain,BHR,2043,2008563,2377210,368647,18.35,7.11,3.65,-3.46,Asia,Quốc Gia
Bahrain,BHR,2044,2027569,2415017,387448,19.11,7.29,3.66,-3.63,Asia,Quốc Gia
Bahrain,BHR,2045,2046477,2452824,406347,19.86,7.48,3.67,-3.81,Asia,Quốc Gia
Bahrain,BHR,2046,2065262,2490631,425369,20.6,7.67,3.68,-3.99,Asia,Quốc Gia
Bahrain,BHR,2047,2083944,2528438,444494,21.33,7.87,3.7,-4.17,Asia,Quốc Gia
Bahrain,BHR,2048,2102514,2566245,463731,22.06,8.08,3.71,-4.37,Asia,Quốc Gia
Bahrain,BHR,2049,2121014,2604052,483038,22.77,8.28,3.72,-4.56,Asia,Quốc Gia
Bahrain,BHR,2050,2139472,2641859,502387,23.48,8.47,3.73,-4.74,Asia,Quốc Gia
Bangladesh,BGD,2027,179930175,179404458,-525717,-0.29,7.01,6.31,-0.7,Asia,Quốc Gia
Bangladesh,BGD,2028,182014770,181083501,-931269,-0.51,7.19,6.38,-0.81,Asia,Quốc Gia
Bangladesh,BGD,2029,184064620,182762544,-1302076,-0.71,7.37,6.46,-0.91,Asia,Quốc Gia
Bangladesh,BGD,2030,186072401,184441587,-1630814,-0.88,7.56,6.54,-1.02,Asia,Quốc Gia
Bangladesh,BGD,2031,188025197,186120630,-1904567,-1.01,7.75,6.61,-1.14,Asia,Quốc Gia
Bangladesh,BGD,2032,189904570,187799674,-2104896,-1.11,7.95,6.69,-1.26,Asia,Quốc Gia
Bangladesh,BGD,2033,191717185,189478717,-2238468,-1.17,8.15,6.76,-1.39,Asia,Quốc Gia
Bangladesh,BGD,2034,193461166,191157760,-2303406,-1.19,8.37,6.83,-1.54,Asia,Quốc Gia
Bangladesh,BGD,2035,195130370,192836803,-2293567,-1.18,8.59,6.9,-1.69,Asia,Quốc Gia
Bangladesh,BGD,2036,196740579,194515846,-2224733,-1.13,8.82,6.97,-1.85,Asia,Quốc Gia
Bangladesh,BGD,2037,198288199,196194889,-2093310,-1.06,9.06,7.04,-2.02,Asia,Quốc Gia
Bangladesh,BGD,2038,199776954,197873932,-1903022,-0.95,9.31,7.11,-2.2,Asia,Quốc Gia
Bangladesh,BGD,2039,201208774,199552975,-1655799,-0.82,9.57,7.17,-2.4,Asia,Quốc Gia
Bangladesh,BGD,2040,202589427,201232018,-1357409,-0.67,9.83,7.24,-2.59,Asia,Quốc Gia
Bangladesh,BGD,2041,203939084,202911061,-1028023,-0.5,10.1,7.3,-2.8,Asia,Quốc Gia
Bangladesh,BGD,2042,205259489,204590104,-669385,-0.33,10.38,7.36,-3.02,Asia,Quốc Gia
Bangladesh,BGD,2043,206545481,206269148,-276333,-0.13,10.67,7.42,-3.25,Asia,Quốc Gia
Bangladesh,BGD,2044,207801053,207948191,147138,0.07,10.98,7.48,-3.5,Asia,Quốc Gia
Bangladesh,BGD,2045,209029596,209627234,597638,0.29,11.32,7.54,-3.78,Asia,Quốc Gia
Bangladesh,BGD,2046,210231187,211306277,1075090,0.51,11.7,7.6,-4.1,Asia,Quốc Gia
Bangladesh,BGD,2047,211402171,212985320,1583149,0.75,12.12,7.66,-4.46,Asia,Quốc Gia
Bangladesh,BGD,2048,212537929,214664363,2126434,1.0,12.59,7.72,-4.87,Asia,Quốc Gia
Bangladesh,BGD,2049,213638539,216343406,2704867,1.27,13.08,7.77,-5.31,Asia,Quốc Gia
Bangladesh,BGD,2050,214709097,218022449,3313352,1.54,13.58,7.83,-5.75,Asia,Quốc Gia
Barbados,BRB,2027,282789,286939,4150,1.47,18.12,15.92,-2.2,North America,Quốc Gia
Barbados,BRB,2028,282801,287751,4950,1.75,18.6,16.09,-2.51,North America,Quốc Gia
Barbados,BRB,2029,282699,288563,5864,2.07,19.07,16.26,-2.81,North America,Quốc Gia
Barbados,BRB,2030,282496,289375,6879,2.44,19.53,16.43,-3.1,North America,Quốc Gia
Barbados,BRB,2031,282212,290187,7975,2.83,19.95,16.6,-3.35,North America,Quốc Gia
Barbados,BRB,2032,281854,290999,9145,3.24,20.33,16.77,-3.56,North America,Quốc Gia
Barbados,BRB,2033,281411,291811,10400,3.7,20.67,16.94,-3.73,North America,Quốc Gia
Barbados,BRB,2034,280913,292624,11711,4.17,20.96,17.11,-3.85,North America,Quốc Gia
Barbados,BRB,2035,280353,293436,13083,4.67,21.27,17.27,-4.0,North America,Quốc Gia
Barbados,BRB,2036,279706,294248,14542,5.2,21.6,17.44,-4.16,North America,Quốc Gia
Barbados,BRB,2037,278971,295060,16089,5.77,21.95,17.6,-4.35,North America,Quốc Gia
Barbados,BRB,2038,278156,295872,17716,6.37,22.26,17.76,-4.5,North America,Quốc Gia
Barbados,BRB,2039,277285,296684,19399,7.0,22.53,17.93,-4.6,North America,Quốc Gia
Barbados,BRB,2040,276354,297496,21142,7.65,22.77,18.09,-4.68,North America,Quốc Gia
Barbados,BRB,2041,275360,298308,22948,8.33,22.96,18.25,-4.71,North America,Quốc Gia
Barbados,BRB,2042,274302,299120,24818,9.05,23.12,18.41,-4.71,North America,Quốc Gia
Barbados,BRB,2043,273154,299932,26778,9.8,23.26,18.57,-4.69,North America,Quốc Gia
Barbados,BRB,2044,271963,300744,28781,10.58,23.4,18.72,-4.68,North America,Quốc Gia
Barbados,BRB,2045,270782,301557,30775,11.37,23.52,18.88,-4.64,North America,Quốc Gia
Barbados,BRB,2046,269542,302369,32827,12.18,23.64,19.04,-4.6,North America,Quốc Gia
Barbados,BRB,2047,268233,303181,34948,13.03,23.82,19.19,-4.63,North America,Quốc Gia
Barbados,BRB,2048,266896,303993,37097,13.9,24.04,19.35,-4.69,North America,Quốc Gia
Barbados,BRB,2049,265557,304805,39248,14.78,24.25,19.5,-4.75,North America,Quốc Gia
Barbados,BRB,2050,264225,305617,41392,15.67,24.42,19.65,-4.77,North America,Quốc Gia
Belarus,BLR,2027,8875630,8992356,116726,1.32,19.45,17.15,-2.3,Europe,Quốc Gia
Belarus,BLR,2028,8813868,8956800,142932,1.62,19.96,17.31,-2.65,Europe,Quốc Gia
Belarus,BLR,2029,8751056,8921244,170188,1.94,20.41,17.47,-2.94,Europe,Quốc Gia
Belarus,BLR,2030,8687631,8885689,198058,2.28,20.81,17.63,-3.18,Europe,Quốc Gia
Belarus,BLR,2031,8624462,8850133,225671,2.62,21.15,17.8,-3.35,Europe,Quốc Gia
Belarus,BLR,2032,8561292,8814577,253285,2.96,21.46,17.96,-3.5,Europe,Quốc Gia
Belarus,BLR,2033,8497927,8779021,281094,3.31,21.75,18.13,-3.62,Europe,Quốc Gia
Belarus,BLR,2034,8434839,8743466,308627,3.66,22.02,18.3,-3.72,Europe,Quốc Gia
Belarus,BLR,2035,8372269,8707910,335641,4.01,22.29,18.47,-3.82,Europe,Quốc Gia
Belarus,BLR,2036,8310226,8672354,362128,4.36,22.59,18.64,-3.95,Europe,Quốc Gia
Belarus,BLR,2037,8248676,8636798,388122,4.71,22.88,18.81,-4.07,Europe,Quốc Gia
Belarus,BLR,2038,8187277,8601243,413966,5.06,23.16,18.98,-4.18,Europe,Quốc Gia
Belarus,BLR,2039,8125768,8565687,439919,5.41,23.42,19.16,-4.26,Europe,Quốc Gia
Belarus,BLR,2040,8064471,8530131,465660,5.77,23.69,19.34,-4.35,Europe,Quốc Gia
Belarus,BLR,2041,8003446,8494576,491130,6.14,23.96,19.51,-4.45,Europe,Quốc Gia
Belarus,BLR,2042,7943010,8459020,516010,6.5,24.24,19.69,-4.55,Europe,Quốc Gia
Belarus,BLR,2043,7883219,8423464,540245,6.85,24.52,19.88,-4.64,Europe,Quốc Gia
Belarus,BLR,2044,7823424,8387908,564484,7.22,24.82,20.06,-4.76,Europe,Quốc Gia
Belarus,BLR,2045,7763465,8352353,588888,7.59,25.15,20.24,-4.91,Europe,Quốc Gia
Belarus,BLR,2046,7703318,8316797,613479,7.96,25.51,20.43,-5.08,Europe,Quốc Gia
Belarus,BLR,2047,7642600,8281241,638641,8.36,25.89,20.62,-5.27,Europe,Quốc Gia
Belarus,BLR,2048,7580623,8245685,665062,8.77,26.37,20.8,-5.57,Europe,Quốc Gia
Belarus,BLR,2049,7517481,8210130,692649,9.21,26.92,20.99,-5.93,Europe,Quốc Gia
Belarus,BLR,2050,7453542,8174574,721032,9.67,27.46,21.19,-6.27,Europe,Quốc Gia
Belgium,BEL,2027,11788643,11925908,137265,1.16,21.77,20.2,-1.57,Europe,Quốc Gia
Belgium,BEL,2028,11801625,11985790,184165,1.56,22.21,20.32,-1.89,Europe,Quốc Gia
Belgium,BEL,2029,11813659,12045673,232014,1.96,22.67,20.44,-2.23,Europe,Quốc Gia
Belgium,BEL,2030,11824139,12105555,281416,2.38,23.11,20.56,-2.55,Europe,Quốc Gia
Belgium,BEL,2031,11833012,12165437,332425,2.81,23.53,20.68,-2.85,Europe,Quốc Gia
Belgium,BEL,2032,11841126,12225320,384194,3.24,23.9,20.8,-3.1,Europe,Quốc Gia
Belgium,BEL,2033,11849240,12285202,435962,3.68,24.25,20.91,-3.34,Europe,Quốc Gia
Belgium,BEL,2034,11856868,12345084,488216,4.12,24.59,21.03,-3.56,Europe,Quốc Gia
Belgium,BEL,2035,11863581,12404967,541386,4.56,24.93,21.14,-3.79,Europe,Quốc Gia
Belgium,BEL,2036,11869957,12464849,594892,5.01,25.26,21.25,-4.01,Europe,Quốc Gia
Belgium,BEL,2037,11876533,12524731,648198,5.46,25.56,21.36,-4.2,Europe,Quốc Gia
Belgium,BEL,2038,11882908,12584614,701706,5.91,25.82,21.47,-4.35,Europe,Quốc Gia
Belgium,BEL,2039,11888112,12644496,756384,6.36,26.03,21.58,-4.45,Europe,Quốc Gia
Belgium,BEL,2040,11892204,12704378,812174,6.83,26.21,21.69,-4.52,Europe,Quốc Gia
Belgium,BEL,2041,11895957,12764261,868304,7.3,26.37,21.8,-4.57,Europe,Quốc Gia
Belgium,BEL,2042,11898972,12824143,925171,7.78,26.53,21.9,-4.63,Europe,Quốc Gia
Belgium,BEL,2043,11900654,12884025,983371,8.26,26.7,22.01,-4.69,Europe,Quốc Gia
Belgium,BEL,2044,11901549,12943908,1042359,8.76,26.87,22.11,-4.76,Europe,Quốc Gia
Belgium,BEL,2045,11900982,13003790,1102808,9.27,27.05,22.22,-4.83,Europe,Quốc Gia
Belgium,BEL,2046,11898554,13063673,1165119,9.79,27.22,22.32,-4.9,Europe,Quốc Gia
Belgium,BEL,2047,11894557,13123555,1228998,10.33,27.38,22.42,-4.96,Europe,Quốc Gia
Belgium,BEL,2048,11888628,13183437,1294809,10.89,27.51,22.52,-4.99,Europe,Quốc Gia
Belgium,BEL,2049,11880653,13243320,1362667,11.47,27.62,22.62,-5.0,Europe,Quốc Gia
Belgium,BEL,2050,11870903,13303202,1432299,12.07,27.72,22.72,-5.0,Europe,Quốc Gia
Belize,BLZ,2027,434220,442735,8515,1.96,5.67,4.74,-0.93,North America,Quốc Gia
Belize,BLZ,2028,439595,450147,10552,2.4,5.91,4.76,-1.15,North America,Quốc Gia
Belize,BLZ,2029,444800,457558,12758,2.87,6.14,4.78,-1.36,North America,Quốc Gia
Belize,BLZ,2030,449852,464970,15118,3.36,6.38,4.8,-1.58,North America,Quốc Gia
Belize,BLZ,2031,454739,472381,17642,3.88,6.62,4.81,-1.81,North America,Quốc Gia
Belize,BLZ,2032,459525,479793,20268,4.41,6.87,4.83,-2.04,North America,Quốc Gia
Belize,BLZ,2033,464208,487205,22997,4.95,7.12,4.85,-2.27,North America,Quốc Gia
Belize,BLZ,2034,468784,494616,25832,5.51,7.38,4.87,-2.51,North America,Quốc Gia
Belize,BLZ,2035,473131,502028,28897,6.11,7.67,4.88,-2.79,North America,Quốc Gia
Belize,BLZ,2036,477238,509440,32202,6.75,7.97,4.9,-3.07,North America,Quốc Gia
Belize,BLZ,2037,481166,516851,35685,7.42,8.27,4.91,-3.36,North America,Quốc Gia
Belize,BLZ,2038,484885,524263,39378,8.12,8.58,4.93,-3.65,North America,Quốc Gia
Belize,BLZ,2039,488343,531674,43331,8.87,8.88,4.94,-3.94,North America,Quốc Gia
Belize,BLZ,2040,491601,539086,47485,9.66,9.19,4.95,-4.24,North America,Quốc Gia
Belize,BLZ,2041,494734,546498,51764,10.46,9.51,4.97,-4.54,North America,Quốc Gia
Belize,BLZ,2042,497703,553909,56206,11.29,9.83,4.98,-4.85,North America,Quốc Gia
Belize,BLZ,2043,500521,561321,60800,12.15,10.16,4.99,-5.17,North America,Quốc Gia
Belize,BLZ,2044,503180,568733,65553,13.03,10.5,5.01,-5.49,North America,Quốc Gia
Belize,BLZ,2045,505699,576144,70445,13.93,10.84,5.02,-5.82,North America,Quốc Gia
Belize,BLZ,2046,508124,583556,75432,14.85,11.21,5.03,-6.18,North America,Quốc Gia
Belize,BLZ,2047,510431,590967,80536,15.78,11.6,5.04,-6.56,North America,Quốc Gia
Belize,BLZ,2048,512664,598379,85715,16.72,12.01,5.05,-6.96,North America,Quốc Gia
Belize,BLZ,2049,514729,605791,91062,17.69,12.43,5.06,-7.37,North America,Quốc Gia
Belize,BLZ,2050,516628,613202,96574,18.69,12.87,5.07,-7.8,North America,Quốc Gia
Benin,BEN,2027,15529418,15016497,-512921,-3.3,3.24,3.05,-0.19,Africa,Quốc Gia
Benin,BEN,2028,15890287,15305605,-584682,-3.68,3.29,3.05,-0.24,Africa,Quốc Gia
Benin,BEN,2029,16253925,15594713,-659212,-4.06,3.34,3.05,-0.29,Africa,Quốc Gia
Benin,BEN,2030,16618825,15883822,-735003,-4.42,3.4,3.05,-0.35,Africa,Quốc Gia
Benin,BEN,2031,16985936,16172930,-813006,-4.79,3.45,3.05,-0.4,Africa,Quốc Gia
Benin,BEN,2032,17357066,16462038,-895028,-5.16,3.51,3.05,-0.46,Africa,Quốc Gia
Benin,BEN,2033,17731445,16751146,-980299,-5.53,3.57,3.05,-0.52,Africa,Quốc Gia
Benin,BEN,2034,18109919,17040255,-1069664,-5.91,3.62,3.04,-0.58,Africa,Quốc Gia
Benin,BEN,2035,18492632,17329363,-1163269,-6.29,3.68,3.04,-0.64,Africa,Quốc Gia
Benin,BEN,2036,18878047,17618471,-1259576,-6.67,3.74,3.04,-0.7,Africa,Quốc Gia
Benin,BEN,2037,19264502,17907579,-1356923,-7.04,3.8,3.04,-0.76,Africa,Quốc Gia
Benin,BEN,2038,19655283,18196688,-1458595,-7.42,3.86,3.04,-0.82,Africa,Quốc Gia
Benin,BEN,2039,20049970,18485796,-1564174,-7.8,3.92,3.04,-0.88,Africa,Quốc Gia
Benin,BEN,2040,20445762,18774904,-1670858,-8.17,3.98,3.04,-0.94,Africa,Quốc Gia
Benin,BEN,2041,20843266,19064012,-1779254,-8.54,4.04,3.04,-1.0,Africa,Quốc Gia
Benin,BEN,2042,21242980,19353121,-1889859,-8.9,4.11,3.03,-1.08,Africa,Quốc Gia
Benin,BEN,2043,21643645,19642229,-2001416,-9.25,4.17,3.03,-1.14,Africa,Quốc Gia
Benin,BEN,2044,22042577,19931337,-2111240,-9.58,4.24,3.03,-1.21,Africa,Quốc Gia
Benin,BEN,2045,22443649,20220445,-2223204,-9.91,4.32,3.03,-1.29,Africa,Quốc Gia
Benin,BEN,2046,22846195,20509554,-2336641,-10.23,4.41,3.03,-1.38,Africa,Quốc Gia
Benin,BEN,2047,23245144,20798662,-2446482,-10.52,4.5,3.03,-1.47,Africa,Quốc Gia
Benin,BEN,2048,23642195,21087770,-2554425,-10.8,4.59,3.03,-1.56,Africa,Quốc Gia
Benin,BEN,2049,24038610,21376878,-2661732,-11.07,4.69,3.03,-1.66,Africa,Quốc Gia
Benin,BEN,2050,24433814,21665987,-2767827,-11.33,4.79,3.03,-1.76,Africa,Quốc Gia
Bermuda,BMU,2027,64362,65512,1150,1.79,24.25,21.49,-2.76,North America,Quốc Gia
Bermuda,BMU,2028,64219,65666,1447,2.25,25.09,21.86,-3.23,North America,Quốc Gia
Bermuda,BMU,2029,64067,65819,1752,2.73,25.94,22.23,-3.71,North America,Quốc Gia
Bermuda,BMU,2030,63891,65972,2081,3.26,26.68,22.6,-4.08,North America,Quốc Gia
Bermuda,BMU,2031,63705,66126,2421,3.8,27.36,22.97,-4.39,North America,Quốc Gia
Bermuda,BMU,2032,63507,66279,2772,4.36,27.98,23.34,-4.64,North America,Quốc Gia
Bermuda,BMU,2033,63297,66433,3136,4.95,28.56,23.7,-4.86,North America,Quốc Gia
Bermuda,BMU,2034,63065,66586,3521,5.58,29.1,24.07,-5.03,North America,Quốc Gia
Bermuda,BMU,2035,62801,66739,3938,6.27,29.7,24.43,-5.27,North America,Quốc Gia
Bermuda,BMU,2036,62523,66893,4370,6.99,30.35,24.79,-5.56,North America,Quốc Gia
Bermuda,BMU,2037,62227,67046,4819,7.74,30.95,25.14,-5.81,North America,Quốc Gia
Bermuda,BMU,2038,61912,67200,5288,8.54,31.47,25.5,-5.97,North America,Quốc Gia
Bermuda,BMU,2039,61580,67353,5773,9.37,31.92,25.86,-6.06,North America,Quốc Gia
Bermuda,BMU,2040,61235,67506,6271,10.24,32.33,26.21,-6.12,North America,Quốc Gia
Bermuda,BMU,2041,60885,67660,6775,11.13,32.77,26.56,-6.21,North America,Quốc Gia
Bermuda,BMU,2042,60503,67813,7310,12.08,33.18,26.91,-6.27,North America,Quốc Gia
Bermuda,BMU,2043,60107,67967,7860,13.08,33.54,27.26,-6.28,North America,Quốc Gia
Bermuda,BMU,2044,59702,68120,8418,14.1,33.87,27.61,-6.26,North America,Quốc Gia
Bermuda,BMU,2045,59282,68274,8992,15.17,34.22,27.95,-6.27,North America,Quốc Gia
Bermuda,BMU,2046,58851,68427,9576,16.27,34.59,28.29,-6.3,North America,Quốc Gia
Bermuda,BMU,2047,58397,68580,10183,17.44,34.95,28.64,-6.31,North America,Quốc Gia
Bermuda,BMU,2048,57933,68734,10801,18.64,35.33,28.98,-6.35,North America,Quốc Gia
Bermuda,BMU,2049,57453,68887,11434,19.9,35.66,29.32,-6.34,North America,Quốc Gia
Bermuda,BMU,2050,56957,69041,12084,21.22,35.91,29.65,-6.26,North America,Quốc Gia
Bhutan,BTN,2027,807272,831857,24585,3.05,6.92,6.67,-0.25,Asia,Quốc Gia
Bhutan,BTN,2028,811843,840271,28428,3.5,7.09,6.74,-0.35,Asia,Quốc Gia
Bhutan,BTN,2029,816272,848684,32412,3.97,7.27,6.81,-0.46,Asia,Quốc Gia
Bhutan,BTN,2030,820698,857097,36399,4.44,7.48,6.88,-0.6,Asia,Quốc Gia
Bhutan,BTN,2031,825471,865511,40040,4.85,7.71,6.95,-0.76,Asia,Quốc Gia
Bhutan,BTN,2032,830355,873924,43569,5.25,7.97,7.02,-0.95,Asia,Quốc Gia
Bhutan,BTN,2033,834992,882337,47345,5.67,8.24,7.09,-1.15,Asia,Quốc Gia
Bhutan,BTN,2034,839053,890751,51698,6.16,8.52,7.15,-1.37,Asia,Quốc Gia
Bhutan,BTN,2035,843207,899164,55957,6.64,8.8,7.22,-1.58,Asia,Quốc Gia
Bhutan,BTN,2036,847707,907577,59870,7.06,9.08,7.28,-1.8,Asia,Quốc Gia
Bhutan,BTN,2037,851852,915991,64139,7.53,9.37,7.34,-2.03,Asia,Quốc Gia
Bhutan,BTN,2038,855566,924404,68838,8.05,9.67,7.4,-2.27,Asia,Quốc Gia
Bhutan,BTN,2039,858926,932817,73891,8.6,9.98,7.46,-2.52,Asia,Quốc Gia
Bhutan,BTN,2040,862134,941231,79097,9.17,10.33,7.52,-2.81,Asia,Quốc Gia
Bhutan,BTN,2041,865160,949644,84484,9.77,10.72,7.58,-3.14,Asia,Quốc Gia
Bhutan,BTN,2042,868160,958057,89897,10.35,11.17,7.64,-3.53,Asia,Quốc Gia
Bhutan,BTN,2043,871108,966471,95363,10.95,11.66,7.69,-3.97,Asia,Quốc Gia
Bhutan,BTN,2044,873741,974884,101143,11.58,12.2,7.75,-4.45,Asia,Quốc Gia
Bhutan,BTN,2045,876186,983297,107111,12.22,12.77,7.8,-4.97,Asia,Quốc Gia
Bhutan,BTN,2046,878169,991711,113542,12.93,13.36,7.86,-5.5,Asia,Quốc Gia
Bhutan,BTN,2047,879458,1000124,120666,13.72,13.97,7.91,-6.06,Asia,Quốc Gia
Bhutan,BTN,2048,880496,1008537,128041,14.54,14.59,7.96,-6.63,Asia,Quốc Gia
Bhutan,BTN,2049,881440,1016951,135511,15.37,15.24,8.01,-7.23,Asia,Quốc Gia
Bhutan,BTN,2050,882345,1025364,143019,16.21,15.93,8.06,-7.87,Asia,Quốc Gia
Bolivia,BOL,2027,12915587,12895428,-20159,-0.16,5.95,5.78,-0.17,South America,Quốc Gia
Bolivia,BOL,2028,13080495,13053926,-26569,-0.2,6.07,5.79,-0.28,South America,Quốc Gia
Bolivia,BOL,2029,13243777,13212423,-31354,-0.24,6.19,5.81,-0.38,South America,Quốc Gia
Bolivia,BOL,2030,13405563,13370921,-34642,-0.26,6.32,5.82,-0.5,South America,Quốc Gia
Bolivia,BOL,2031,13565510,13529419,-36091,-0.27,6.45,5.84,-0.61,South America,Quốc Gia
Bolivia,BOL,2032,13723370,13687916,-35454,-0.26,6.58,5.85,-0.73,South America,Quốc Gia
Bolivia,BOL,2033,13879053,13846414,-32639,-0.24,6.72,5.87,-0.85,South America,Quốc Gia
Bolivia,BOL,2034,14032579,14004912,-27667,-0.2,6.87,5.88,-0.99,South America,Quốc Gia
Bolivia,BOL,2035,14183827,14163409,-20418,-0.14,7.02,5.9,-1.12,South America,Quốc Gia
Bolivia,BOL,2036,14332316,14321907,-10409,-0.07,7.17,5.91,-1.26,South America,Quốc Gia
Bolivia,BOL,2037,14478107,14480404,2297,0.02,7.33,5.92,-1.41,South America,Quốc Gia
Bolivia,BOL,2038,14621406,14638902,17496,0.12,7.49,5.94,-1.55,South America,Quốc Gia
Bolivia,BOL,2039,14761951,14797400,35449,0.24,7.66,5.95,-1.71,South America,Quốc Gia
Bolivia,BOL,2040,14899398,14955897,56499,0.38,7.83,5.96,-1.87,South America,Quốc Gia
Bolivia,BOL,2041,15033988,15114395,80407,0.53,8.01,5.97,-2.04,South America,Quốc Gia
Bolivia,BOL,2042,15165746,15272893,107147,0.71,8.19,5.98,-2.21,South America,Quốc Gia
Bolivia,BOL,2043,15294509,15431390,136881,0.89,8.38,6.0,-2.38,South America,Quốc Gia
Bolivia,BOL,2044,15420213,15589888,169675,1.1,8.57,6.01,-2.56,South America,Quốc Gia
Bolivia,BOL,2045,15542788,15748386,205598,1.32,8.77,6.02,-2.75,South America,Quốc Gia
Bolivia,BOL,2046,15662317,15906883,244566,1.56,8.97,6.03,-2.94,South America,Quốc Gia
Bolivia,BOL,2047,15778749,16065381,286632,1.82,9.17,6.04,-3.13,South America,Quốc Gia
Bolivia,BOL,2048,15892254,16223879,331625,2.09,9.38,6.05,-3.33,South America,Quốc Gia
Bolivia,BOL,2049,16002814,16382376,379562,2.37,9.6,6.06,-3.54,South America,Quốc Gia
Bolivia,BOL,2050,16110163,16540874,430711,2.67,9.83,6.07,-3.76,South America,Quốc Gia
Bonaire Sint Eustatius and Saba,BES,2027,32447,31526,-921,-2.84,15.83,13.91,-1.92,North America,Quốc Gia
Bonaire Sint Eustatius and Saba,BES,2028,32884,32141,-743,-2.26,16.35,14.03,-2.32,North America,Quốc Gia
Bonaire Sint Eustatius and Saba,BES,2029,33231,32757,-474,-1.43,16.89,14.14,-2.75,North America,Quốc Gia
Bonaire Sint Eustatius and Saba,BES,2030,33531,33372,-159,-0.47,17.45,14.25,-3.2,North America,Quốc Gia
Bonaire Sint Eustatius and Saba,BES,2031,33783,33988,205,0.61,17.97,14.36,-3.61,North America,Quốc Gia
Bonaire Sint Eustatius and Saba,BES,2032,34002,34603,601,1.77,18.44,14.46,-3.98,North America,Quốc Gia
Bonaire Sint Eustatius and Saba,BES,2033,34199,35219,1020,2.98,18.88,14.56,-4.32,North America,Quốc Gia
Bonaire Sint Eustatius and Saba,BES,2034,34357,35834,1477,4.3,19.27,14.65,-4.62,North America,Quốc Gia
Bonaire Sint Eustatius and Saba,BES,2035,34481,36450,1969,5.71,19.65,14.75,-4.9,North America,Quốc Gia
Bonaire Sint Eustatius and Saba,BES,2036,34570,37065,2495,7.22,19.98,14.83,-5.15,North America,Quốc Gia
Bonaire Sint Eustatius and Saba,BES,2037,34637,37681,3044,8.79,20.29,14.92,-5.37,North America,Quốc Gia
Bonaire Sint Eustatius and Saba,BES,2038,34716,38296,3580,10.31,20.56,15.0,-5.56,North America,Quốc Gia
Bonaire Sint Eustatius and Saba,BES,2039,34776,38912,4136,11.89,20.78,15.08,-5.7,North America,Quốc Gia
Bonaire Sint Eustatius and Saba,BES,2040,34825,39527,4702,13.5,21.02,15.16,-5.86,North America,Quốc Gia
Bonaire Sint Eustatius and Saba,BES,2041,34874,40143,5269,15.11,21.27,15.24,-6.03,North America,Quốc Gia
Bonaire Sint Eustatius and Saba,BES,2042,34911,40759,5848,16.75,21.49,15.31,-6.18,North America,Quốc Gia
Bonaire Sint Eustatius and Saba,BES,2043,34930,41374,6444,18.45,21.73,15.38,-6.35,North America,Quốc Gia
Bonaire Sint Eustatius and Saba,BES,2044,34941,41990,7049,20.17,21.99,15.45,-6.54,North America,Quốc Gia
Bonaire Sint Eustatius and Saba,BES,2045,34950,42605,7655,21.9,22.26,15.52,-6.74,North America,Quốc Gia
Bonaire Sint Eustatius and Saba,BES,2046,34943,43221,8278,23.69,22.56,15.58,-6.98,North America,Quốc Gia
Bonaire Sint Eustatius and Saba,BES,2047,34913,43836,8923,25.56,22.88,15.64,-7.24,North America,Quốc Gia
Bonaire Sint Eustatius and Saba,BES,2048,34875,44452,9577,27.46,23.2,15.71,-7.49,North America,Quốc Gia
Bonaire Sint Eustatius and Saba,BES,2049,34820,45067,10247,29.43,23.55,15.77,-7.78,North America,Quốc Gia
Bonaire Sint Eustatius and Saba,BES,2050,34760,45683,10923,31.42,23.91,15.82,-8.09,North America,Quốc Gia
Bosnia and Herzegovina,BIH,2027,3088095,3148809,60714,1.97,24.1,23.77,-0.33,Europe,Quốc Gia
Bosnia and Herzegovina,BIH,2028,3062438,3116019,53581,1.75,24.68,24.38,-0.3,Europe,Quốc Gia
Bosnia and Herzegovina,BIH,2029,3037872,3083229,45357,1.49,25.21,24.99,-0.22,Europe,Quốc Gia
Bosnia and Herzegovina,BIH,2030,3013975,3050438,36463,1.21,25.69,25.62,-0.07,Europe,Quốc Gia
Bosnia and Herzegovina,BIH,2031,2990097,3017648,27551,0.92,26.12,26.27,0.15,Europe,Quốc Gia
Bosnia and Herzegovina,BIH,2032,2964777,2984858,20081,0.68,26.5,26.92,0.42,Europe,Quốc Gia
Bosnia and Herzegovina,BIH,2033,2937845,2952068,14223,0.48,26.82,27.6,0.78,Europe,Quốc Gia
Bosnia and Herzegovina,BIH,2034,2909786,2919278,9492,0.33,27.09,28.28,1.19,Europe,Quốc Gia
Bosnia and Herzegovina,BIH,2035,2881546,2886488,4942,0.17,27.33,28.98,1.65,Europe,Quốc Gia
Bosnia and Herzegovina,BIH,2036,2854436,2853698,-738,-0.03,27.57,29.7,2.13,Europe,Quốc Gia
Bosnia and Herzegovina,BIH,2037,2827720,2820907,-6813,-0.24,27.83,30.44,2.61,Europe,Quốc Gia
Bosnia and Herzegovina,BIH,2038,2801183,2788117,-13066,-0.47,28.14,31.19,3.05,Europe,Quốc Gia
Bosnia and Herzegovina,BIH,2039,2773793,2755327,-18466,-0.67,28.52,31.96,3.44,Europe,Quốc Gia
Bosnia and Herzegovina,BIH,2040,2745013,2722537,-22476,-0.82,28.98,32.75,3.77,Europe,Quốc Gia
Bosnia and Herzegovina,BIH,2041,2715222,2689747,-25475,-0.94,29.5,33.56,4.06,Europe,Quốc Gia
Bosnia and Herzegovina,BIH,2042,2685732,2656957,-28775,-1.07,30.06,34.39,4.33,Europe,Quốc Gia
Bosnia and Herzegovina,BIH,2043,2657001,2624167,-32834,-1.24,30.63,35.24,4.61,Europe,Quốc Gia
Bosnia and Herzegovina,BIH,2044,2628414,2591376,-37038,-1.41,31.21,36.11,4.9,Europe,Quốc Gia
Bosnia and Herzegovina,BIH,2045,2599928,2558586,-41342,-1.59,31.79,37.0,5.21,Europe,Quốc Gia
Bosnia and Herzegovina,BIH,2046,2570924,2525796,-45128,-1.76,32.29,37.92,5.63,Europe,Quốc Gia
Bosnia and Herzegovina,BIH,2047,2541515,2493006,-48509,-1.91,32.73,38.86,6.13,Europe,Quốc Gia
Bosnia and Herzegovina,BIH,2048,2512790,2460216,-52574,-2.09,33.16,39.82,6.66,Europe,Quốc Gia
Bosnia and Herzegovina,BIH,2049,2484044,2427426,-56618,-2.28,33.56,40.81,7.25,Europe,Quốc Gia
Bosnia and Herzegovina,BIH,2050,2455171,2394636,-60535,-2.47,33.91,41.83,7.92,Europe,Quốc Gia
Botswana,BWA,2027,2644647,2623062,-21585,-0.82,4.17,3.94,-0.23,Africa,Quốc Gia
Botswana,BWA,2028,2685608,2658220,-27388,-1.02,4.28,3.95,-0.33,Africa,Quốc Gia
Botswana,BWA,2029,2726049,2693379,-32670,-1.2,4.38,3.97,-0.41,Africa,Quốc Gia
Botswana,BWA,2030,2765920,2728537,-37383,-1.35,4.48,3.98,-0.5,Africa,Quốc Gia
Botswana,BWA,2031,2804994,2763696,-41298,-1.47,4.6,4.0,-0.6,Africa,Quốc Gia
Botswana,BWA,2032,2843234,2798854,-44380,-1.56,4.72,4.01,-0.71,Africa,Quốc Gia
Botswana,BWA,2033,2880988,2834012,-46976,-1.63,4.86,4.02,-0.84,Africa,Quốc Gia
Botswana,BWA,2034,2917979,2869171,-48808,-1.67,5.01,4.04,-0.97,Africa,Quốc Gia
Botswana,BWA,2035,2954419,2904329,-50090,-1.7,5.15,4.05,-1.1,Africa,Quốc Gia
Botswana,BWA,2036,2990138,2939488,-50650,-1.69,5.27,4.06,-1.21,Africa,Quốc Gia
Botswana,BWA,2037,3025230,2974646,-50584,-1.67,5.41,4.07,-1.34,Africa,Quốc Gia
Botswana,BWA,2038,3059533,3009805,-49728,-1.63,5.57,4.09,-1.48,Africa,Quốc Gia
Botswana,BWA,2039,3093379,3044963,-48416,-1.57,5.72,4.1,-1.62,Africa,Quốc Gia
Botswana,BWA,2040,3126644,3080122,-46522,-1.49,5.86,4.11,-1.75,Africa,Quốc Gia
Botswana,BWA,2041,3159138,3115280,-43858,-1.39,6.0,4.12,-1.88,Africa,Quốc Gia
Botswana,BWA,2042,3190976,3150438,-40538,-1.27,6.14,4.13,-2.01,Africa,Quốc Gia
Botswana,BWA,2043,3222567,3185597,-36970,-1.15,6.28,4.14,-2.14,Africa,Quốc Gia
Botswana,BWA,2044,3254020,3220755,-33265,-1.02,6.46,4.15,-2.31,Africa,Quốc Gia
Botswana,BWA,2045,3285305,3255914,-29391,-0.89,6.66,4.16,-2.5,Africa,Quốc Gia
Botswana,BWA,2046,3317005,3291072,-25933,-0.78,6.83,4.17,-2.66,Africa,Quốc Gia
Botswana,BWA,2047,3348498,3326231,-22267,-0.66,7.02,4.18,-2.84,Africa,Quốc Gia
Botswana,BWA,2048,3379112,3361389,-17723,-0.52,7.23,4.19,-3.04,Africa,Quốc Gia
Botswana,BWA,2049,3408772,3396548,-12224,-0.36,7.44,4.2,-3.24,Africa,Quốc Gia
Botswana,BWA,2050,3437433,3431706,-5727,-0.17,7.7,4.21,-3.49,Africa,Quốc Gia
Brazil,BRA,2027,214261029,220370215,6109186,2.85,12.36,10.75,-1.61,South America,Quốc Gia
Brazil,BRA,2028,214911379,222080504,7169125,3.34,12.81,10.92,-1.89,South America,Quốc Gia
Brazil,BRA,2029,215515169,223790792,8275623,3.84,13.25,11.08,-2.17,South America,Quốc Gia
Brazil,BRA,2030,216074416,225501081,9426665,4.36,13.69,11.24,-2.45,South America,Quốc Gia
Brazil,BRA,2031,216587346,227211370,10624024,4.91,14.11,11.4,-2.71,South America,Quốc Gia
Brazil,BRA,2032,217055383,228921659,11866276,5.47,14.52,11.56,-2.96,South America,Quốc Gia
Brazil,BRA,2033,217479386,230631948,13152562,6.05,14.91,11.72,-3.19,South America,Quốc Gia
Brazil,BRA,2034,217860884,232342237,14481353,6.65,15.3,11.87,-3.43,South America,Quốc Gia
Brazil,BRA,2035,218199705,234052526,15852821,7.27,15.69,12.02,-3.67,South America,Quốc Gia
Brazil,BRA,2036,218495206,235762815,17267609,7.9,16.08,12.17,-3.91,South America,Quốc Gia
Brazil,BRA,2037,218747237,237473104,18725867,8.56,16.47,12.32,-4.15,South America,Quốc Gia
Brazil,BRA,2038,218955564,239183393,20227829,9.24,16.88,12.46,-4.42,South America,Quốc Gia
Brazil,BRA,2039,219118376,240893682,21775306,9.94,17.28,12.6,-4.68,South America,Quốc Gia
Brazil,BRA,2040,219237077,242603971,23366894,10.66,17.69,12.74,-4.95,South America,Quốc Gia
Brazil,BRA,2041,219307150,244314260,25007110,11.4,18.12,12.88,-5.24,South America,Quốc Gia
Brazil,BRA,2042,219319762,246024549,26704787,12.18,18.56,13.02,-5.54,South America,Quốc Gia
Brazil,BRA,2043,219276520,247734838,28458318,12.98,19.02,13.15,-5.87,South America,Quốc Gia
Brazil,BRA,2044,219178994,249445127,30266133,13.81,19.49,13.29,-6.2,South America,Quốc Gia
Brazil,BRA,2045,219026200,251155416,32129216,14.67,19.98,13.42,-6.56,South America,Quốc Gia
Brazil,BRA,2046,218821036,252865705,34044669,15.56,20.48,13.55,-6.93,South America,Quốc Gia
Brazil,BRA,2047,218565371,254575994,36010623,16.48,20.98,13.67,-7.31,South America,Quốc Gia
Brazil,BRA,2048,218258217,256286283,38028066,17.42,21.49,13.8,-7.69,South America,Quốc Gia
Brazil,BRA,2049,217897823,257996572,40098749,18.4,21.99,13.92,-8.07,South America,Quốc Gia
Brazil,BRA,2050,217489300,259706861,42217561,19.41,22.48,14.05,-8.43,South America,Quốc Gia
British Virgin Islands,VGB,2027,40136,41871,1735,4.32,11.2,9.02,-2.18,North America,Quốc Gia
British Virgin Islands,VGB,2028,40309,42656,2347,5.82,11.76,9.11,-2.65,North America,Quốc Gia
British Virgin Islands,VGB,2029,40473,43440,2967,7.33,12.31,9.19,-3.12,North America,Quốc Gia
British Virgin Islands,VGB,2030,40614,44225,3611,8.89,12.87,9.26,-3.61,North America,Quốc Gia
British Virgin Islands,VGB,2031,40731,45010,4279,10.51,13.43,9.34,-4.09,North America,Quốc Gia
British Virgin Islands,VGB,2032,40834,45795,4961,12.15,14.04,9.41,-4.63,North America,Quốc Gia
British Virgin Islands,VGB,2033,40934,46580,5646,13.79,14.64,9.48,-5.16,North America,Quốc Gia
British Virgin Islands,VGB,2034,41014,47364,6350,15.48,15.27,9.55,-5.72,North America,Quốc Gia
British Virgin Islands,VGB,2035,41090,48149,7059,17.18,15.96,9.61,-6.35,North America,Quốc Gia
British Virgin Islands,VGB,2036,41171,48934,7763,18.86,16.65,9.67,-6.98,North America,Quốc Gia
British Virgin Islands,VGB,2037,41192,49719,8527,20.7,17.33,9.73,-7.6,North America,Quốc Gia
British Virgin Islands,VGB,2038,41207,50503,9296,22.56,18.04,9.79,-8.25,North America,Quốc Gia
British Virgin Islands,VGB,2039,41230,51288,10058,24.39,18.74,9.85,-8.89,North America,Quốc Gia
British Virgin Islands,VGB,2040,41226,52073,10847,26.31,19.46,9.91,-9.55,North America,Quốc Gia
British Virgin Islands,VGB,2041,41217,52858,11641,28.24,20.21,9.96,-10.25,North America,Quốc Gia
British Virgin Islands,VGB,2042,41193,53642,12449,30.22,21.0,10.01,-10.99,North America,Quốc Gia
British Virgin Islands,VGB,2043,41149,54427,13278,32.27,21.85,10.06,-11.79,North America,Quốc Gia
British Virgin Islands,VGB,2044,41080,55212,14132,34.4,22.73,10.11,-12.62,North America,Quốc Gia
British Virgin Islands,VGB,2045,40991,55997,15006,36.61,23.66,10.16,-13.5,North America,Quốc Gia
British Virgin Islands,VGB,2046,40893,56782,15889,38.86,24.61,10.2,-14.41,North America,Quốc Gia
British Virgin Islands,VGB,2047,40778,57566,16788,41.17,25.55,10.25,-15.3,North America,Quốc Gia
British Virgin Islands,VGB,2048,40671,58351,17680,43.47,26.43,10.29,-16.14,North America,Quốc Gia
British Virgin Islands,VGB,2049,40537,59136,18599,45.88,27.28,10.34,-16.94,North America,Quốc Gia
British Virgin Islands,VGB,2050,40360,59921,19561,48.47,28.1,10.38,-17.72,North America,Quốc Gia
Brunei,BRN,2027,473160,488107,14947,3.16,8.0,6.26,-1.74,Asia,Quốc Gia
Brunei,BRN,2028,476438,494060,17622,3.7,8.37,6.35,-2.02,Asia,Quốc Gia
Brunei,BRN,2029,479500,500012,20512,4.28,8.74,6.44,-2.3,Asia,Quốc Gia
Brunei,BRN,2030,482450,505965,23515,4.87,9.14,6.52,-2.62,Asia,Quốc Gia
Brunei,BRN,2031,485320,511918,26598,5.48,9.55,6.61,-2.94,Asia,Quốc Gia
Brunei,BRN,2032,487955,517870,29915,6.13,9.97,6.69,-3.28,Asia,Quốc Gia
Brunei,BRN,2033,490437,523823,33386,6.81,10.43,6.77,-3.66,Asia,Quốc Gia
Brunei,BRN,2034,492900,529776,36876,7.48,10.9,6.85,-4.05,Asia,Quốc Gia
Brunei,BRN,2035,495300,535728,40428,8.16,11.4,6.93,-4.47,Asia,Quốc Gia
Brunei,BRN,2036,497558,541681,44123,8.87,11.92,7.01,-4.91,Asia,Quốc Gia
Brunei,BRN,2037,499708,547633,47925,9.59,12.44,7.08,-5.36,Asia,Quốc Gia
Brunei,BRN,2038,501924,553586,51662,10.29,12.96,7.15,-5.81,Asia,Quốc Gia
Brunei,BRN,2039,504076,559539,55463,11.0,13.48,7.23,-6.25,Asia,Quốc Gia
Brunei,BRN,2040,505983,565491,59508,11.76,14.0,7.3,-6.7,Asia,Quốc Gia
Brunei,BRN,2041,507814,571444,63630,12.53,14.51,7.36,-7.15,Asia,Quốc Gia
Brunei,BRN,2042,509546,577396,67850,13.32,15.03,7.43,-7.6,Asia,Quốc Gia
Brunei,BRN,2043,511138,583349,72211,14.13,15.56,7.5,-8.06,Asia,Quốc Gia
Brunei,BRN,2044,512601,589302,76701,14.96,16.12,7.56,-8.56,Asia,Quốc Gia
Brunei,BRN,2045,514062,595254,81192,15.79,16.67,7.62,-9.05,Asia,Quốc Gia
Brunei,BRN,2046,515424,601207,85783,16.64,17.22,7.69,-9.53,Asia,Quốc Gia
Brunei,BRN,2047,516611,607159,90548,17.53,17.76,7.75,-10.01,Asia,Quốc Gia
Brunei,BRN,2048,517708,613112,95404,18.43,18.28,7.8,-10.48,Asia,Quốc Gia
Brunei,BRN,2049,518699,619065,100366,19.35,18.79,7.86,-10.93,Asia,Quốc Gia
Brunei,BRN,2050,519557,625017,105460,20.3,19.32,7.92,-11.4,Asia,Quốc Gia
Bulgaria,BGR,2027,6617825,6545045,-72780,-1.1,22.67,23.34,0.67,Europe,Quốc Gia
Bulgaria,BGR,2028,6566013,6490912,-75101,-1.14,22.86,23.66,0.8,Europe,Quốc Gia
Bulgaria,BGR,2029,6512782,6436779,-76003,-1.17,23.05,23.99,0.94,Europe,Quốc Gia
Bulgaria,BGR,2030,6458244,6382646,-75598,-1.17,23.21,24.32,1.11,Europe,Quốc Gia
Bulgaria,BGR,2031,6403154,6328512,-74642,-1.17,23.33,24.66,1.33,Europe,Quốc Gia
Bulgaria,BGR,2032,6348400,6274379,-74021,-1.17,23.46,25.0,1.54,Europe,Quốc Gia
Bulgaria,BGR,2033,6293471,6220246,-73225,-1.16,23.68,25.35,1.67,Europe,Quốc Gia
Bulgaria,BGR,2034,6238208,6166113,-72095,-1.16,24.0,25.71,1.71,Europe,Quốc Gia
Bulgaria,BGR,2035,6183106,6111980,-71126,-1.15,24.33,26.07,1.74,Europe,Quốc Gia
Bulgaria,BGR,2036,6127663,6057846,-69817,-1.14,24.63,26.44,1.81,Europe,Quốc Gia
Bulgaria,BGR,2037,6071893,6003713,-68180,-1.12,24.9,26.82,1.92,Europe,Quốc Gia
Bulgaria,BGR,2038,6016841,5949580,-67261,-1.12,25.2,27.2,2.0,Europe,Quốc Gia
Bulgaria,BGR,2039,5962187,5895447,-66740,-1.12,25.61,27.59,1.98,Europe,Quốc Gia
Bulgaria,BGR,2040,5907731,5841314,-66417,-1.12,26.05,27.99,1.94,Europe,Quốc Gia
Bulgaria,BGR,2041,5854059,5787181,-66878,-1.14,26.47,28.39,1.92,Europe,Quốc Gia
Bulgaria,BGR,2042,5801387,5733047,-68340,-1.18,26.88,28.8,1.92,Europe,Quốc Gia
Bulgaria,BGR,2043,5749670,5678914,-70756,-1.23,27.26,29.22,1.96,Europe,Quốc Gia
Bulgaria,BGR,2044,5698612,5624781,-73831,-1.3,27.62,29.65,2.03,Europe,Quốc Gia
Bulgaria,BGR,2045,5648259,5570648,-77611,-1.37,27.95,30.09,2.14,Europe,Quốc Gia
Bulgaria,BGR,2046,5598424,5516515,-81909,-1.46,28.24,30.53,2.29,Europe,Quốc Gia
Bulgaria,BGR,2047,5548708,5462381,-86327,-1.56,28.52,30.99,2.47,Europe,Quốc Gia
Bulgaria,BGR,2048,5499398,5408248,-91150,-1.66,28.8,31.45,2.65,Europe,Quốc Gia
Bulgaria,BGR,2049,5450676,5354115,-96561,-1.77,29.1,31.92,2.82,Europe,Quốc Gia
Bulgaria,BGR,2050,5402218,5299982,-102236,-1.89,29.4,32.4,3.0,Europe,Quốc Gia
Burkina Faso,BFA,2027,25130913,24569362,-561551,-2.23,2.76,2.56,-0.2,Africa,Quốc Gia
Burkina Faso,BFA,2028,25661937,25035889,-626048,-2.44,2.8,2.55,-0.25,Africa,Quốc Gia
Burkina Faso,BFA,2029,26194611,25502415,-692196,-2.64,2.84,2.54,-0.3,Africa,Quốc Gia
Burkina Faso,BFA,2030,26730318,25968942,-761376,-2.85,2.89,2.54,-0.35,Africa,Quốc Gia
Burkina Faso,BFA,2031,27270867,26435468,-835399,-3.06,2.93,2.53,-0.4,Africa,Quốc Gia
Burkina Faso,BFA,2032,27815176,26901995,-913181,-3.28,2.98,2.53,-0.45,Africa,Quốc Gia
Burkina Faso,BFA,2033,28363851,27368522,-995329,-3.51,3.03,2.52,-0.51,Africa,Quốc Gia
Burkina Faso,BFA,2034,28916946,27835048,-1081898,-3.74,3.09,2.51,-0.58,Africa,Quốc Gia
Burkina Faso,BFA,2035,29469752,28301575,-1168177,-3.96,3.14,2.51,-0.63,Africa,Quốc Gia
Burkina Faso,BFA,2036,30019877,28768102,-1251775,-4.17,3.2,2.5,-0.7,Africa,Quốc Gia
Burkina Faso,BFA,2037,30567564,29234628,-1332936,-4.36,3.26,2.5,-0.76,Africa,Quốc Gia
Burkina Faso,BFA,2038,31112529,29701155,-1411374,-4.54,3.33,2.5,-0.83,Africa,Quốc Gia
Burkina Faso,BFA,2039,31654872,30167681,-1487191,-4.7,3.41,2.49,-0.92,Africa,Quốc Gia
Burkina Faso,BFA,2040,32193646,30634208,-1559438,-4.84,3.49,2.49,-1.0,Africa,Quốc Gia
Burkina Faso,BFA,2041,32728839,31100735,-1628104,-4.97,3.58,2.48,-1.1,Africa,Quốc Gia
Burkina Faso,BFA,2042,33260948,31567261,-1693687,-5.09,3.68,2.48,-1.2,Africa,Quốc Gia
Burkina Faso,BFA,2043,33788602,32033788,-1754814,-5.19,3.79,2.47,-1.32,Africa,Quốc Gia
Burkina Faso,BFA,2044,34311738,32500314,-1811424,-5.28,3.91,2.47,-1.44,Africa,Quốc Gia
Burkina Faso,BFA,2045,34829695,32966841,-1862854,-5.35,4.03,2.47,-1.56,Africa,Quốc Gia
Burkina Faso,BFA,2046,35339505,33433368,-1906137,-5.39,4.16,2.46,-1.7,Africa,Quốc Gia
Burkina Faso,BFA,2047,35842182,33899894,-1942288,-5.42,4.29,2.46,-1.83,Africa,Quốc Gia
Burkina Faso,BFA,2048,36336704,34366421,-1970283,-5.42,4.42,2.46,-1.96,Africa,Quốc Gia
Burkina Faso,BFA,2049,36823430,34832947,-1990483,-5.41,4.56,2.45,-2.11,Africa,Quốc Gia
Burkina Faso,BFA,2050,37304387,35299474,-2004913,-5.37,4.7,2.45,-2.25,Africa,Quốc Gia
Burundi,BDI,2027,15076979,14601802,-475177,-3.15,2.57,2.42,-0.15,Africa,Quốc Gia
Burundi,BDI,2028,15444023,14897686,-546337,-3.54,2.58,2.42,-0.16,Africa,Quốc Gia
Burundi,BDI,2029,15815857,15193569,-622288,-3.93,2.59,2.42,-0.17,Africa,Quốc Gia
Burundi,BDI,2030,16182016,15489453,-692563,-4.28,2.61,2.42,-0.19,Africa,Quốc Gia
Burundi,BDI,2031,16555036,15785336,-769700,-4.65,2.62,2.42,-0.2,Africa,Quốc Gia
Burundi,BDI,2032,16935234,16081220,-854014,-5.04,2.64,2.42,-0.22,Africa,Quốc Gia
Burundi,BDI,2033,17317638,16377104,-940534,-5.43,2.67,2.42,-0.25,Africa,Quốc Gia
Burundi,BDI,2034,17700810,16672987,-1027823,-5.81,2.71,2.42,-0.29,Africa,Quốc Gia
Burundi,BDI,2035,18085841,16968871,-1116970,-6.18,2.75,2.42,-0.33,Africa,Quốc Gia
Burundi,BDI,2036,18483051,17264754,-1218297,-6.59,2.8,2.42,-0.38,Africa,Quốc Gia
Burundi,BDI,2037,18893264,17560638,-1332626,-7.05,2.85,2.42,-0.43,Africa,Quốc Gia
Burundi,BDI,2038,19305535,17856522,-1449013,-7.51,2.91,2.43,-0.48,Africa,Quốc Gia
Burundi,BDI,2039,19718525,18152405,-1566120,-7.94,2.98,2.43,-0.55,Africa,Quốc Gia
Burundi,BDI,2040,20131320,18448289,-1683031,-8.36,3.06,2.43,-0.63,Africa,Quốc Gia
Burundi,BDI,2041,20537562,18744172,-1793390,-8.73,3.15,2.43,-0.72,Africa,Quốc Gia
Burundi,BDI,2042,20951562,19040056,-1911506,-9.12,3.26,2.43,-0.83,Africa,Quốc Gia
Burundi,BDI,2043,21370849,19335940,-2034909,-9.52,3.38,2.43,-0.95,Africa,Quốc Gia
Burundi,BDI,2044,21785700,19631823,-2153877,-9.89,3.52,2.43,-1.09,Africa,Quốc Gia
Burundi,BDI,2045,22197891,19927707,-2270184,-10.23,3.67,2.43,-1.24,Africa,Quốc Gia
Burundi,BDI,2046,22586215,20223590,-2362625,-10.46,3.84,2.43,-1.41,Africa,Quốc Gia
Burundi,BDI,2047,22970059,20519474,-2450585,-10.67,4.03,2.43,-1.6,Africa,Quốc Gia
Burundi,BDI,2048,23358501,20815358,-2543143,-10.89,4.21,2.43,-1.78,Africa,Quốc Gia
Burundi,BDI,2049,23748954,21111241,-2637713,-11.11,4.39,2.43,-1.96,Africa,Quốc Gia
Burundi,BDI,2050,24131721,21407125,-2724596,-11.29,4.56,2.43,-2.13,Africa,Quốc Gia
Cambodia,KHM,2027,18250142,18464886,214744,1.18,6.83,5.98,-0.85,Asia,Quốc Gia
Cambodia,KHM,2028,18446773,18701894,255121,1.38,7.05,6.06,-0.99,Asia,Quốc Gia
Cambodia,KHM,2029,18639399,18938901,299502,1.61,7.26,6.13,-1.13,Asia,Quốc Gia
Cambodia,KHM,2030,18827384,19175909,348525,1.85,7.46,6.21,-1.25,Asia,Quốc Gia
Cambodia,KHM,2031,19012055,19412917,400862,2.11,7.66,6.28,-1.38,Asia,Quốc Gia
Cambodia,KHM,2032,19193353,19649924,456571,2.38,7.86,6.35,-1.51,Asia,Quốc Gia
Cambodia,KHM,2033,19371581,19886932,515351,2.66,8.05,6.41,-1.64,Asia,Quốc Gia
Cambodia,KHM,2034,19546872,20123940,577068,2.95,8.24,6.48,-1.76,Asia,Quốc Gia
Cambodia,KHM,2035,19720140,20360947,640807,3.25,8.41,6.54,-1.87,Asia,Quốc Gia
Cambodia,KHM,2036,19889529,20597955,708426,3.56,8.57,6.61,-1.96,Asia,Quốc Gia
Cambodia,KHM,2037,20055502,20834962,779460,3.89,8.7,6.67,-2.03,Asia,Quốc Gia
Cambodia,KHM,2038,20220803,21071970,851167,4.21,8.79,6.73,-2.06,Asia,Quốc Gia
Cambodia,KHM,2039,20382862,21308978,926116,4.54,8.84,6.79,-2.05,Asia,Quốc Gia
Cambodia,KHM,2040,20540682,21545985,1005303,4.89,8.87,6.84,-2.03,Asia,Quốc Gia
Cambodia,KHM,2041,20695383,21782993,1087610,5.26,8.93,6.9,-2.03,Asia,Quốc Gia
Cambodia,KHM,2042,20848373,22020001,1171628,5.62,9.04,6.95,-2.09,Asia,Quốc Gia
Cambodia,KHM,2043,20998541,22257008,1258467,5.99,9.21,7.01,-2.2,Asia,Quốc Gia
Cambodia,KHM,2044,21144577,22494016,1349439,6.38,9.46,7.06,-2.4,Asia,Quốc Gia
Cambodia,KHM,2045,21286234,22731023,1444789,6.79,9.77,7.11,-2.66,Asia,Quốc Gia
Cambodia,KHM,2046,21424344,22968031,1543687,7.21,10.14,7.16,-2.98,Asia,Quốc Gia
Cambodia,KHM,2047,21558221,23205039,1646818,7.64,10.53,7.21,-3.32,Asia,Quốc Gia
Cambodia,KHM,2048,21687191,23442046,1754855,8.09,10.9,7.26,-3.64,Asia,Quốc Gia
Cambodia,KHM,2049,21812189,23679054,1866865,8.56,11.26,7.31,-3.95,Asia,Quốc Gia
Cambodia,KHM,2050,21931455,23916061,1984606,9.05,11.62,7.35,-4.27,Asia,Quốc Gia
Cameroon,CMR,2027,31410383,29998996,-1411387,-4.49,2.87,2.73,-0.14,Africa,Quốc Gia
Cameroon,CMR,2028,32190672,30561661,-1629011,-5.06,2.9,2.72,-0.18,Africa,Quốc Gia
Cameroon,CMR,2029,32979281,31124327,-1854954,-5.62,2.94,2.71,-0.23,Africa,Quốc Gia
Cameroon,CMR,2030,33777188,31686993,-2090195,-6.19,2.97,2.7,-0.27,Africa,Quốc Gia
Cameroon,CMR,2031,34584123,32249659,-2334464,-6.75,3.02,2.69,-0.33,Africa,Quốc Gia
Cameroon,CMR,2032,35399672,32812324,-2587348,-7.31,3.06,2.68,-0.38,Africa,Quốc Gia
Cameroon,CMR,2033,36223486,33374990,-2848496,-7.86,3.12,2.67,-0.45,Africa,Quốc Gia
Cameroon,CMR,2034,37054809,33937656,-3117153,-8.41,3.18,2.66,-0.52,Africa,Quốc Gia
Cameroon,CMR,2035,37893824,34500322,-3393502,-8.96,3.25,2.66,-0.59,Africa,Quốc Gia
Cameroon,CMR,2036,38742467,35062988,-3679479,-9.5,3.32,2.65,-0.67,Africa,Quốc Gia
Cameroon,CMR,2037,39600374,35625653,-3974721,-10.04,3.4,2.64,-0.76,Africa,Quốc Gia
Cameroon,CMR,2038,40463013,36188319,-4274694,-10.56,3.48,2.63,-0.85,Africa,Quốc Gia
Cameroon,CMR,2039,41332847,36750985,-4581862,-11.09,3.56,2.63,-0.93,Africa,Quốc Gia
Cameroon,CMR,2040,42208006,37313651,-4894355,-11.6,3.65,2.62,-1.03,Africa,Quốc Gia
Cameroon,CMR,2041,43089981,37876317,-5213664,-12.1,3.74,2.61,-1.13,Africa,Quốc Gia
Cameroon,CMR,2042,43976021,38438982,-5537039,-12.59,3.83,2.61,-1.22,Africa,Quốc Gia
Cameroon,CMR,2043,44857800,39001648,-5856152,-13.05,3.93,2.6,-1.33,Africa,Quốc Gia
Cameroon,CMR,2044,45741476,39564314,-6177162,-13.5,4.04,2.59,-1.45,Africa,Quốc Gia
Cameroon,CMR,2045,46629042,40126980,-6502062,-13.94,4.14,2.59,-1.55,Africa,Quốc Gia
Cameroon,CMR,2046,47519037,40689646,-6829391,-14.37,4.26,2.58,-1.68,Africa,Quốc Gia
Cameroon,CMR,2047,48413784,41252311,-7161473,-14.79,4.38,2.58,-1.8,Africa,Quốc Gia
Cameroon,CMR,2048,49308770,41814977,-7493793,-15.2,4.51,2.57,-1.94,Africa,Quốc Gia
Cameroon,CMR,2049,50203275,42377643,-7825632,-15.59,4.63,2.57,-2.06,Africa,Quốc Gia
Cameroon,CMR,2050,51096324,42940309,-8156015,-15.96,4.75,2.56,-2.19,Africa,Quốc Gia
Canada,CAN,2027,40782232,40498137,-284095,-0.7,21.18,19.38,-1.8,North America,Quốc Gia
Canada,CAN,2028,41085503,40854664,-230839,-0.56,21.65,19.58,-2.07,North America,Quốc Gia
Canada,CAN,2029,41376294,41211190,-165104,-0.4,22.1,19.78,-2.32,North America,Quốc Gia
Canada,CAN,2030,41655587,41567717,-87870,-0.21,22.49,19.97,-2.52,North America,Quốc Gia
Canada,CAN,2031,41928615,41924243,-4372,-0.01,22.81,20.16,-2.65,North America,Quốc Gia
Canada,CAN,2032,42191768,42280770,89002,0.21,23.06,20.35,-2.71,North America,Quốc Gia
Canada,CAN,2033,42438026,42637297,199271,0.47,23.28,20.54,-2.74,North America,Quốc Gia
Canada,CAN,2034,42676475,42993823,317348,0.74,23.5,20.72,-2.78,North America,Quốc Gia
Canada,CAN,2035,42905261,43350350,445089,1.04,23.7,20.9,-2.8,North America,Quốc Gia
Canada,CAN,2036,43124450,43706876,582426,1.35,23.89,21.07,-2.82,North America,Quốc Gia
Canada,CAN,2037,43343002,44063403,720401,1.66,24.04,21.25,-2.79,North America,Quốc Gia
Canada,CAN,2038,43555948,44419930,863982,1.98,24.15,21.42,-2.73,North America,Quốc Gia
Canada,CAN,2039,43759361,44776456,1017095,2.32,24.26,21.58,-2.68,North America,Quốc Gia
Canada,CAN,2040,43951420,45132983,1181563,2.69,24.37,21.75,-2.62,North America,Quốc Gia
Canada,CAN,2041,44137906,45489509,1351603,3.06,24.48,21.91,-2.57,North America,Quốc Gia
Canada,CAN,2042,44321950,45846036,1524086,3.44,24.58,22.07,-2.51,North America,Quốc Gia
Canada,CAN,2043,44501141,46202563,1701422,3.82,24.67,22.23,-2.44,North America,Quốc Gia
Canada,CAN,2044,44675806,46559089,1883283,4.22,24.78,22.38,-2.4,North America,Quốc Gia
Canada,CAN,2045,44850091,46915616,2065525,4.61,24.89,22.54,-2.35,North America,Quốc Gia
Canada,CAN,2046,45016754,47272142,2255388,5.01,25.02,22.69,-2.33,North America,Quốc Gia
Canada,CAN,2047,45173482,47628669,2455187,5.44,25.16,22.84,-2.32,North America,Quốc Gia
Canada,CAN,2048,45329223,47985196,2655973,5.86,25.29,22.98,-2.31,North America,Quốc Gia
Canada,CAN,2049,45476946,48341722,2864776,6.3,25.44,23.13,-2.31,North America,Quốc Gia
Canada,CAN,2050,45621880,48698249,3076369,6.74,25.59,23.27,-2.32,North America,Quốc Gia
Cape Verde,CPV,2027,531876,547081,15205,2.86,7.8,6.41,-1.39,Africa,Quốc Gia
Cape Verde,CPV,2028,534121,550449,16328,3.06,8.15,6.46,-1.69,Africa,Quốc Gia
Cape Verde,CPV,2029,536346,553816,17470,3.26,8.52,6.51,-2.01,Africa,Quốc Gia
Cape Verde,CPV,2030,538618,557184,18566,3.45,8.87,6.56,-2.31,Africa,Quốc Gia
Cape Verde,CPV,2031,540771,560551,19780,3.66,9.22,6.61,-2.61,Africa,Quốc Gia
Cape Verde,CPV,2032,542803,563918,21115,3.89,9.57,6.66,-2.91,Africa,Quốc Gia
Cape Verde,CPV,2033,544770,567286,22516,4.13,9.92,6.71,-3.21,Africa,Quốc Gia
Cape Verde,CPV,2034,546655,570653,23998,4.39,10.23,6.76,-3.47,Africa,Quốc Gia
Cape Verde,CPV,2035,548595,574021,25426,4.63,10.52,6.81,-3.71,Africa,Quốc Gia
Cape Verde,CPV,2036,550482,577388,26906,4.89,10.8,6.86,-3.94,Africa,Quốc Gia
Cape Verde,CPV,2037,552294,580756,28462,5.15,11.07,6.91,-4.16,Africa,Quốc Gia
Cape Verde,CPV,2038,554087,584123,30036,5.42,11.32,6.95,-4.37,Africa,Quốc Gia
Cape Verde,CPV,2039,555803,587491,31688,5.7,11.58,7.0,-4.58,Africa,Quốc Gia
Cape Verde,CPV,2040,557378,590858,33480,6.01,11.87,7.05,-4.82,Africa,Quốc Gia
Cape Verde,CPV,2041,558820,594226,35406,6.34,12.2,7.09,-5.11,Africa,Quốc Gia
Cape Verde,CPV,2042,560140,597593,37453,6.69,12.56,7.14,-5.42,Africa,Quốc Gia
Cape Verde,CPV,2043,561352,600961,39609,7.06,12.91,7.18,-5.73,Africa,Quốc Gia
Cape Verde,CPV,2044,562469,604328,41859,7.44,13.3,7.22,-6.08,Africa,Quốc Gia
Cape Verde,CPV,2045,563485,607696,44211,7.85,13.74,7.27,-6.47,Africa,Quốc Gia
Cape Verde,CPV,2046,564359,611063,46704,8.28,14.23,7.31,-6.92,Africa,Quốc Gia
Cape Verde,CPV,2047,565019,614431,49412,8.75,14.75,7.35,-7.4,Africa,Quốc Gia
Cape Verde,CPV,2048,565513,617798,52285,9.25,15.29,7.39,-7.9,Africa,Quốc Gia
Cape Verde,CPV,2049,565898,621166,55268,9.77,15.87,7.44,-8.43,Africa,Quốc Gia
Cape Verde,CPV,2050,566142,624533,58391,10.31,16.48,7.48,-9.0,Africa,Quốc Gia
Cayman Islands,CYM,2027,78552,78815,263,0.33,10.7,8.08,-2.62,North America,Quốc Gia
Cayman Islands,CYM,2028,79872,80261,389,0.49,11.35,8.14,-3.21,North America,Quốc Gia
Cayman Islands,CYM,2029,81167,81707,540,0.67,12.03,8.19,-3.84,North America,Quốc Gia
Cayman Islands,CYM,2030,82432,83153,721,0.87,12.74,8.25,-4.49,North America,Quốc Gia
Cayman Islands,CYM,2031,83697,84598,901,1.08,13.45,8.3,-5.15,North America,Quốc Gia
Cayman Islands,CYM,2032,84937,86044,1107,1.3,14.17,8.35,-5.82,North America,Quốc Gia
Cayman Islands,CYM,2033,86147,87490,1343,1.56,14.91,8.4,-6.51,North America,Quốc Gia
Cayman Islands,CYM,2034,87342,88936,1594,1.83,15.65,8.45,-7.2,North America,Quốc Gia
Cayman Islands,CYM,2035,88480,90381,1901,2.15,16.38,8.49,-7.89,North America,Quốc Gia
Cayman Islands,CYM,2036,89619,91827,2208,2.46,17.11,8.54,-8.57,North America,Quốc Gia
Cayman Islands,CYM,2037,90765,93273,2508,2.76,17.82,8.58,-9.24,North America,Quốc Gia
Cayman Islands,CYM,2038,91891,94719,2828,3.08,18.51,8.62,-9.89,North America,Quốc Gia
Cayman Islands,CYM,2039,93007,96164,3157,3.39,19.18,8.66,-10.52,North America,Quốc Gia
Cayman Islands,CYM,2040,94125,97610,3485,3.7,19.83,8.7,-11.13,North America,Quốc Gia
Cayman Islands,CYM,2041,95230,99056,3826,4.02,20.46,8.74,-11.72,North America,Quốc Gia
Cayman Islands,CYM,2042,96311,100502,4191,4.35,21.06,8.77,-12.29,North America,Quốc Gia
Cayman Islands,CYM,2043,97377,101947,4570,4.69,21.64,8.81,-12.83,North America,Quốc Gia
Cayman Islands,CYM,2044,98412,103393,4981,5.06,22.21,8.84,-13.37,North America,Quốc Gia
Cayman Islands,CYM,2045,99397,104839,5442,5.48,22.77,8.88,-13.89,North America,Quốc Gia
Cayman Islands,CYM,2046,100356,106285,5929,5.91,23.31,8.91,-14.4,North America,Quốc Gia
Cayman Islands,CYM,2047,101283,107730,6447,6.37,23.83,8.94,-14.89,North America,Quốc Gia
Cayman Islands,CYM,2048,102215,109176,6961,6.81,24.33,8.97,-15.36,North America,Quốc Gia
Cayman Islands,CYM,2049,103102,110622,7520,7.29,24.8,9.0,-15.8,North America,Quốc Gia
Cayman Islands,CYM,2050,103970,112068,8098,7.79,25.25,9.03,-16.22,North America,Quốc Gia
Central African Republic,CAF,2027,5888126,5543149,-344977,-5.86,2.27,2.04,-0.23,Africa,Quốc Gia
Central African Republic,CAF,2028,6082467,5607130,-475337,-7.81,2.29,2.03,-0.26,Africa,Quốc Gia
Central African Republic,CAF,2029,6279729,5671111,-608618,-9.69,2.31,2.03,-0.28,Africa,Quốc Gia
Central African Republic,CAF,2030,6478253,5735092,-743161,-11.47,2.33,2.02,-0.31,Africa,Quốc Gia
Central African Republic,CAF,2031,6680055,5799073,-880982,-13.19,2.33,2.02,-0.31,Africa,Quốc Gia
Central African Republic,CAF,2032,6884145,5863054,-1021091,-14.83,2.34,2.01,-0.33,Africa,Quốc Gia
Central African Republic,CAF,2033,7089447,5927035,-1162412,-16.4,2.34,2.01,-0.33,Africa,Quốc Gia
Central African Republic,CAF,2034,7296252,5991016,-1305236,-17.89,2.34,2.0,-0.34,Africa,Quốc Gia
Central African Republic,CAF,2035,7502587,6054997,-1447590,-19.29,2.33,2.0,-0.33,Africa,Quốc Gia
Central African Republic,CAF,2036,7707568,6118978,-1588590,-20.61,2.32,1.99,-0.33,Africa,Quốc Gia
Central African Republic,CAF,2037,7911637,6182959,-1728678,-21.85,2.3,1.99,-0.31,Africa,Quốc Gia
Central African Republic,CAF,2038,8115868,6246940,-1868928,-23.03,2.27,1.98,-0.29,Africa,Quốc Gia
Central African Republic,CAF,2039,8321554,6310921,-2010633,-24.16,2.24,1.98,-0.26,Africa,Quốc Gia
Central African Republic,CAF,2040,8526458,6374902,-2151556,-25.23,2.2,1.97,-0.23,Africa,Quốc Gia
Central African Republic,CAF,2041,8729077,6438883,-2290194,-26.24,2.15,1.97,-0.18,Africa,Quốc Gia
Central African Republic,CAF,2042,8931169,6502864,-2428305,-27.19,2.11,1.97,-0.14,Africa,Quốc Gia
Central African Republic,CAF,2043,9134995,6566845,-2568150,-28.11,2.08,1.96,-0.12,Africa,Quốc Gia
Central African Republic,CAF,2044,9341765,6630826,-2710939,-29.02,2.06,1.96,-0.1,Africa,Quốc Gia
Central African Republic,CAF,2045,9550897,6694807,-2856090,-29.9,2.04,1.95,-0.09,Africa,Quốc Gia
Central African Republic,CAF,2046,9761450,6758788,-3002662,-30.76,2.03,1.95,-0.08,Africa,Quốc Gia
Central African Republic,CAF,2047,9972761,6822769,-3149992,-31.59,2.02,1.95,-0.07,Africa,Quốc Gia
Central African Republic,CAF,2048,10186024,6886750,-3299274,-32.39,2.02,1.94,-0.08,Africa,Quốc Gia
Central African Republic,CAF,2049,10400628,6950731,-3449897,-33.17,2.03,1.94,-0.09,Africa,Quốc Gia
Central African Republic,CAF,2050,10616753,7014712,-3602041,-33.93,2.04,1.94,-0.1,Africa,Quốc Gia
Chad,TCD,2027,22175382,20567167,-1608215,-7.25,2.15,1.97,-0.18,Africa,Quốc Gia
Chad,TCD,2028,22847750,21016721,-1831029,-8.01,2.18,1.96,-0.22,Africa,Quốc Gia
Chad,TCD,2029,23526044,21466274,-2059770,-8.76,2.22,1.95,-0.27,Africa,Quốc Gia
Chad,TCD,2030,24207490,21915828,-2291662,-9.47,2.25,1.94,-0.31,Africa,Quốc Gia
Chad,TCD,2031,24897239,22365382,-2531857,-10.17,2.29,1.93,-0.36,Africa,Quốc Gia
Chad,TCD,2032,25596234,22814936,-2781298,-10.87,2.33,1.92,-0.41,Africa,Quốc Gia
Chad,TCD,2033,26297840,23264490,-3033350,-11.53,2.37,1.91,-0.46,Africa,Quốc Gia
Chad,TCD,2034,26997405,23714044,-3283361,-12.16,2.41,1.9,-0.51,Africa,Quốc Gia
Chad,TCD,2035,27697278,24163598,-3533680,-12.76,2.46,1.89,-0.57,Africa,Quốc Gia
Chad,TCD,2036,28410500,24613152,-3797348,-13.37,2.51,1.88,-0.63,Africa,Quốc Gia
Chad,TCD,2037,29132971,25062705,-4070266,-13.97,2.57,1.88,-0.69,Africa,Quốc Gia
Chad,TCD,2038,29856463,25512259,-4344204,-14.55,2.63,1.87,-0.76,Africa,Quốc Gia
Chad,TCD,2039,30584709,25961813,-4622896,-15.12,2.68,1.86,-0.82,Africa,Quốc Gia
Chad,TCD,2040,31307342,26411367,-4895975,-15.64,2.74,1.85,-0.89,Africa,Quốc Gia
Chad,TCD,2041,32035122,26860921,-5174201,-16.15,2.8,1.85,-0.95,Africa,Quốc Gia
Chad,TCD,2042,32777674,27310475,-5467199,-16.68,2.85,1.84,-1.01,Africa,Quốc Gia
Chad,TCD,2043,33525251,27760029,-5765222,-17.2,2.9,1.83,-1.07,Africa,Quốc Gia
Chad,TCD,2044,34272327,28209583,-6062744,-17.69,2.95,1.83,-1.12,Africa,Quốc Gia
Chad,TCD,2045,35026398,28659136,-6367262,-18.18,3.0,1.82,-1.18,Africa,Quốc Gia
Chad,TCD,2046,35788070,29108690,-6679380,-18.66,3.03,1.81,-1.22,Africa,Quốc Gia
Chad,TCD,2047,36546924,29558244,-6988680,-19.12,3.07,1.81,-1.26,Africa,Quốc Gia
Chad,TCD,2048,37317474,30007798,-7309676,-19.59,3.11,1.8,-1.31,Africa,Quốc Gia
Chad,TCD,2049,38088929,30457352,-7631577,-20.04,3.17,1.8,-1.37,Africa,Quốc Gia
Chad,TCD,2050,38857686,30906906,-7950780,-20.46,3.23,1.79,-1.44,Africa,Quốc Gia
Chile,CHL,2027,20026151,20356700,330549,1.65,15.49,13.97,-1.52,South America,Quốc Gia
Chile,CHL,2028,20100933,20538519,437586,2.18,15.97,14.14,-1.83,South America,Quốc Gia
Chile,CHL,2029,20169622,20720338,550716,2.73,16.45,14.3,-2.15,South America,Quốc Gia
Chile,CHL,2030,20233186,20902158,668972,3.31,16.94,14.46,-2.48,South America,Quốc Gia
Chile,CHL,2031,20290983,21083977,792994,3.91,17.43,14.62,-2.81,South America,Quốc Gia
Chile,CHL,2032,20341800,21265796,923996,4.54,17.93,14.77,-3.16,South America,Quốc Gia
Chile,CHL,2033,20385073,21447615,1062542,5.21,18.43,14.93,-3.5,South America,Quốc Gia
Chile,CHL,2034,20422548,21629434,1206886,5.91,18.93,15.08,-3.85,South America,Quốc Gia
Chile,CHL,2035,20455939,21811253,1355314,6.63,19.42,15.22,-4.2,South America,Quốc Gia
Chile,CHL,2036,20485083,21993072,1507989,7.36,19.9,15.37,-4.53,South America,Quốc Gia
Chile,CHL,2037,20507952,22174891,1666939,8.13,20.39,15.51,-4.88,South America,Quốc Gia
Chile,CHL,2038,20524484,22356710,1832226,8.93,20.86,15.65,-5.21,South America,Quốc Gia
Chile,CHL,2039,20535711,22538529,2002818,9.75,21.33,15.79,-5.54,South America,Quốc Gia
Chile,CHL,2040,20542099,22720349,2178250,10.6,21.79,15.93,-5.86,South America,Quốc Gia
Chile,CHL,2041,20543286,22902168,2358882,11.48,22.25,16.06,-6.19,South America,Quốc Gia
Chile,CHL,2042,20539912,23083987,2544075,12.39,22.71,16.19,-6.52,South America,Quốc Gia
Chile,CHL,2043,20532922,23265806,2732884,13.31,23.16,16.32,-6.84,South America,Quốc Gia
Chile,CHL,2044,20519680,23447625,2927945,14.27,23.62,16.45,-7.17,South America,Quốc Gia
Chile,CHL,2045,20499140,23629444,3130304,15.27,24.08,16.58,-7.5,South America,Quốc Gia
Chile,CHL,2046,20473287,23811263,3337976,16.3,24.55,16.7,-7.85,South America,Quốc Gia
Chile,CHL,2047,20443724,23993082,3549358,17.36,25.03,16.82,-8.21,South America,Quốc Gia
Chile,CHL,2048,20408330,24174901,3766571,18.46,25.52,16.94,-8.58,South America,Quốc Gia
Chile,CHL,2049,20366438,24356720,3990282,19.59,26.03,17.06,-8.97,South America,Quốc Gia
Chile,CHL,2050,20320305,24538540,4218235,20.76,26.57,17.18,-9.39,South America,Quốc Gia
China,CHN,2027,1409679406,1465038042,55358636,3.93,15.59,14.13,-1.46,Asia,Quốc Gia
China,CHN,2028,1406136744,1472203778,66067034,4.7,16.48,14.36,-2.12,Asia,Quốc Gia
China,CHN,2029,1402282747,1479369514,77086767,5.5,17.45,14.6,-2.85,Asia,Quốc Gia
China,CHN,2030,1398153829,1486535250,88381421,6.32,18.34,14.83,-3.51,Asia,Quốc Gia
China,CHN,2031,1393748664,1493700986,99952322,7.17,19.2,15.07,-4.13,Asia,Quốc Gia
China,CHN,2032,1389060034,1500866722,111806688,8.05,20.0,15.3,-4.7,Asia,Quốc Gia
China,CHN,2033,1384096522,1508032457,123935935,8.95,20.87,15.52,-5.35,Asia,Quốc Gia
China,CHN,2034,1378876940,1515198193,136321253,9.89,21.83,15.75,-6.08,Asia,Quốc Gia
China,CHN,2035,1373427526,1522363929,148936403,10.84,22.78,15.97,-6.81,Asia,Quốc Gia
China,CHN,2036,1367742784,1529529665,161786881,11.83,23.71,16.19,-7.52,Asia,Quốc Gia
China,CHN,2037,1361830056,1536695401,174865345,12.84,24.55,16.41,-8.14,Asia,Quốc Gia
China,CHN,2038,1355722712,1543861136,188138424,13.88,25.34,16.63,-8.71,Asia,Quốc Gia
China,CHN,2039,1349394719,1551026872,201632153,14.94,26.04,16.84,-9.2,Asia,Quốc Gia
China,CHN,2040,1342816657,1558192608,215375951,16.04,26.61,17.05,-9.56,Asia,Quốc Gia
China,CHN,2041,1335990231,1565358344,229368113,17.17,27.07,17.26,-9.81,Asia,Quốc Gia
China,CHN,2042,1328909234,1572524080,243614846,18.33,27.45,17.47,-9.98,Asia,Quốc Gia
China,CHN,2043,1321590801,1579689816,258099015,19.53,27.76,17.68,-10.08,Asia,Quốc Gia
China,CHN,2044,1314015988,1586855551,272839563,20.76,28.11,17.89,-10.22,Asia,Quốc Gia
China,CHN,2045,1306113781,1594021287,287907506,22.04,28.49,18.09,-10.4,Asia,Quốc Gia
China,CHN,2046,1297817582,1601187023,303369441,23.38,28.92,18.29,-10.63,Asia,Quốc Gia
China,CHN,2047,1289120432,1608352759,319232327,24.76,29.43,18.49,-10.94,Asia,Quốc Gia
China,CHN,2048,1279992585,1615518495,335525910,26.21,29.92,18.69,-11.23,Asia,Quốc Gia
China,CHN,2049,1270381149,1622684230,352303081,27.73,30.37,18.88,-11.49,Asia,Quốc Gia
China,CHN,2050,1260289089,1629849966,369560877,29.32,30.9,19.08,-11.82,Asia,Quốc Gia
Colombia,COL,2027,54422272,54432771,10499,0.02,11.08,9.45,-1.63,South America,Quốc Gia
Colombia,COL,2028,54885120,55006322,121202,0.22,11.54,9.59,-1.95,South America,Quốc Gia
Colombia,COL,2029,55322624,55579872,257248,0.46,11.99,9.72,-2.27,South America,Quốc Gia
Colombia,COL,2030,55736472,56153423,416951,0.75,12.45,9.85,-2.6,South America,Quốc Gia
Colombia,COL,2031,56125963,56726974,601011,1.07,12.9,9.97,-2.93,South America,Quốc Gia
Colombia,COL,2032,56490493,57300524,810031,1.43,13.34,10.1,-3.24,South America,Quốc Gia
Colombia,COL,2033,56832261,57874075,1041814,1.83,13.77,10.22,-3.55,South America,Quốc Gia
Colombia,COL,2034,57151616,58447626,1296010,2.27,14.18,10.34,-3.84,South America,Quốc Gia
Colombia,COL,2035,57445752,59021177,1575425,2.74,14.58,10.45,-4.13,South America,Quốc Gia
Colombia,COL,2036,57716866,59594727,1877861,3.25,14.96,10.57,-4.39,South America,Quốc Gia
Colombia,COL,2037,57965297,60168278,2202981,3.8,15.33,10.68,-4.65,South America,Quốc Gia
Colombia,COL,2038,58190079,60741829,2551750,4.39,15.7,10.79,-4.91,South America,Quốc Gia
Colombia,COL,2039,58394307,61315379,2921072,5.0,16.06,10.9,-5.16,South America,Quốc Gia
Colombia,COL,2040,58576448,61888930,3312482,5.65,16.42,11.0,-5.42,South America,Quốc Gia
Colombia,COL,2041,58736882,62462481,3725599,6.34,16.79,11.11,-5.68,South America,Quốc Gia
Colombia,COL,2042,58878122,63036031,4157909,7.06,17.17,11.21,-5.96,South America,Quốc Gia
Colombia,COL,2043,59000359,63609582,4609223,7.81,17.56,11.31,-6.25,South America,Quốc Gia
Colombia,COL,2044,59104588,64183133,5078545,8.59,17.95,11.41,-6.54,South America,Quốc Gia
Colombia,COL,2045,59190823,64756684,5565861,9.4,18.36,11.5,-6.86,South America,Quốc Gia
Colombia,COL,2046,59259755,65330234,6070479,10.24,18.78,11.6,-7.18,South America,Quốc Gia
Colombia,COL,2047,59313128,65903785,6590657,11.11,19.23,11.69,-7.54,South America,Quốc Gia
Colombia,COL,2048,59351259,66477336,7126077,12.01,19.68,11.78,-7.9,South America,Quốc Gia
Colombia,COL,2049,59375009,67050886,7675877,12.93,20.12,11.87,-8.25,South America,Quốc Gia
Colombia,COL,2050,59385352,67624437,8239085,13.87,20.57,11.96,-8.61,South America,Quốc Gia
Comoros,COM,2027,915183,892231,-22952,-2.51,4.44,4.44,0.0,Africa,Quốc Gia
Comoros,COM,2028,931436,905412,-26024,-2.79,4.45,4.45,0.0,Africa,Quốc Gia
Comoros,COM,2029,947809,918592,-29217,-3.08,4.46,4.46,0.0,Africa,Quốc Gia
Comoros,COM,2030,964273,931772,-32501,-3.37,4.49,4.47,-0.02,Africa,Quốc Gia
Comoros,COM,2031,980776,944953,-35823,-3.65,4.52,4.47,-0.05,Africa,Quốc Gia
Comoros,COM,2032,997348,958133,-39215,-3.93,4.57,4.48,-0.09,Africa,Quốc Gia
Comoros,COM,2033,1014071,971313,-42758,-4.22,4.62,4.48,-0.14,Africa,Quốc Gia
Comoros,COM,2034,1030872,984493,-46379,-4.5,4.68,4.49,-0.19,Africa,Quốc Gia
Comoros,COM,2035,1047768,997674,-50094,-4.78,4.75,4.5,-0.25,Africa,Quốc Gia
Comoros,COM,2036,1064855,1010854,-54001,-5.07,4.82,4.5,-0.32,Africa,Quốc Gia
Comoros,COM,2037,1082007,1024034,-57973,-5.36,4.9,4.51,-0.39,Africa,Quốc Gia
Comoros,COM,2038,1099153,1037215,-61938,-5.64,4.98,4.51,-0.47,Africa,Quốc Gia
Comoros,COM,2039,1116426,1050395,-66031,-5.91,5.07,4.52,-0.55,Africa,Quốc Gia
Comoros,COM,2040,1133784,1063575,-70209,-6.19,5.17,4.52,-0.65,Africa,Quốc Gia
Comoros,COM,2041,1151154,1076756,-74398,-6.46,5.28,4.53,-0.75,Africa,Quốc Gia
Comoros,COM,2042,1168513,1089936,-78577,-6.72,5.4,4.53,-0.87,Africa,Quốc Gia
Comoros,COM,2043,1185962,1103116,-82846,-6.99,5.54,4.54,-1.0,Africa,Quốc Gia
Comoros,COM,2044,1203544,1116296,-87248,-7.25,5.68,4.54,-1.14,Africa,Quốc Gia
Comoros,COM,2045,1221075,1129477,-91598,-7.5,5.83,4.55,-1.28,Africa,Quốc Gia
Comoros,COM,2046,1238462,1142657,-95805,-7.74,5.99,4.55,-1.44,Africa,Quốc Gia
Comoros,COM,2047,1255719,1155837,-99882,-7.95,6.13,4.56,-1.57,Africa,Quốc Gia
Comoros,COM,2048,1273043,1169018,-104025,-8.17,6.27,4.56,-1.71,Africa,Quốc Gia
Comoros,COM,2049,1290374,1182198,-108176,-8.38,6.41,4.57,-1.84,Africa,Quốc Gia
Comoros,COM,2050,1307561,1195378,-112183,-8.58,6.54,4.57,-1.97,Africa,Quốc Gia
Congo,COG,2027,6794298,6647690,-146608,-2.16,3.23,2.79,-0.44,Africa,Quốc Gia
Congo,COG,2028,6953976,6775715,-178261,-2.56,3.32,2.79,-0.53,Africa,Quốc Gia
Congo,COG,2029,7116467,6903740,-212727,-2.99,3.41,2.78,-0.63,Africa,Quốc Gia
Congo,COG,2030,7282271,7031765,-250506,-3.44,3.51,2.78,-0.73,Africa,Quốc Gia
Congo,COG,2031,7452416,7159790,-292626,-3.93,3.61,2.78,-0.83,Africa,Quốc Gia
Congo,COG,2032,7626485,7287815,-338670,-4.44,3.71,2.77,-0.94,Africa,Quốc Gia
Congo,COG,2033,7803000,7415840,-387160,-4.96,3.81,2.77,-1.04,Africa,Quốc Gia
Congo,COG,2034,7981349,7543865,-437484,-5.48,3.91,2.77,-1.14,Africa,Quốc Gia
Congo,COG,2035,8160735,7671890,-488845,-5.99,4.02,2.76,-1.26,Africa,Quốc Gia
Congo,COG,2036,8341717,7799915,-541802,-6.5,4.11,2.76,-1.35,Africa,Quốc Gia
Congo,COG,2037,8524810,7927940,-596870,-7.0,4.21,2.76,-1.45,Africa,Quốc Gia
Congo,COG,2038,8709730,8055965,-653765,-7.51,4.31,2.76,-1.55,Africa,Quốc Gia
Congo,COG,2039,8896176,8183990,-712186,-8.01,4.41,2.75,-1.66,Africa,Quốc Gia
Congo,COG,2040,9083972,8312015,-771957,-8.5,4.51,2.75,-1.76,Africa,Quốc Gia
Congo,COG,2041,9274668,8440040,-834628,-9.0,4.62,2.75,-1.87,Africa,Quốc Gia
Congo,COG,2042,9466759,8568065,-898694,-9.49,4.73,2.74,-1.99,Africa,Quốc Gia
Congo,COG,2043,9658848,8696090,-962758,-9.97,4.83,2.74,-2.09,Africa,Quốc Gia
Congo,COG,2044,9850506,8824115,-1026391,-10.42,4.93,2.74,-2.19,Africa,Quốc Gia
Congo,COG,2045,10041906,8952140,-1089766,-10.85,5.02,2.74,-2.28,Africa,Quốc Gia
Congo,COG,2046,10234375,9080166,-1154209,-11.28,5.12,2.73,-2.39,Africa,Quốc Gia
Congo,COG,2047,10427912,9208191,-1219721,-11.7,5.2,2.73,-2.47,Africa,Quốc Gia
Congo,COG,2048,10621395,9336216,-1285179,-12.1,5.28,2.73,-2.55,Africa,Quốc Gia
Congo,COG,2049,10813655,9464241,-1349414,-12.48,5.36,2.73,-2.63,Africa,Quốc Gia
Congo,COG,2050,11006470,9592266,-1414204,-12.85,5.45,2.73,-2.72,Africa,Quốc Gia
Cook Islands,COK,2027,12461,14889,2428,19.48,16.56,13.79,-2.77,Oceania,Quốc Gia
Cook Islands,COK,2028,12113,14818,2705,22.33,17.62,14.12,-3.5,Oceania,Quốc Gia
Cook Islands,COK,2029,11797,14747,2950,25.01,18.61,14.46,-4.15,Oceania,Quốc Gia
Cook Islands,COK,2030,11519,14677,3158,27.42,19.61,14.8,-4.81,Oceania,Quốc Gia
Cook Islands,COK,2031,11281,14606,3325,29.47,20.57,15.14,-5.43,Oceania,Quốc Gia
Cook Islands,COK,2032,11079,14535,3456,31.19,21.49,15.48,-6.01,Oceania,Quốc Gia
Cook Islands,COK,2033,10893,14464,3571,32.78,22.31,15.83,-6.48,Oceania,Quốc Gia
Cook Islands,COK,2034,10727,14393,3666,34.18,23.13,16.18,-6.95,Oceania,Quốc Gia
Cook Islands,COK,2035,10563,14322,3759,35.59,23.91,16.54,-7.37,Oceania,Quốc Gia
Cook Islands,COK,2036,10409,14251,3842,36.91,24.61,16.9,-7.71,Oceania,Quốc Gia
Cook Islands,COK,2037,10283,14180,3897,37.9,25.28,17.26,-8.02,Oceania,Quốc Gia
Cook Islands,COK,2038,10168,14110,3942,38.77,25.87,17.62,-8.25,Oceania,Quốc Gia
Cook Islands,COK,2039,10070,14039,3969,39.41,26.4,17.99,-8.41,Oceania,Quốc Gia
Cook Islands,COK,2040,9969,13968,3999,40.11,26.78,18.37,-8.41,Oceania,Quốc Gia
Cook Islands,COK,2041,9880,13897,4017,40.66,27.13,18.74,-8.39,Oceania,Quốc Gia
Cook Islands,COK,2042,9819,13826,4007,40.81,27.34,19.12,-8.22,Oceania,Quốc Gia
Cook Islands,COK,2043,9766,13755,3989,40.85,27.48,19.51,-7.97,Oceania,Quốc Gia
Cook Islands,COK,2044,9709,13684,3975,40.94,27.61,19.9,-7.71,Oceania,Quốc Gia
Cook Islands,COK,2045,9646,13613,3967,41.13,27.66,20.29,-7.37,Oceania,Quốc Gia
Cook Islands,COK,2046,9584,13543,3959,41.31,27.66,20.69,-6.97,Oceania,Quốc Gia
Cook Islands,COK,2047,9535,13472,3937,41.29,27.71,21.09,-6.62,Oceania,Quốc Gia
Cook Islands,COK,2048,9475,13401,3926,41.44,27.72,21.5,-6.22,Oceania,Quốc Gia
Cook Islands,COK,2049,9423,13330,3907,41.46,27.74,21.91,-5.83,Oceania,Quốc Gia
Cook Islands,COK,2050,9359,13259,3900,41.67,27.69,22.32,-5.37,Oceania,Quốc Gia
Costa Rica,CRI,2027,5195558,5402826,207268,3.99,13.83,11.75,-2.08,North America,Quốc Gia
Costa Rica,CRI,2028,5215249,5457139,241890,4.64,14.39,11.92,-2.47,North America,Quốc Gia
Costa Rica,CRI,2029,5233878,5511452,277574,5.3,14.94,12.09,-2.85,North America,Quốc Gia
Costa Rica,CRI,2030,5251497,5565765,314268,5.98,15.48,12.25,-3.23,North America,Quốc Gia
Costa Rica,CRI,2031,5268140,5620078,351938,6.68,16.0,12.41,-3.59,North America,Quốc Gia
Costa Rica,CRI,2032,5283810,5674390,390580,7.39,16.51,12.57,-3.94,North America,Quốc Gia
Costa Rica,CRI,2033,5298517,5728703,430186,8.12,16.99,12.72,-4.27,North America,Quốc Gia
Costa Rica,CRI,2034,5312162,5783016,470854,8.86,17.45,12.87,-4.58,North America,Quốc Gia
Costa Rica,CRI,2035,5324699,5837329,512630,9.63,17.91,13.02,-4.89,North America,Quốc Gia
Costa Rica,CRI,2036,5336135,5891642,555507,10.41,18.34,13.17,-5.17,North America,Quốc Gia
Costa Rica,CRI,2037,5346411,5945955,599544,11.21,18.77,13.31,-5.46,North America,Quốc Gia
Costa Rica,CRI,2038,5355520,6000268,644748,12.04,19.19,13.45,-5.74,North America,Quốc Gia
Costa Rica,CRI,2039,5363366,6054580,691214,12.89,19.6,13.59,-6.01,North America,Quốc Gia
Costa Rica,CRI,2040,5369808,6108893,739085,13.76,20.03,13.72,-6.31,North America,Quốc Gia
Costa Rica,CRI,2041,5374937,6163206,788269,14.67,20.47,13.85,-6.62,North America,Quốc Gia
Costa Rica,CRI,2042,5378673,6217519,838846,15.6,20.92,13.98,-6.94,North America,Quốc Gia
Costa Rica,CRI,2043,5380918,6271832,890914,16.56,21.39,14.11,-7.28,North America,Quốc Gia
Costa Rica,CRI,2044,5381723,6326145,944422,17.55,21.88,14.24,-7.64,North America,Quốc Gia
Costa Rica,CRI,2045,5381017,6380458,999441,18.57,22.39,14.36,-8.03,North America,Quốc Gia
Costa Rica,CRI,2046,5378760,6434770,1056010,19.63,22.91,14.48,-8.43,North America,Quốc Gia
Costa Rica,CRI,2047,5374947,6489083,1114136,20.73,23.45,14.6,-8.85,North America,Quốc Gia
Costa Rica,CRI,2048,5369580,6543396,1173816,21.86,24.02,14.72,-9.3,North America,Quốc Gia
Costa Rica,CRI,2049,5362653,6597709,1235056,23.03,24.6,14.84,-9.76,North America,Quốc Gia
Costa Rica,CRI,2050,5354149,6652022,1297873,24.24,25.21,14.95,-10.26,North America,Quốc Gia
Cote d'Ivoire,CIV,2027,34281127,32891777,-1389350,-4.05,2.75,2.55,-0.2,Africa,Quốc Gia
Cote d'Ivoire,CIV,2028,35077093,33467924,-1609169,-4.59,2.8,2.55,-0.25,Africa,Quốc Gia
Cote d'Ivoire,CIV,2029,35883463,34044071,-1839392,-5.13,2.85,2.56,-0.29,Africa,Quốc Gia
Cote d'Ivoire,CIV,2030,36699006,34620218,-2078788,-5.66,2.9,2.56,-0.34,Africa,Quốc Gia
Cote d'Ivoire,CIV,2031,37529367,35196365,-2333002,-6.22,2.96,2.56,-0.4,Africa,Quốc Gia
Cote d'Ivoire,CIV,2032,38376611,35772512,-2604099,-6.79,3.01,2.57,-0.44,Africa,Quốc Gia
Cote d'Ivoire,CIV,2033,39244386,36348659,-2895727,-7.38,3.07,2.57,-0.5,Africa,Quốc Gia
Cote d'Ivoire,CIV,2034,40132805,36924805,-3208000,-7.99,3.13,2.57,-0.56,Africa,Quốc Gia
Cote d'Ivoire,CIV,2035,41033847,37500952,-3532895,-8.61,3.19,2.58,-0.61,Africa,Quốc Gia
Cote d'Ivoire,CIV,2036,41948466,38077099,-3871367,-9.23,3.25,2.58,-0.67,Africa,Quốc Gia
Cote d'Ivoire,CIV,2037,42880002,38653246,-4226756,-9.86,3.32,2.58,-0.74,Africa,Quốc Gia
Cote d'Ivoire,CIV,2038,43824360,39229393,-4594967,-10.48,3.4,2.58,-0.82,Africa,Quốc Gia
Cote d'Ivoire,CIV,2039,44778749,39805540,-4973209,-11.11,3.48,2.59,-0.89,Africa,Quốc Gia
Cote d'Ivoire,CIV,2040,45743920,40381687,-5362233,-11.72,3.58,2.59,-0.99,Africa,Quốc Gia
Cote d'Ivoire,CIV,2041,46717433,40957834,-5759599,-12.33,3.68,2.59,-1.09,Africa,Quốc Gia
Cote d'Ivoire,CIV,2042,47702161,41533981,-6168180,-12.93,3.78,2.59,-1.19,Africa,Quốc Gia
Cote d'Ivoire,CIV,2043,48700668,42110128,-6590540,-13.53,3.89,2.6,-1.29,Africa,Quốc Gia
Cote d'Ivoire,CIV,2044,49709047,42686275,-7022772,-14.13,4.0,2.6,-1.4,Africa,Quốc Gia
Cote d'Ivoire,CIV,2045,50716070,43262422,-7453648,-14.7,4.12,2.6,-1.52,Africa,Quốc Gia
Cote d'Ivoire,CIV,2046,51718054,43838569,-7879485,-15.24,4.24,2.6,-1.64,Africa,Quốc Gia
Cote d'Ivoire,CIV,2047,52721463,44414715,-8306748,-15.76,4.36,2.61,-1.75,Africa,Quốc Gia
Cote d'Ivoire,CIV,2048,53730592,44990862,-8739730,-16.27,4.48,2.61,-1.87,Africa,Quốc Gia
Cote d'Ivoire,CIV,2049,54739403,45567009,-9172394,-16.76,4.6,2.61,-1.99,Africa,Quốc Gia
Cote d'Ivoire,CIV,2050,55746985,46143156,-9603829,-17.23,4.72,2.61,-2.11,Africa,Quốc Gia
Croatia,HRV,2027,3797351,3838495,41144,1.08,24.4,23.91,-0.49,Europe,Quốc Gia
Croatia,HRV,2028,3773297,3816062,42765,1.13,24.75,24.27,-0.48,Europe,Quốc Gia
Croatia,HRV,2029,3749596,3793630,44034,1.17,25.08,24.64,-0.44,Europe,Quốc Gia
Croatia,HRV,2030,3725768,3771197,45429,1.22,25.43,25.01,-0.42,Europe,Quốc Gia
Croatia,HRV,2031,3701679,3748765,47086,1.27,25.8,25.39,-0.41,Europe,Quốc Gia
Croatia,HRV,2032,3677456,3726332,48876,1.33,26.14,25.77,-0.37,Europe,Quốc Gia
Croatia,HRV,2033,3653761,3703900,50139,1.37,26.43,26.15,-0.28,Europe,Quốc Gia
Croatia,HRV,2034,3630277,3681467,51190,1.41,26.67,26.54,-0.13,Europe,Quốc Gia
Croatia,HRV,2035,3607218,3659035,51817,1.44,26.87,26.94,0.07,Europe,Quốc Gia
Croatia,HRV,2036,3584369,3636602,52233,1.46,27.06,27.34,0.28,Europe,Quốc Gia
Croatia,HRV,2037,3560763,3614170,53407,1.5,27.29,27.74,0.45,Europe,Quốc Gia
Croatia,HRV,2038,3536619,3591737,55118,1.56,27.52,28.15,0.63,Europe,Quốc Gia
Croatia,HRV,2039,3512500,3569304,56804,1.62,27.74,28.57,0.83,Europe,Quốc Gia
Croatia,HRV,2040,3488305,3546872,58567,1.68,27.97,28.99,1.02,Europe,Quốc Gia
Croatia,HRV,2041,3463776,3524439,60663,1.75,28.21,29.41,1.2,Europe,Quốc Gia
Croatia,HRV,2042,3438934,3502007,63073,1.83,28.46,29.84,1.38,Europe,Quốc Gia
Croatia,HRV,2043,3413969,3479574,65605,1.92,28.72,30.28,1.56,Europe,Quốc Gia
Croatia,HRV,2044,3388572,3457142,68570,2.02,29.01,30.72,1.71,Europe,Quốc Gia
Croatia,HRV,2045,3362962,3434709,71747,2.13,29.32,31.17,1.85,Europe,Quốc Gia
Croatia,HRV,2046,3337508,3412277,74769,2.24,29.61,31.62,2.01,Europe,Quốc Gia
Croatia,HRV,2047,3311884,3389844,77960,2.35,29.88,32.08,2.2,Europe,Quốc Gia
Croatia,HRV,2048,3286005,3367412,81407,2.48,30.15,32.55,2.4,Europe,Quốc Gia
Croatia,HRV,2049,3260126,3344979,84853,2.6,30.41,33.02,2.61,Europe,Quốc Gia
Croatia,HRV,2050,3234155,3322547,88392,2.73,30.66,33.5,2.84,Europe,Quốc Gia
Cuba,CUB,2027,10846708,11175352,328644,3.03,18.29,17.39,-0.9,North America,Quốc Gia
Cuba,CUB,2028,10799586,11176639,377053,3.49,19.14,17.66,-1.48,North America,Quốc Gia
Cuba,CUB,2029,10750889,11177927,427038,3.97,20.04,17.94,-2.1,North America,Quốc Gia
Cuba,CUB,2030,10700819,11179214,478395,4.47,20.95,18.21,-2.74,North America,Quốc Gia
Cuba,CUB,2031,10649671,11180501,530830,4.98,21.84,18.49,-3.35,North America,Quốc Gia
Cuba,CUB,2032,10597335,11181788,584453,5.52,22.7,18.76,-3.94,North America,Quốc Gia
Cuba,CUB,2033,10543538,11183076,639538,6.07,23.52,19.03,-4.49,North America,Quốc Gia
Cuba,CUB,2034,10488269,11184363,696094,6.64,24.31,19.31,-5.0,North America,Quốc Gia
Cuba,CUB,2035,10431761,11185650,753889,7.23,25.09,19.58,-5.51,North America,Quốc Gia
Cuba,CUB,2036,10373923,11186938,813015,7.84,25.9,19.86,-6.04,North America,Quốc Gia
Cuba,CUB,2037,10314338,11188225,873887,8.47,26.72,20.13,-6.59,North America,Quốc Gia
Cuba,CUB,2038,10253201,11189512,936311,9.13,27.46,20.4,-7.06,North America,Quốc Gia
Cuba,CUB,2039,10190463,11190800,1000337,9.82,28.05,20.68,-7.37,North America,Quốc Gia
Cuba,CUB,2040,10125837,11192087,1066250,10.53,28.5,20.95,-7.55,North America,Quốc Gia
Cuba,CUB,2041,10059298,11193374,1134076,11.27,28.88,21.22,-7.66,North America,Quốc Gia
Cuba,CUB,2042,9990897,11194662,1203765,12.05,29.15,21.5,-7.65,North America,Quốc Gia
Cuba,CUB,2043,9920670,11195949,1275279,12.85,29.29,21.77,-7.52,North America,Quốc Gia
Cuba,CUB,2044,9848751,11197236,1348485,13.69,29.34,22.04,-7.3,North America,Quốc Gia
Cuba,CUB,2045,9775205,11198524,1423319,14.56,29.36,22.32,-7.04,North America,Quốc Gia
Cuba,CUB,2046,9699828,11199811,1499983,15.46,29.36,22.59,-6.77,North America,Quốc Gia
Cuba,CUB,2047,9622706,11201098,1578392,16.4,29.44,22.86,-6.58,North America,Quốc Gia
Cuba,CUB,2048,9544141,11202386,1658245,17.37,29.63,23.14,-6.49,North America,Quốc Gia
Cuba,CUB,2049,9463925,11203673,1739748,18.38,29.84,23.41,-6.43,North America,Quốc Gia
Cuba,CUB,2050,9381995,11204960,1822965,19.43,30.11,23.68,-6.43,North America,Quốc Gia
Curacao,CUW,2027,185371,187505,2134,1.15,18.37,17.1,-1.27,North America,Quốc Gia
Curacao,CUW,2028,185256,188940,3684,1.99,18.91,17.34,-1.57,North America,Quốc Gia
Curacao,CUW,2029,185076,190374,5298,2.86,19.42,17.58,-1.84,North America,Quốc Gia
Curacao,CUW,2030,184835,191809,6974,3.77,19.91,17.81,-2.1,North America,Quốc Gia
Curacao,CUW,2031,184545,193244,8699,4.71,20.36,18.04,-2.32,North America,Quốc Gia
Curacao,CUW,2032,184228,194679,10451,5.67,20.75,18.27,-2.48,North America,Quốc Gia
Curacao,CUW,2033,183871,196114,12243,6.66,21.09,18.49,-2.6,North America,Quốc Gia
Curacao,CUW,2034,183460,197549,14089,7.68,21.41,18.71,-2.7,North America,Quốc Gia
Curacao,CUW,2035,183035,198984,15949,8.71,21.7,18.93,-2.77,North America,Quốc Gia
Curacao,CUW,2036,182560,200419,17859,9.78,21.97,19.14,-2.83,North America,Quốc Gia
Curacao,CUW,2037,182066,201854,19788,10.87,22.22,19.35,-2.87,North America,Quốc Gia
Curacao,CUW,2038,181556,203289,21733,11.97,22.46,19.56,-2.9,North America,Quốc Gia
Curacao,CUW,2039,181007,204724,23717,13.1,22.67,19.76,-2.91,North America,Quốc Gia
Curacao,CUW,2040,180407,206159,25752,14.27,22.84,19.96,-2.88,North America,Quốc Gia
Curacao,CUW,2041,179807,207593,27786,15.45,22.97,20.16,-2.81,North America,Quốc Gia
Curacao,CUW,2042,179186,209028,29842,16.65,23.07,20.36,-2.71,North America,Quốc Gia
Curacao,CUW,2043,178546,210463,31917,17.88,23.14,20.55,-2.59,North America,Quốc Gia
Curacao,CUW,2044,177889,211898,34009,19.12,23.19,20.74,-2.45,North America,Quốc Gia
Curacao,CUW,2045,177202,213333,36131,20.39,23.24,20.93,-2.31,North America,Quốc Gia
Curacao,CUW,2046,176519,214768,38249,21.67,23.31,21.12,-2.19,North America,Quốc Gia
Curacao,CUW,2047,175802,216203,40401,22.98,23.41,21.3,-2.11,North America,Quốc Gia
Curacao,CUW,2048,175049,217638,42589,24.33,23.53,21.48,-2.05,North America,Quốc Gia
Curacao,CUW,2049,174291,219073,44782,25.69,23.68,21.66,-2.02,North America,Quốc Gia
Curacao,CUW,2050,173500,220508,47008,27.09,23.82,21.84,-1.98,North America,Quốc Gia
Cyprus,CYP,2027,1393338,1419139,25801,1.85,15.56,14.39,-1.17,Asia,Quốc Gia
Cyprus,CYP,2028,1403782,1436475,32693,2.33,15.89,14.51,-1.38,Asia,Quốc Gia
Cyprus,CYP,2029,1413345,1453810,40465,2.86,16.21,14.61,-1.6,Asia,Quốc Gia
Cyprus,CYP,2030,1422322,1471145,48823,3.43,16.55,14.72,-1.83,Asia,Quốc Gia
Cyprus,CYP,2031,1430681,1488481,57800,4.04,16.9,14.83,-2.07,Asia,Quốc Gia
Cyprus,CYP,2032,1438507,1505816,67309,4.68,17.26,14.93,-2.33,Asia,Quốc Gia
Cyprus,CYP,2033,1445962,1523151,77189,5.34,17.64,15.03,-2.61,Asia,Quốc Gia
Cyprus,CYP,2034,1452847,1540487,87640,6.03,18.02,15.12,-2.9,Asia,Quốc Gia
Cyprus,CYP,2035,1459195,1557822,98627,6.76,18.42,15.22,-3.2,Asia,Quốc Gia
Cyprus,CYP,2036,1465176,1575157,109981,7.51,18.8,15.31,-3.49,Asia,Quốc Gia
Cyprus,CYP,2037,1470717,1592493,121776,8.28,19.19,15.4,-3.79,Asia,Quốc Gia
Cyprus,CYP,2038,1475797,1609828,134031,9.08,19.57,15.49,-4.08,Asia,Quốc Gia
Cyprus,CYP,2039,1480545,1627163,146618,9.9,19.97,15.58,-4.39,Asia,Quốc Gia
Cyprus,CYP,2040,1484850,1644499,159649,10.75,20.38,15.66,-4.72,Asia,Quốc Gia
Cyprus,CYP,2041,1488693,1661834,173141,11.63,20.82,15.75,-5.07,Asia,Quốc Gia
Cyprus,CYP,2042,1492049,1679169,187120,12.54,21.31,15.83,-5.48,Asia,Quốc Gia
Cyprus,CYP,2043,1494988,1696505,201517,13.48,21.83,15.91,-5.92,Asia,Quốc Gia
Cyprus,CYP,2044,1497657,1713840,216183,14.43,22.4,15.99,-6.41,Asia,Quốc Gia
Cyprus,CYP,2045,1500067,1731175,231108,15.41,23.0,16.06,-6.94,Asia,Quốc Gia
Cyprus,CYP,2046,1502261,1748511,246250,16.39,23.63,16.14,-7.49,Asia,Quốc Gia
Cyprus,CYP,2047,1504228,1765846,261618,17.39,24.31,16.21,-8.1,Asia,Quốc Gia
Cyprus,CYP,2048,1505915,1783181,277266,18.41,25.01,16.28,-8.73,Asia,Quốc Gia
Cyprus,CYP,2049,1507317,1800517,293200,19.45,25.73,16.36,-9.37,Asia,Quốc Gia
Cyprus,CYP,2050,1508484,1817852,309368,20.51,26.48,16.42,-10.06,Asia,Quốc Gia
Czechia,CZE,2027,10505709,10682585,176876,1.68,21.62,21.49,-0.13,Europe,Quốc Gia
Czechia,CZE,2028,10481069,10697246,216177,2.06,21.86,21.78,-0.08,Europe,Quốc Gia
Czechia,CZE,2029,10453898,10711906,258008,2.47,22.19,22.06,-0.13,Europe,Quốc Gia
Czechia,CZE,2030,10425095,10726566,301471,2.89,22.49,22.34,-0.15,Europe,Quốc Gia
Czechia,CZE,2031,10394941,10741226,346285,3.33,22.74,22.62,-0.12,Europe,Quốc Gia
Czechia,CZE,2032,10363596,10755886,392290,3.79,22.94,22.9,-0.04,Europe,Quốc Gia
Czechia,CZE,2033,10331409,10770546,439137,4.25,23.13,23.18,0.05,Europe,Quốc Gia
Czechia,CZE,2034,10298792,10785207,486415,4.72,23.33,23.46,0.13,Europe,Quốc Gia
Czechia,CZE,2035,10265954,10799867,533913,5.2,23.58,23.74,0.16,Europe,Quốc Gia
Czechia,CZE,2036,10233376,10814527,581151,5.68,23.87,24.01,0.14,Europe,Quốc Gia
Czechia,CZE,2037,10200964,10829187,628223,6.16,24.22,24.29,0.07,Europe,Quốc Gia
Czechia,CZE,2038,10168996,10843847,674851,6.64,24.67,24.56,-0.11,Europe,Quốc Gia
Czechia,CZE,2039,10137728,10858508,720780,7.11,25.25,24.84,-0.41,Europe,Quốc Gia
Czechia,CZE,2040,10107227,10873168,765941,7.58,25.87,25.11,-0.76,Europe,Quốc Gia
Czechia,CZE,2041,10077470,10887828,810358,8.04,26.47,25.39,-1.08,Europe,Quốc Gia
Czechia,CZE,2042,10048350,10902488,854138,8.5,27.02,25.66,-1.36,Europe,Quốc Gia
Czechia,CZE,2043,10020092,10917148,897056,8.95,27.54,25.93,-1.61,Europe,Quốc Gia
Czechia,CZE,2044,9992433,10931809,939376,9.4,28.02,26.2,-1.82,Europe,Quốc Gia
Czechia,CZE,2045,9965088,10946469,981381,9.85,28.4,26.47,-1.93,Europe,Quốc Gia
Czechia,CZE,2046,9937600,10961129,1023529,10.3,28.67,26.74,-1.93,Europe,Quốc Gia
Czechia,CZE,2047,9910067,10975789,1065722,10.75,28.91,27.01,-1.9,Europe,Quốc Gia
Czechia,CZE,2048,9882446,10990449,1108003,11.21,29.12,27.28,-1.84,Europe,Quốc Gia
Czechia,CZE,2049,9854500,11005110,1150610,11.68,29.34,27.55,-1.79,Europe,Quốc Gia
Czechia,CZE,2050,9825542,11019770,1194228,12.15,29.55,27.81,-1.74,Europe,Quốc Gia
Democratic Republic of Congo,COD,2027,120129742,111554640,-8575102,-7.14,3.1,3.12,0.02,Africa,Quốc Gia
Democratic Republic of Congo,COD,2028,123871553,113838927,-10032626,-8.1,3.12,3.12,0.0,Africa,Quốc Gia
Democratic Republic of Congo,COD,2029,127674140,116123214,-11550926,-9.05,3.13,3.12,-0.01,Africa,Quốc Gia
Democratic Republic of Congo,COD,2030,131532199,118407501,-13124698,-9.98,3.14,3.12,-0.02,Africa,Quốc Gia
Democratic Republic of Congo,COD,2031,135447495,120691788,-14755707,-10.89,3.16,3.12,-0.04,Africa,Quốc Gia
Democratic Republic of Congo,COD,2032,139408613,122976075,-16432538,-11.79,3.18,3.13,-0.05,Africa,Quốc Gia
Democratic Republic of Congo,COD,2033,143414029,125260362,-18153667,-12.66,3.19,3.13,-0.06,Africa,Quốc Gia
Democratic Republic of Congo,COD,2034,147468140,127544649,-19923491,-13.51,3.21,3.13,-0.08,Africa,Quốc Gia
Democratic Republic of Congo,COD,2035,151560101,129828936,-21731165,-14.34,3.22,3.13,-0.09,Africa,Quốc Gia
Democratic Republic of Congo,COD,2036,155689452,132113223,-23576229,-15.14,3.24,3.13,-0.11,Africa,Quốc Gia
Democratic Republic of Congo,COD,2037,159848574,134397510,-25451064,-15.92,3.25,3.13,-0.12,Africa,Quốc Gia
Democratic Republic of Congo,COD,2038,164045608,136681797,-27363811,-16.68,3.27,3.14,-0.13,Africa,Quốc Gia
Democratic Republic of Congo,COD,2039,168296692,138966084,-29330608,-17.43,3.28,3.14,-0.14,Africa,Quốc Gia
Democratic Republic of Congo,COD,2040,172595578,141250371,-31345207,-18.16,3.29,3.14,-0.15,Africa,Quốc Gia
Democratic Republic of Congo,COD,2041,176946261,143534658,-33411603,-18.88,3.3,3.14,-0.16,Africa,Quốc Gia
Democratic Republic of Congo,COD,2042,181350406,145818945,-35531461,-19.59,3.31,3.14,-0.17,Africa,Quốc Gia
Democratic Republic of Congo,COD,2043,185805168,148103232,-37701936,-20.29,3.32,3.14,-0.18,Africa,Quốc Gia
Democratic Republic of Congo,COD,2044,190312003,150387519,-39924484,-20.98,3.33,3.14,-0.19,Africa,Quốc Gia
Democratic Republic of Congo,COD,2045,194865384,152671806,-42193578,-21.65,3.35,3.14,-0.21,Africa,Quốc Gia
Democratic Republic of Congo,COD,2046,199464486,154956093,-44508393,-22.31,3.38,3.15,-0.23,Africa,Quốc Gia
Democratic Republic of Congo,COD,2047,204105925,157240380,-46865545,-22.96,3.41,3.15,-0.26,Africa,Quốc Gia
Democratic Republic of Congo,COD,2048,208783691,159524667,-49259024,-23.59,3.45,3.15,-0.3,Africa,Quốc Gia
Democratic Republic of Congo,COD,2049,213497691,161808954,-51688737,-24.21,3.49,3.15,-0.34,Africa,Quốc Gia
Democratic Republic of Congo,COD,2050,218246071,164093241,-54152830,-24.81,3.54,3.15,-0.39,Africa,Quốc Gia
Denmark,DNK,2027,6041440,6011588,-29852,-0.49,21.66,21.07,-0.59,Europe,Quốc Gia
Denmark,DNK,2028,6057185,6037016,-20169,-0.33,21.98,21.27,-0.71,Europe,Quốc Gia
Denmark,DNK,2029,6070618,6062445,-8173,-0.13,22.35,21.47,-0.88,Europe,Quốc Gia
Denmark,DNK,2030,6081991,6087873,5882,0.1,22.73,21.67,-1.06,Europe,Quốc Gia
Denmark,DNK,2031,6091945,6113302,21357,0.35,23.14,21.86,-1.28,Europe,Quốc Gia
Denmark,DNK,2032,6100376,6138730,38354,0.63,23.52,22.06,-1.46,Europe,Quốc Gia
Denmark,DNK,2033,6107591,6164159,56568,0.93,23.8,22.25,-1.55,Europe,Quốc Gia
Denmark,DNK,2034,6114217,6189588,75371,1.23,24.01,22.44,-1.57,Europe,Quốc Gia
Denmark,DNK,2035,6119801,6215016,95215,1.56,24.19,22.63,-1.56,Europe,Quốc Gia
Denmark,DNK,2036,6124310,6240445,116135,1.9,24.39,22.82,-1.57,Europe,Quốc Gia
Denmark,DNK,2037,6127822,6265873,138051,2.25,24.62,23.0,-1.62,Europe,Quốc Gia
Denmark,DNK,2038,6130873,6291302,160429,2.62,24.83,23.19,-1.64,Europe,Quốc Gia
Denmark,DNK,2039,6133190,6316730,183540,2.99,25.01,23.37,-1.64,Europe,Quốc Gia
Denmark,DNK,2040,6134661,6342159,207498,3.38,25.2,23.55,-1.65,Europe,Quốc Gia
Denmark,DNK,2041,6135557,6367588,232031,3.78,25.36,23.73,-1.63,Europe,Quốc Gia
Denmark,DNK,2042,6135751,6393016,257265,4.19,25.45,23.91,-1.54,Europe,Quốc Gia
Denmark,DNK,2043,6135681,6418445,282764,4.61,25.52,24.09,-1.43,Europe,Quốc Gia
Denmark,DNK,2044,6135221,6443873,308652,5.03,25.58,24.27,-1.31,Europe,Quốc Gia
Denmark,DNK,2045,6134655,6469302,334647,5.46,25.62,24.44,-1.18,Europe,Quốc Gia
Denmark,DNK,2046,6133619,6494731,361112,5.89,25.63,24.61,-1.02,Europe,Quốc Gia
Denmark,DNK,2047,6131861,6520159,388298,6.33,25.61,24.79,-0.82,Europe,Quốc Gia
Denmark,DNK,2048,6129985,6545588,415603,6.78,25.58,24.96,-0.62,Europe,Quốc Gia
Denmark,DNK,2049,6127729,6571016,443287,7.23,25.56,25.13,-0.43,Europe,Quốc Gia
Denmark,DNK,2050,6124830,6596445,471615,7.7,25.56,25.29,-0.27,Europe,Quốc Gia
Djibouti,DJI,2027,1215025,1232408,17383,1.43,5.24,4.75,-0.49,Africa,Quốc Gia
Djibouti,DJI,2028,1230590,1250524,19934,1.62,5.39,4.78,-0.61,Africa,Quốc Gia
Djibouti,DJI,2029,1246675,1268639,21964,1.76,5.54,4.82,-0.72,Africa,Quốc Gia
Djibouti,DJI,2030,1262684,1286755,24071,1.91,5.71,4.85,-0.86,Africa,Quốc Gia
Djibouti,DJI,2031,1278346,1304871,26525,2.07,5.88,4.88,-1.0,Africa,Quốc Gia
Djibouti,DJI,2032,1293449,1322987,29538,2.28,6.07,4.91,-1.16,Africa,Quốc Gia
Djibouti,DJI,2033,1307802,1341103,33301,2.55,6.26,4.94,-1.32,Africa,Quốc Gia
Djibouti,DJI,2034,1321617,1359219,37602,2.85,6.47,4.97,-1.5,Africa,Quốc Gia
Djibouti,DJI,2035,1335501,1377335,41834,3.13,6.69,5.0,-1.69,Africa,Quốc Gia
Djibouti,DJI,2036,1349363,1395450,46087,3.42,6.92,5.03,-1.89,Africa,Quốc Gia
Djibouti,DJI,2037,1363484,1413566,50082,3.67,7.15,5.06,-2.09,Africa,Quốc Gia
Djibouti,DJI,2038,1377789,1431682,53893,3.91,7.39,5.09,-2.3,Africa,Quốc Gia
Djibouti,DJI,2039,1391881,1449798,57917,4.16,7.63,5.11,-2.52,Africa,Quốc Gia
Djibouti,DJI,2040,1406634,1467914,61280,4.36,7.87,5.14,-2.73,Africa,Quốc Gia
Djibouti,DJI,2041,1421795,1486030,64235,4.52,8.1,5.16,-2.94,Africa,Quốc Gia
Djibouti,DJI,2042,1436446,1504145,67699,4.71,8.33,5.19,-3.14,Africa,Quốc Gia
Djibouti,DJI,2043,1449563,1522261,72698,5.02,8.56,5.21,-3.35,Africa,Quốc Gia
Djibouti,DJI,2044,1461645,1540377,78732,5.39,8.78,5.23,-3.55,Africa,Quốc Gia
Djibouti,DJI,2045,1474042,1558493,84451,5.73,8.99,5.26,-3.73,Africa,Quốc Gia
Djibouti,DJI,2046,1486464,1576609,90145,6.06,9.19,5.28,-3.91,Africa,Quốc Gia
Djibouti,DJI,2047,1498050,1594725,96675,6.45,9.38,5.3,-4.08,Africa,Quốc Gia
Djibouti,DJI,2048,1508880,1612841,103961,6.89,9.57,5.32,-4.25,Africa,Quốc Gia
Djibouti,DJI,2049,1519722,1630956,111234,7.32,9.74,5.34,-4.4,Africa,Quốc Gia
Djibouti,DJI,2050,1530546,1649072,118526,7.74,9.91,5.36,-4.55,Africa,Quốc Gia
Dominica,DMA,2027,65182,67151,1969,3.02,13.74,12.84,-0.9,North America,Quốc Gia
Dominica,DMA,2028,64830,67072,2242,3.46,14.05,12.97,-1.08,North America,Quốc Gia
Dominica,DMA,2029,64496,66994,2498,3.87,14.4,13.09,-1.31,North America,Quốc Gia
Dominica,DMA,2030,64191,66915,2724,4.24,14.77,13.21,-1.56,North America,Quốc Gia
Dominica,DMA,2031,63971,66836,2865,4.48,15.17,13.34,-1.83,North America,Quốc Gia
Dominica,DMA,2032,63847,66758,2911,4.56,15.57,13.46,-2.11,North America,Quốc Gia
Dominica,DMA,2033,63797,66679,2882,4.52,15.93,13.59,-2.34,North America,Quốc Gia
Dominica,DMA,2034,63778,66601,2823,4.43,16.29,13.71,-2.58,North America,Quốc Gia
Dominica,DMA,2035,63785,66522,2737,4.29,16.64,13.84,-2.8,North America,Quốc Gia
Dominica,DMA,2036,63779,66443,2664,4.18,16.96,13.96,-3.0,North America,Quốc Gia
Dominica,DMA,2037,63792,66365,2573,4.03,17.23,14.09,-3.14,North America,Quốc Gia
Dominica,DMA,2038,63806,66286,2480,3.89,17.42,14.21,-3.21,North America,Quốc Gia
Dominica,DMA,2039,63813,66208,2395,3.75,17.54,14.34,-3.2,North America,Quốc Gia
Dominica,DMA,2040,63820,66129,2309,3.62,17.58,14.47,-3.11,North America,Quốc Gia
Dominica,DMA,2041,63826,66050,2224,3.48,17.56,14.6,-2.96,North America,Quốc Gia
Dominica,DMA,2042,63800,65972,2172,3.4,17.51,14.72,-2.79,North America,Quốc Gia
Dominica,DMA,2043,63753,65893,2140,3.36,17.47,14.85,-2.62,North America,Quốc Gia
Dominica,DMA,2044,63699,65815,2116,3.32,17.46,14.98,-2.48,North America,Quốc Gia
Dominica,DMA,2045,63651,65736,2085,3.28,17.52,15.11,-2.41,North America,Quốc Gia
Dominica,DMA,2046,63596,65658,2062,3.24,17.63,15.24,-2.39,North America,Quốc Gia
Dominica,DMA,2047,63523,65579,2056,3.24,17.8,15.36,-2.44,North America,Quốc Gia
Dominica,DMA,2048,63432,65500,2068,3.26,18.03,15.49,-2.54,North America,Quốc Gia
Dominica,DMA,2049,63325,65422,2097,3.31,18.3,15.62,-2.68,North America,Quốc Gia
Dominica,DMA,2050,63212,65343,2131,3.37,18.58,15.75,-2.83,North America,Quốc Gia
Dominican Republic,DOM,2027,11695937,11849484,153547,1.31,8.79,7.52,-1.27,North America,Quốc Gia
Dominican Republic,DOM,2028,11779931,11970662,190731,1.62,9.1,7.61,-1.49,North America,Quốc Gia
Dominican Republic,DOM,2029,11860816,12091840,231024,1.95,9.4,7.7,-1.7,North America,Quốc Gia
Dominican Republic,DOM,2030,11938856,12213019,274163,2.3,9.69,7.79,-1.9,North America,Quốc Gia
Dominican Republic,DOM,2031,12014151,12334197,320046,2.66,9.98,7.87,-2.11,North America,Quốc Gia
Dominican Republic,DOM,2032,12086671,12455375,368704,3.05,10.27,7.96,-2.31,North America,Quốc Gia
Dominican Republic,DOM,2033,12156526,12576553,420027,3.46,10.54,8.04,-2.5,North America,Quốc Gia
Dominican Republic,DOM,2034,12224123,12697732,473609,3.87,10.81,8.12,-2.69,North America,Quốc Gia
Dominican Republic,DOM,2035,12289433,12818910,529477,4.31,11.07,8.2,-2.87,North America,Quốc Gia
Dominican Republic,DOM,2036,12352231,12940088,587857,4.76,11.33,8.28,-3.05,North America,Quốc Gia
Dominican Republic,DOM,2037,12412545,13061266,648721,5.23,11.6,8.35,-3.25,North America,Quốc Gia
Dominican Republic,DOM,2038,12470658,13182445,711787,5.71,11.87,8.43,-3.44,North America,Quốc Gia
Dominican Republic,DOM,2039,12526158,13303623,777465,6.21,12.13,8.5,-3.63,North America,Quốc Gia
Dominican Republic,DOM,2040,12579323,13424801,845478,6.72,12.4,8.57,-3.83,North America,Quốc Gia
Dominican Republic,DOM,2041,12630682,13545979,915297,7.25,12.67,8.64,-4.03,North America,Quốc Gia
Dominican Republic,DOM,2042,12680022,13667157,987135,7.78,12.93,8.71,-4.22,North America,Quốc Gia
Dominican Republic,DOM,2043,12727292,13788336,1061044,8.34,13.19,8.78,-4.41,North America,Quốc Gia
Dominican Republic,DOM,2044,12772653,13909514,1136861,8.9,13.45,8.85,-4.6,North America,Quốc Gia
Dominican Republic,DOM,2045,12816006,14030692,1214686,9.48,13.71,8.92,-4.79,North America,Quốc Gia
Dominican Republic,DOM,2046,12856886,14151870,1294984,10.07,13.96,8.98,-4.98,North America,Quốc Gia
Dominican Republic,DOM,2047,12895161,14273049,1377888,10.69,14.22,9.04,-5.18,North America,Quốc Gia
Dominican Republic,DOM,2048,12931168,14394227,1463059,11.31,14.48,9.11,-5.37,North America,Quốc Gia
Dominican Republic,DOM,2049,12964844,14515405,1550561,11.96,14.75,9.17,-5.58,North America,Quốc Gia
Dominican Republic,DOM,2050,12996292,14636583,1640291,12.62,15.02,9.23,-5.79,North America,Quốc Gia
East Timor,TLS,2027,1456335,1450222,-6113,-0.42,5.15,5.86,0.71,Asia,Quốc Gia
East Timor,TLS,2028,1476852,1470963,-5889,-0.4,5.12,5.94,0.82,Asia,Quốc Gia
East Timor,TLS,2029,1498120,1491705,-6415,-0.43,5.1,6.01,0.91,Asia,Quốc Gia
East Timor,TLS,2030,1519805,1512447,-7358,-0.48,5.09,6.07,0.98,Asia,Quốc Gia
East Timor,TLS,2031,1540662,1533189,-7473,-0.49,5.1,6.14,1.04,Asia,Quốc Gia
East Timor,TLS,2032,1559713,1553930,-5783,-0.37,5.13,6.2,1.07,Asia,Quốc Gia
East Timor,TLS,2033,1578115,1574672,-3443,-0.22,5.19,6.27,1.08,Asia,Quốc Gia
East Timor,TLS,2034,1597447,1595414,-2033,-0.13,5.27,6.33,1.06,Asia,Quốc Gia
East Timor,TLS,2035,1618802,1616155,-2647,-0.16,5.37,6.39,1.02,Asia,Quốc Gia
East Timor,TLS,2036,1639721,1636897,-2824,-0.17,5.47,6.45,0.98,Asia,Quốc Gia
East Timor,TLS,2037,1659330,1657639,-1691,-0.1,5.59,6.5,0.91,Asia,Quốc Gia
East Timor,TLS,2038,1678955,1678381,-574,-0.03,5.71,6.56,0.85,Asia,Quốc Gia
East Timor,TLS,2039,1698893,1699122,229,0.01,5.84,6.61,0.77,Asia,Quốc Gia
East Timor,TLS,2040,1718252,1719864,1612,0.09,5.94,6.66,0.72,Asia,Quốc Gia
East Timor,TLS,2041,1736479,1740606,4127,0.24,6.01,6.72,0.71,Asia,Quốc Gia
East Timor,TLS,2042,1755848,1761347,5499,0.31,6.04,6.77,0.73,Asia,Quốc Gia
East Timor,TLS,2043,1776067,1782089,6022,0.34,6.05,6.82,0.77,Asia,Quốc Gia
East Timor,TLS,2044,1793759,1802831,9072,0.51,6.07,6.86,0.79,Asia,Quốc Gia
East Timor,TLS,2045,1809637,1823572,13935,0.77,6.12,6.91,0.79,Asia,Quốc Gia
East Timor,TLS,2046,1825552,1844314,18762,1.03,6.21,6.96,0.75,Asia,Quốc Gia
East Timor,TLS,2047,1841561,1865056,23495,1.28,6.36,7.0,0.64,Asia,Quốc Gia
East Timor,TLS,2048,1858312,1885798,27486,1.48,6.55,7.04,0.49,Asia,Quốc Gia
East Timor,TLS,2049,1873848,1906539,32691,1.74,6.77,7.09,0.32,Asia,Quốc Gia
East Timor,TLS,2050,1889248,1927281,38033,2.01,7.01,7.13,0.12,Asia,Quốc Gia
Ecuador,ECU,2027,18600319,18975129,374810,2.02,9.12,8.2,-0.92,South America,Quốc Gia
Ecuador,ECU,2028,18757227,19206200,448973,2.39,9.39,8.29,-1.1,South America,Quốc Gia
Ecuador,ECU,2029,18914102,19437271,523169,2.77,9.67,8.38,-1.29,South America,Quốc Gia
Ecuador,ECU,2030,19069715,19668341,598626,3.14,9.96,8.46,-1.5,South America,Quốc Gia
Ecuador,ECU,2031,19222815,19899412,676597,3.52,10.25,8.55,-1.7,South America,Quốc Gia
Ecuador,ECU,2032,19372493,20130482,757989,3.91,10.55,8.63,-1.92,South America,Quốc Gia
Ecuador,ECU,2033,19518750,20361553,842803,4.32,10.86,8.71,-2.15,South America,Quốc Gia
Ecuador,ECU,2034,19661347,20592624,931277,4.74,11.17,8.78,-2.39,South America,Quốc Gia
Ecuador,ECU,2035,19800129,20823694,1023565,5.17,11.5,8.86,-2.64,South America,Quốc Gia
Ecuador,ECU,2036,19935160,21054765,1119605,5.62,11.82,8.93,-2.89,South America,Quốc Gia
Ecuador,ECU,2037,20066382,21285835,1219453,6.08,12.16,9.01,-3.15,South America,Quốc Gia
Ecuador,ECU,2038,20193574,21516906,1323332,6.55,12.49,9.08,-3.41,South America,Quốc Gia
Ecuador,ECU,2039,20316268,21747977,1431709,7.05,12.84,9.15,-3.69,South America,Quốc Gia
Ecuador,ECU,2040,20434223,21979047,1544824,7.56,13.19,9.21,-3.98,South America,Quốc Gia
Ecuador,ECU,2041,20547454,22210118,1662664,8.09,13.55,9.28,-4.27,South America,Quốc Gia
Ecuador,ECU,2042,20655762,22441188,1785426,8.64,13.91,9.35,-4.56,South America,Quốc Gia
Ecuador,ECU,2043,20759126,22672259,1913133,9.22,14.29,9.41,-4.88,South America,Quốc Gia
Ecuador,ECU,2044,20857467,22903330,2045863,9.81,14.67,9.47,-5.2,South America,Quốc Gia
Ecuador,ECU,2045,20950630,23134400,2183770,10.42,15.07,9.53,-5.54,South America,Quốc Gia
Ecuador,ECU,2046,21038533,23365471,2326938,11.06,15.48,9.59,-5.89,South America,Quốc Gia
Ecuador,ECU,2047,21121166,23596542,2475376,11.72,15.9,9.65,-6.25,South America,Quốc Gia
Ecuador,ECU,2048,21198614,23827612,2628998,12.4,16.33,9.71,-6.62,South America,Quốc Gia
Ecuador,ECU,2049,21270655,24058683,2788028,13.11,16.78,9.77,-7.01,South America,Quốc Gia
Ecuador,ECU,2050,21337230,24289753,2952523,13.84,17.23,9.82,-7.41,South America,Quốc Gia
Egypt,EGY,2027,121847620,121105976,-741644,-0.61,5.59,4.85,-0.74,Africa,Quốc Gia
Egypt,EGY,2028,123608455,122888451,-720004,-0.58,5.75,4.88,-0.87,Africa,Quốc Gia
Egypt,EGY,2029,125373056,124670925,-702131,-0.56,5.91,4.9,-1.01,Africa,Quốc Gia
Egypt,EGY,2030,127139321,126453400,-685921,-0.54,6.06,4.92,-1.14,Africa,Quốc Gia
Egypt,EGY,2031,128912255,128235875,-676380,-0.52,6.21,4.94,-1.27,Africa,Quốc Gia
Egypt,EGY,2032,130695083,130018349,-676734,-0.52,6.36,4.96,-1.4,Africa,Quốc Gia
Egypt,EGY,2033,132485611,131800824,-684787,-0.52,6.51,4.98,-1.53,Africa,Quốc Gia
Egypt,EGY,2034,134287836,133583299,-704537,-0.52,6.65,5.0,-1.65,Africa,Quốc Gia
Egypt,EGY,2035,136097208,135365773,-731435,-0.54,6.8,5.02,-1.78,Africa,Quốc Gia
Egypt,EGY,2036,137913261,137148248,-765013,-0.55,6.95,5.04,-1.91,Africa,Quốc Gia
Egypt,EGY,2037,139738698,138930723,-807975,-0.58,7.1,5.05,-2.05,Africa,Quốc Gia
Egypt,EGY,2038,141565833,140713197,-852636,-0.6,7.25,5.07,-2.18,Africa,Quốc Gia
Egypt,EGY,2039,143393266,142495672,-897594,-0.63,7.4,5.09,-2.31,Africa,Quốc Gia
Egypt,EGY,2040,145213660,144278147,-935513,-0.64,7.56,5.11,-2.45,Africa,Quốc Gia
Egypt,EGY,2041,147018552,146060621,-957931,-0.65,7.73,5.12,-2.61,Africa,Quốc Gia
Egypt,EGY,2042,148800782,147843096,-957686,-0.64,7.92,5.14,-2.78,Africa,Quốc Gia
Egypt,EGY,2043,150547654,149625571,-922083,-0.61,8.11,5.15,-2.96,Africa,Quốc Gia
Egypt,EGY,2044,152255330,151408045,-847285,-0.56,8.31,5.17,-3.14,Africa,Quốc Gia
Egypt,EGY,2045,153919189,153190520,-728669,-0.47,8.52,5.18,-3.34,Africa,Quốc Gia
Egypt,EGY,2046,155535950,154972995,-562955,-0.36,8.74,5.2,-3.54,Africa,Quốc Gia
Egypt,EGY,2047,157114402,156755469,-358933,-0.23,8.97,5.21,-3.76,Africa,Quốc Gia
Egypt,EGY,2048,158657390,158537944,-119446,-0.08,9.21,5.22,-3.99,Africa,Quốc Gia
Egypt,EGY,2049,160161613,160320419,158806,0.1,9.47,5.24,-4.23,Africa,Quốc Gia
Egypt,EGY,2050,161630196,162102894,472698,0.29,9.74,5.25,-4.49,Africa,Quốc Gia
El Salvador,SLV,2027,6416444,6387860,-28584,-0.45,8.66,8.82,0.16,North America,Quốc Gia
El Salvador,SLV,2028,6440938,6405849,-35089,-0.54,8.85,8.96,0.11,North America,Quốc Gia
El Salvador,SLV,2029,6464420,6423839,-40581,-0.63,9.05,9.1,0.05,North America,Quốc Gia
El Salvador,SLV,2030,6486207,6441829,-44378,-0.68,9.26,9.23,-0.03,North America,Quốc Gia
El Salvador,SLV,2031,6506406,6459819,-46587,-0.72,9.49,9.37,-0.12,North America,Quốc Gia
El Salvador,SLV,2032,6525794,6477808,-47986,-0.74,9.73,9.5,-0.23,North America,Quốc Gia
El Salvador,SLV,2033,6544663,6495798,-48865,-0.75,9.98,9.63,-0.35,North America,Quốc Gia
El Salvador,SLV,2034,6562189,6513788,-48401,-0.74,10.22,9.77,-0.45,North America,Quốc Gia
El Salvador,SLV,2035,6578186,6531778,-46408,-0.71,10.47,9.9,-0.57,North America,Quốc Gia
El Salvador,SLV,2036,6593332,6549767,-43565,-0.66,10.73,10.03,-0.7,North America,Quốc Gia
El Salvador,SLV,2037,6607021,6567757,-39264,-0.59,11.0,10.16,-0.84,North America,Quốc Gia
El Salvador,SLV,2038,6619821,6585747,-34074,-0.51,11.27,10.29,-0.98,North America,Quốc Gia
El Salvador,SLV,2039,6631174,6603737,-27437,-0.41,11.53,10.42,-1.11,North America,Quốc Gia
El Salvador,SLV,2040,6640756,6621726,-19030,-0.29,11.81,10.55,-1.26,North America,Quốc Gia
El Salvador,SLV,2041,6649295,6639716,-9579,-0.14,12.1,10.67,-1.43,North America,Quốc Gia
El Salvador,SLV,2042,6656215,6657706,1491,0.02,12.4,10.8,-1.6,North America,Quốc Gia
El Salvador,SLV,2043,6661892,6675696,13804,0.21,12.71,10.93,-1.78,North America,Quốc Gia
El Salvador,SLV,2044,6665755,6693685,27930,0.42,13.03,11.05,-1.98,North America,Quốc Gia
El Salvador,SLV,2045,6668035,6711675,43640,0.65,13.33,11.18,-2.15,North America,Quốc Gia
El Salvador,SLV,2046,6669409,6729665,60256,0.9,13.63,11.3,-2.33,North America,Quốc Gia
El Salvador,SLV,2047,6669838,6747655,77817,1.17,13.9,11.42,-2.48,North America,Quốc Gia
El Salvador,SLV,2048,6669227,6765644,96417,1.45,14.16,11.55,-2.61,North America,Quốc Gia
El Salvador,SLV,2049,6666763,6783634,116871,1.75,14.41,11.67,-2.74,North America,Quốc Gia
El Salvador,SLV,2050,6663348,6801624,138276,2.08,14.67,11.79,-2.88,North America,Quốc Gia
Equatorial Guinea,GNQ,2027,2030758,2025394,-5364,-0.26,3.95,3.54,-0.41,Africa,Quốc Gia
Equatorial Guinea,GNQ,2028,2077262,2073132,-4130,-0.2,4.06,3.55,-0.51,Africa,Quốc Gia
Equatorial Guinea,GNQ,2029,2123708,2120870,-2838,-0.13,4.16,3.55,-0.61,Africa,Quốc Gia
Equatorial Guinea,GNQ,2030,2170443,2168609,-1834,-0.08,4.25,3.55,-0.7,Africa,Quốc Gia
Equatorial Guinea,GNQ,2031,2218087,2216347,-1740,-0.08,4.34,3.55,-0.79,Africa,Quốc Gia
Equatorial Guinea,GNQ,2032,2267034,2264085,-2949,-0.13,4.41,3.56,-0.85,Africa,Quốc Gia
Equatorial Guinea,GNQ,2033,2316000,2311824,-4176,-0.18,4.49,3.56,-0.93,Africa,Quốc Gia
Equatorial Guinea,GNQ,2034,2364856,2359562,-5294,-0.22,4.56,3.56,-1.0,Africa,Quốc Gia
Equatorial Guinea,GNQ,2035,2414274,2407300,-6974,-0.29,4.64,3.56,-1.08,Africa,Quốc Gia
Equatorial Guinea,GNQ,2036,2463891,2455039,-8852,-0.36,4.72,3.56,-1.16,Africa,Quốc Gia
Equatorial Guinea,GNQ,2037,2513964,2502777,-11187,-0.44,4.8,3.56,-1.24,Africa,Quốc Gia
Equatorial Guinea,GNQ,2038,2564854,2550515,-14339,-0.56,4.89,3.57,-1.32,Africa,Quốc Gia
Equatorial Guinea,GNQ,2039,2615427,2598254,-17173,-0.66,4.98,3.57,-1.41,Africa,Quốc Gia
Equatorial Guinea,GNQ,2040,2665587,2645992,-19595,-0.74,5.07,3.57,-1.5,Africa,Quốc Gia
Equatorial Guinea,GNQ,2041,2715489,2693730,-21759,-0.8,5.15,3.57,-1.58,Africa,Quốc Gia
Equatorial Guinea,GNQ,2042,2764776,2741468,-23308,-0.84,5.24,3.57,-1.67,Africa,Quốc Gia
Equatorial Guinea,GNQ,2043,2813781,2789207,-24574,-0.87,5.33,3.57,-1.76,Africa,Quốc Gia
Equatorial Guinea,GNQ,2044,2862523,2836945,-25578,-0.89,5.43,3.57,-1.86,Africa,Quốc Gia
Equatorial Guinea,GNQ,2045,2911239,2884683,-26556,-0.91,5.53,3.58,-1.95,Africa,Quốc Gia
Equatorial Guinea,GNQ,2046,2959101,2932422,-26679,-0.9,5.65,3.58,-2.07,Africa,Quốc Gia
Equatorial Guinea,GNQ,2047,3005562,2980160,-25402,-0.85,5.77,3.58,-2.19,Africa,Quốc Gia
Equatorial Guinea,GNQ,2048,3051492,3027898,-23594,-0.77,5.9,3.58,-2.32,Africa,Quốc Gia
Equatorial Guinea,GNQ,2049,3097638,3075637,-22001,-0.71,6.04,3.58,-2.46,Africa,Quốc Gia
Equatorial Guinea,GNQ,2050,3143731,3123375,-20356,-0.65,6.19,3.58,-2.61,Africa,Quốc Gia
Eritrea,ERI,2027,3760375,3719107,-41268,-1.1,4.37,4.26,-0.11,Africa,Quốc Gia
Eritrea,ERI,2028,3840142,3770713,-69429,-1.81,4.43,4.29,-0.14,Africa,Quốc Gia
Eritrea,ERI,2029,3920475,3822318,-98157,-2.5,4.49,4.31,-0.18,Africa,Quốc Gia
Eritrea,ERI,2030,4002678,3873924,-128754,-3.22,4.56,4.33,-0.23,Africa,Quốc Gia
Eritrea,ERI,2031,4085046,3925529,-159517,-3.9,4.62,4.36,-0.26,Africa,Quốc Gia
Eritrea,ERI,2032,4166515,3977135,-189380,-4.55,4.69,4.38,-0.31,Africa,Quốc Gia
Eritrea,ERI,2033,4249509,4028741,-220768,-5.2,4.76,4.4,-0.36,Africa,Quốc Gia
Eritrea,ERI,2034,4334735,4080346,-254389,-5.87,4.84,4.42,-0.42,Africa,Quốc Gia
Eritrea,ERI,2035,4420923,4131952,-288971,-6.54,4.91,4.44,-0.47,Africa,Quốc Gia
Eritrea,ERI,2036,4509762,4183557,-326205,-7.23,4.98,4.46,-0.52,Africa,Quốc Gia
Eritrea,ERI,2037,4601943,4235163,-366780,-7.97,5.05,4.48,-0.57,Africa,Quốc Gia
Eritrea,ERI,2038,4692350,4286768,-405582,-8.64,5.11,4.5,-0.61,Africa,Quốc Gia
Eritrea,ERI,2039,4780478,4338374,-442104,-9.25,5.17,4.52,-0.65,Africa,Quốc Gia
Eritrea,ERI,2040,4868678,4389980,-478698,-9.83,5.24,4.54,-0.7,Africa,Quốc Gia
Eritrea,ERI,2041,4954491,4441585,-512906,-10.35,5.31,4.56,-0.75,Africa,Quốc Gia
Eritrea,ERI,2042,5039308,4493191,-546117,-10.84,5.39,4.57,-0.82,Africa,Quốc Gia
Eritrea,ERI,2043,5124267,4544796,-579471,-11.31,5.46,4.59,-0.87,Africa,Quốc Gia
Eritrea,ERI,2044,5207869,4596402,-611467,-11.74,5.52,4.61,-0.91,Africa,Quốc Gia
Eritrea,ERI,2045,5292767,4648007,-644760,-12.18,5.59,4.62,-0.97,Africa,Quốc Gia
Eritrea,ERI,2046,5375974,4699613,-676361,-12.58,5.65,4.64,-1.01,Africa,Quốc Gia
Eritrea,ERI,2047,5456498,4751218,-705280,-12.93,5.7,4.65,-1.05,Africa,Quốc Gia
Eritrea,ERI,2048,5537549,4802824,-734725,-13.27,5.73,4.67,-1.06,Africa,Quốc Gia
Eritrea,ERI,2049,5617359,4854430,-762929,-13.58,5.77,4.68,-1.09,Africa,Quốc Gia
Eritrea,ERI,2050,5696064,4906035,-790029,-13.87,5.83,4.7,-1.13,Africa,Quốc Gia
Estonia,EST,2027,1323968,1301953,-22015,-1.66,22.61,22.3,-0.31,Europe,Quốc Gia
Estonia,EST,2028,1316871,1298616,-18255,-1.39,22.93,22.59,-0.34,Europe,Quốc Gia
Estonia,EST,2029,1309807,1295279,-14528,-1.11,23.21,22.88,-0.33,Europe,Quốc Gia
Estonia,EST,2030,1302778,1291942,-10836,-0.83,23.48,23.17,-0.31,Europe,Quốc Gia
Estonia,EST,2031,1295727,1288604,-7123,-0.55,23.71,23.47,-0.24,Europe,Quốc Gia
Estonia,EST,2032,1288719,1285267,-3452,-0.27,23.93,23.76,-0.17,Europe,Quốc Gia
Estonia,EST,2033,1281799,1281930,131,0.01,24.17,24.06,-0.11,Europe,Quốc Gia
Estonia,EST,2034,1274972,1278593,3621,0.28,24.46,24.36,-0.1,Europe,Quốc Gia
Estonia,EST,2035,1268269,1275256,6987,0.55,24.8,24.66,-0.14,Europe,Quốc Gia
Estonia,EST,2036,1261702,1271918,10216,0.81,25.16,24.96,-0.2,Europe,Quốc Gia
Estonia,EST,2037,1255268,1268581,13313,1.06,25.51,25.26,-0.25,Europe,Quốc Gia
Estonia,EST,2038,1249012,1265244,16232,1.3,25.84,25.57,-0.27,Europe,Quốc Gia
Estonia,EST,2039,1242868,1261907,19039,1.53,26.14,25.88,-0.26,Europe,Quốc Gia
Estonia,EST,2040,1236793,1258569,21776,1.76,26.45,26.18,-0.27,Europe,Quốc Gia
Estonia,EST,2041,1230731,1255232,24501,1.99,26.75,26.49,-0.26,Europe,Quốc Gia
Estonia,EST,2042,1224637,1251895,27258,2.23,27.06,26.81,-0.25,Europe,Quốc Gia
Estonia,EST,2043,1218547,1248558,30011,2.46,27.36,27.12,-0.24,Europe,Quốc Gia
Estonia,EST,2044,1212396,1245221,32825,2.71,27.64,27.43,-0.21,Europe,Quốc Gia
Estonia,EST,2045,1206186,1241883,35697,2.96,27.94,27.75,-0.19,Europe,Quốc Gia
Estonia,EST,2046,1199954,1238546,38592,3.22,28.25,28.07,-0.18,Europe,Quốc Gia
Estonia,EST,2047,1193657,1235209,41552,3.48,28.58,28.39,-0.19,Europe,Quốc Gia
Estonia,EST,2048,1187355,1231872,44517,3.75,28.94,28.71,-0.23,Europe,Quốc Gia
Estonia,EST,2049,1180914,1228535,47621,4.03,29.35,29.03,-0.32,Europe,Quốc Gia
Estonia,EST,2050,1174264,1225197,50933,4.34,29.76,29.36,-0.4,Europe,Quốc Gia
Eswatini,SWZ,2027,1283232,1257542,-25690,-2.0,4.45,4.22,-0.23,Africa,Quốc Gia
Eswatini,SWZ,2028,1295973,1265964,-30009,-2.32,4.52,4.27,-0.25,Africa,Quốc Gia
Eswatini,SWZ,2029,1308352,1274385,-33967,-2.6,4.59,4.33,-0.26,Africa,Quốc Gia
Eswatini,SWZ,2030,1320914,1282806,-38108,-2.88,4.65,4.38,-0.27,Africa,Quốc Gia
Eswatini,SWZ,2031,1333169,1291228,-41941,-3.15,4.7,4.43,-0.27,Africa,Quốc Gia
Eswatini,SWZ,2032,1344903,1299649,-45254,-3.36,4.76,4.48,-0.28,Africa,Quốc Gia
Eswatini,SWZ,2033,1356745,1308070,-48675,-3.59,4.88,4.54,-0.34,Africa,Quốc Gia
Eswatini,SWZ,2034,1368355,1316492,-51863,-3.79,4.99,4.59,-0.4,Africa,Quốc Gia
Eswatini,SWZ,2035,1379422,1324913,-54509,-3.95,5.05,4.64,-0.41,Africa,Quốc Gia
Eswatini,SWZ,2036,1390158,1333334,-56824,-4.09,5.08,4.68,-0.4,Africa,Quốc Gia
Eswatini,SWZ,2037,1400450,1341756,-58694,-4.19,5.13,4.73,-0.4,Africa,Quốc Gia
Eswatini,SWZ,2038,1410507,1350177,-60330,-4.28,5.19,4.78,-0.41,Africa,Quốc Gia
Eswatini,SWZ,2039,1420453,1358599,-61854,-4.35,5.27,4.83,-0.44,Africa,Quốc Gia
Eswatini,SWZ,2040,1429782,1367020,-62762,-4.39,5.37,4.87,-0.5,Africa,Quốc Gia
Eswatini,SWZ,2041,1439052,1375441,-63611,-4.42,5.48,4.92,-0.56,Africa,Quốc Gia
Eswatini,SWZ,2042,1448117,1383863,-64254,-4.44,5.61,4.97,-0.64,Africa,Quốc Gia
Eswatini,SWZ,2043,1456459,1392284,-64175,-4.41,5.76,5.01,-0.75,Africa,Quốc Gia
Eswatini,SWZ,2044,1464370,1400705,-63665,-4.35,5.94,5.06,-0.88,Africa,Quốc Gia
Eswatini,SWZ,2045,1472146,1409127,-63019,-4.28,6.14,5.1,-1.04,Africa,Quốc Gia
Eswatini,SWZ,2046,1479614,1417548,-62066,-4.19,6.35,5.14,-1.21,Africa,Quốc Gia
Eswatini,SWZ,2047,1486505,1425969,-60536,-4.07,6.6,5.19,-1.41,Africa,Quốc Gia
Eswatini,SWZ,2048,1493028,1434391,-58637,-3.93,6.86,5.23,-1.63,Africa,Quốc Gia
Eswatini,SWZ,2049,1499435,1442812,-56623,-3.78,7.13,5.27,-1.86,Africa,Quốc Gia
Eswatini,SWZ,2050,1505338,1451233,-54105,-3.59,7.4,5.31,-2.09,Africa,Quốc Gia
Ethiopia,ETH,2027,142364803,136871530,-5493273,-3.86,3.44,3.16,-0.28,Africa,Quốc Gia
Ethiopia,ETH,2028,145841259,139457216,-6384043,-4.38,3.51,3.17,-0.34,Africa,Quốc Gia
Ethiopia,ETH,2029,149336059,142042902,-7293157,-4.88,3.59,3.18,-0.41,Africa,Quốc Gia
Ethiopia,ETH,2030,152855355,144628589,-8226766,-5.38,3.67,3.19,-0.48,Africa,Quốc Gia
Ethiopia,ETH,2031,156382430,147214275,-9168155,-5.86,3.75,3.2,-0.55,Africa,Quốc Gia
Ethiopia,ETH,2032,159923900,149799961,-10123939,-6.33,3.84,3.21,-0.63,Africa,Quốc Gia
Ethiopia,ETH,2033,163453313,152385648,-11067665,-6.77,3.92,3.21,-0.71,Africa,Quốc Gia
Ethiopia,ETH,2034,166978795,154971334,-12007461,-7.19,4.0,3.22,-0.78,Africa,Quốc Gia
Ethiopia,ETH,2035,170532958,157557020,-12975938,-7.61,4.09,3.23,-0.86,Africa,Quốc Gia
Ethiopia,ETH,2036,174097777,160142706,-13955071,-8.02,4.16,3.24,-0.92,Africa,Quốc Gia
Ethiopia,ETH,2037,177661136,162728393,-14932743,-8.41,4.24,3.25,-0.99,Africa,Quốc Gia
Ethiopia,ETH,2038,181235896,165314079,-15921817,-8.79,4.31,3.25,-1.06,Africa,Quốc Gia
Ethiopia,ETH,2039,184835106,167899765,-16935341,-9.16,4.39,3.26,-1.13,Africa,Quốc Gia
Ethiopia,ETH,2040,188450905,170485452,-17965453,-9.53,4.46,3.27,-1.19,Africa,Quốc Gia
Ethiopia,ETH,2041,192068634,173071138,-18997496,-9.89,4.54,3.27,-1.27,Africa,Quốc Gia
Ethiopia,ETH,2042,195695300,175656824,-20038476,-10.24,4.63,3.28,-1.35,Africa,Quốc Gia
Ethiopia,ETH,2043,199347982,178242511,-21105471,-10.59,4.72,3.29,-1.43,Africa,Quốc Gia
Ethiopia,ETH,2044,203014375,180828197,-22186178,-10.93,4.81,3.29,-1.52,Africa,Quốc Gia
Ethiopia,ETH,2045,206673632,183413883,-23259749,-11.25,4.9,3.3,-1.6,Africa,Quốc Gia
Ethiopia,ETH,2046,210337849,185999569,-24338280,-11.57,4.99,3.3,-1.69,Africa,Quốc Gia
Ethiopia,ETH,2047,214023505,188585256,-25438249,-11.89,5.08,3.31,-1.77,Africa,Quốc Gia
Ethiopia,ETH,2048,217710207,191170942,-26539265,-12.19,5.16,3.31,-1.85,Africa,Quốc Gia
Ethiopia,ETH,2049,221377334,193756628,-27620706,-12.48,5.25,3.32,-1.93,Africa,Quốc Gia
Ethiopia,ETH,2050,225021870,196342315,-28679555,-12.75,5.36,3.32,-2.04,Africa,Quốc Gia
Falkland Islands,FLK,2027,3486,3648,162,4.65,14.63,12.62,-2.01,South America,Quốc Gia
Falkland Islands,FLK,2028,3474,3670,196,5.64,15.37,12.72,-2.65,South America,Quốc Gia
Falkland Islands,FLK,2029,3459,3692,233,6.74,16.42,12.82,-3.6,South America,Quốc Gia
Falkland Islands,FLK,2030,3445,3715,270,7.84,17.33,12.92,-4.41,South America,Quốc Gia
Falkland Islands,FLK,2031,3438,3737,299,8.7,18.32,13.02,-5.3,South America,Quốc Gia
Falkland Islands,FLK,2032,3424,3759,335,9.78,19.25,13.11,-6.14,South America,Quốc Gia
Falkland Islands,FLK,2033,3416,3781,365,10.69,20.23,13.21,-7.02,South America,Quốc Gia
Falkland Islands,FLK,2034,3412,3804,392,11.49,21.45,13.3,-8.15,South America,Quốc Gia
Falkland Islands,FLK,2035,3387,3826,439,12.96,22.5,13.4,-9.1,South America,Quốc Gia
Falkland Islands,FLK,2036,3376,3848,472,13.98,23.79,13.49,-10.3,South America,Quốc Gia
Falkland Islands,FLK,2037,3367,3870,503,14.94,24.89,13.58,-11.31,South America,Quốc Gia
Falkland Islands,FLK,2038,3359,3893,534,15.9,25.99,13.67,-12.32,South America,Quốc Gia
Falkland Islands,FLK,2039,3354,3915,561,16.73,27.13,13.76,-13.37,South America,Quốc Gia
Falkland Islands,FLK,2040,3343,3937,594,17.77,28.06,13.85,-14.21,South America,Quốc Gia
Falkland Islands,FLK,2041,3327,3960,633,19.03,28.98,13.93,-15.05,South America,Quốc Gia
Falkland Islands,FLK,2042,3313,3982,669,20.19,29.88,14.02,-15.86,South America,Quốc Gia
Falkland Islands,FLK,2043,3299,4004,705,21.37,30.86,14.11,-16.75,South America,Quốc Gia
Falkland Islands,FLK,2044,3285,4026,741,22.56,31.66,14.19,-17.47,South America,Quốc Gia
Falkland Islands,FLK,2045,3275,4049,774,23.63,32.43,14.27,-18.16,South America,Quốc Gia
Falkland Islands,FLK,2046,3256,4071,815,25.03,33.14,14.36,-18.78,South America,Quốc Gia
Falkland Islands,FLK,2047,3246,4093,847,26.09,33.83,14.44,-19.39,South America,Quốc Gia
Falkland Islands,FLK,2048,3233,4116,883,27.31,34.36,14.52,-19.84,South America,Quốc Gia
Falkland Islands,FLK,2049,3219,4138,919,28.55,34.9,14.6,-20.3,South America,Quốc Gia
Falkland Islands,FLK,2050,3198,4160,962,30.08,35.28,14.68,-20.6,South America,Quốc Gia
Faroe Islands,FRO,2027,57034,55035,-1999,-3.5,17.94,18.25,0.31,Europe,Quốc Gia
Faroe Islands,FRO,2028,57468,55386,-2082,-3.62,18.11,18.39,0.28,Europe,Quốc Gia
Faroe Islands,FRO,2029,57859,55737,-2122,-3.67,18.29,18.54,0.25,Europe,Quốc Gia
Faroe Islands,FRO,2030,58232,56088,-2144,-3.68,18.49,18.68,0.19,Europe,Quốc Gia
Faroe Islands,FRO,2031,58584,56440,-2144,-3.66,18.74,18.82,0.08,Europe,Quốc Gia
Faroe Islands,FRO,2032,58928,56791,-2137,-3.63,19.02,18.95,-0.07,Europe,Quốc Gia
Faroe Islands,FRO,2033,59247,57142,-2105,-3.55,19.26,19.09,-0.17,Europe,Quốc Gia
Faroe Islands,FRO,2034,59551,57493,-2058,-3.46,19.44,19.22,-0.22,Europe,Quốc Gia
Faroe Islands,FRO,2035,59825,57844,-1981,-3.31,19.57,19.36,-0.21,Europe,Quốc Gia
Faroe Islands,FRO,2036,60095,58196,-1899,-3.16,19.7,19.49,-0.21,Europe,Quốc Gia
Faroe Islands,FRO,2037,60360,58547,-1813,-3.0,19.86,19.62,-0.24,Europe,Quốc Gia
Faroe Islands,FRO,2038,60601,58898,-1703,-2.81,20.03,19.75,-0.28,Europe,Quốc Gia
Faroe Islands,FRO,2039,60835,59249,-1586,-2.61,20.2,19.87,-0.33,Europe,Quốc Gia
Faroe Islands,FRO,2040,61065,59601,-1464,-2.4,20.36,20.0,-0.36,Europe,Quốc Gia
Faroe Islands,FRO,2041,61294,59952,-1342,-2.19,20.49,20.12,-0.37,Europe,Quốc Gia
Faroe Islands,FRO,2042,61519,60303,-1216,-1.98,20.6,20.24,-0.36,Europe,Quốc Gia
Faroe Islands,FRO,2043,61733,60654,-1079,-1.75,20.7,20.36,-0.34,Europe,Quốc Gia
Faroe Islands,FRO,2044,61949,61005,-944,-1.52,20.81,20.48,-0.33,Europe,Quốc Gia
Faroe Islands,FRO,2045,62163,61357,-806,-1.3,20.94,20.6,-0.34,Europe,Quốc Gia
Faroe Islands,FRO,2046,62354,61708,-646,-1.04,21.07,20.72,-0.35,Europe,Quốc Gia
Faroe Islands,FRO,2047,62558,62059,-499,-0.8,21.16,20.83,-0.33,Europe,Quốc Gia
Faroe Islands,FRO,2048,62742,62410,-332,-0.53,21.21,20.95,-0.26,Europe,Quốc Gia
Faroe Islands,FRO,2049,62904,62761,-143,-0.23,21.27,21.06,-0.21,Europe,Quốc Gia
Faroe Islands,FRO,2050,63060,63113,53,0.08,21.38,21.17,-0.21,Europe,Quốc Gia
Fiji,FJI,2027,941322,957485,16163,1.72,6.95,6.62,-0.33,Oceania,Quốc Gia
Fiji,FJI,2028,945367,961634,16267,1.72,7.13,6.72,-0.41,Oceania,Quốc Gia
Fiji,FJI,2029,949288,965783,16495,1.74,7.3,6.82,-0.48,Oceania,Quốc Gia
Fiji,FJI,2030,953112,969932,16820,1.76,7.45,6.92,-0.53,Oceania,Quốc Gia
Fiji,FJI,2031,956705,974081,17376,1.82,7.59,7.02,-0.57,Oceania,Quốc Gia
Fiji,FJI,2032,960075,978230,18155,1.89,7.73,7.12,-0.61,Oceania,Quốc Gia
Fiji,FJI,2033,963359,982379,19020,1.97,7.85,7.22,-0.63,Oceania,Quốc Gia
Fiji,FJI,2034,966536,986528,19992,2.07,7.96,7.32,-0.64,Oceania,Quốc Gia
Fiji,FJI,2035,969633,990677,21044,2.17,8.05,7.42,-0.63,Oceania,Quốc Gia
Fiji,FJI,2036,972659,994826,22167,2.28,8.14,7.52,-0.62,Oceania,Quốc Gia
Fiji,FJI,2037,975663,998975,23312,2.39,8.2,7.61,-0.59,Oceania,Quốc Gia
Fiji,FJI,2038,978553,1003124,24571,2.51,8.25,7.71,-0.54,Oceania,Quốc Gia
Fiji,FJI,2039,981288,1007273,25985,2.65,8.3,7.8,-0.5,Oceania,Quốc Gia
Fiji,FJI,2040,983863,1011422,27559,2.8,8.37,7.9,-0.47,Oceania,Quốc Gia
Fiji,FJI,2041,986429,1015571,29142,2.95,8.5,7.99,-0.51,Oceania,Quốc Gia
Fiji,FJI,2042,988830,1019720,30890,3.12,8.66,8.08,-0.58,Oceania,Quốc Gia
Fiji,FJI,2043,990872,1023869,32997,3.33,8.84,8.17,-0.67,Oceania,Quốc Gia
Fiji,FJI,2044,992752,1028018,35266,3.55,9.05,8.26,-0.79,Oceania,Quốc Gia
Fiji,FJI,2045,994457,1032167,37710,3.79,9.27,8.35,-0.92,Oceania,Quốc Gia
Fiji,FJI,2046,995978,1036316,40338,4.05,9.52,8.44,-1.08,Oceania,Quốc Gia
Fiji,FJI,2047,997340,1040465,43125,4.32,9.78,8.53,-1.25,Oceania,Quốc Gia
Fiji,FJI,2048,998565,1044614,46049,4.61,10.05,8.62,-1.43,Oceania,Quốc Gia
Fiji,FJI,2049,999550,1048763,49213,4.92,10.33,8.7,-1.63,Oceania,Quốc Gia
Fiji,FJI,2050,1000265,1052912,52647,5.26,10.59,8.79,-1.8,Oceania,Quốc Gia
Finland,FIN,2027,5615999,5666402,50403,0.9,24.85,24.27,-0.58,Europe,Quốc Gia
Finland,FIN,2028,5608807,5684337,75530,1.35,25.19,24.59,-0.6,Europe,Quốc Gia
Finland,FIN,2029,5600775,5702271,101496,1.81,25.51,24.9,-0.61,Europe,Quốc Gia
Finland,FIN,2030,5592044,5720205,128161,2.29,25.81,25.22,-0.59,Europe,Quốc Gia
Finland,FIN,2031,5582720,5738140,155420,2.78,26.09,25.53,-0.56,Europe,Quốc Gia
Finland,FIN,2032,5572879,5756074,183195,3.29,26.34,25.84,-0.5,Europe,Quốc Gia
Finland,FIN,2033,5562632,5774009,211377,3.8,26.57,26.15,-0.42,Europe,Quốc Gia
Finland,FIN,2034,5551881,5791943,240062,4.32,26.73,26.46,-0.27,Europe,Quốc Gia
Finland,FIN,2035,5540653,5809877,269224,4.86,26.82,26.76,-0.06,Europe,Quốc Gia
Finland,FIN,2036,5529046,5827812,298766,5.4,26.87,27.07,0.2,Europe,Quốc Gia
Finland,FIN,2037,5517118,5845746,328628,5.96,26.88,27.37,0.49,Europe,Quốc Gia
Finland,FIN,2038,5504989,5863680,358691,6.52,26.85,27.67,0.82,Europe,Quốc Gia
Finland,FIN,2039,5492754,5881615,388861,7.08,26.83,27.96,1.13,Europe,Quốc Gia
Finland,FIN,2040,5480517,5899549,419032,7.65,26.89,28.26,1.37,Europe,Quốc Gia
Finland,FIN,2041,5468305,5917484,449179,8.21,26.99,28.55,1.56,Europe,Quốc Gia
Finland,FIN,2042,5456010,5935418,479408,8.79,27.09,28.85,1.76,Europe,Quốc Gia
Finland,FIN,2043,5443569,5953352,509783,9.36,27.18,29.14,1.96,Europe,Quốc Gia
Finland,FIN,2044,5431001,5971287,540286,9.95,27.27,29.43,2.16,Europe,Quốc Gia
Finland,FIN,2045,5418352,5989221,570869,10.54,27.37,29.71,2.34,Europe,Quốc Gia
Finland,FIN,2046,5405569,6007156,601587,11.13,27.47,30.0,2.53,Europe,Quốc Gia
Finland,FIN,2047,5392603,6025090,632487,11.73,27.62,30.28,2.66,Europe,Quốc Gia
Finland,FIN,2048,5379290,6043024,663734,12.34,27.81,30.56,2.75,Europe,Quốc Gia
Finland,FIN,2049,5365644,6060959,695315,12.96,28.0,30.85,2.85,Europe,Quốc Gia
Finland,FIN,2050,5351645,6078893,727248,13.59,28.18,31.12,2.94,Europe,Quốc Gia
France,FRA,2027,66838262,68025938,1187676,1.78,23.25,21.9,-1.35,Europe,Quốc Gia
France,FRA,2028,66928636,68326736,1398100,2.09,23.62,22.1,-1.52,Europe,Quốc Gia
France,FRA,2029,67018331,68627534,1609203,2.4,24.0,22.31,-1.69,Europe,Quốc Gia
France,FRA,2030,67107690,68928332,1820642,2.71,24.37,22.51,-1.86,Europe,Quốc Gia
France,FRA,2031,67194857,69229130,2034273,3.03,24.72,22.71,-2.01,Europe,Quốc Gia
France,FRA,2032,67281986,69529927,2247941,3.34,25.02,22.91,-2.11,Europe,Quốc Gia
France,FRA,2033,67369321,69830725,2461404,3.65,25.29,23.11,-2.18,Europe,Quốc Gia
France,FRA,2034,67458153,70131523,2673370,3.96,25.56,23.3,-2.26,Europe,Quốc Gia
France,FRA,2035,67547942,70432321,2884379,4.27,25.83,23.5,-2.33,Europe,Quốc Gia
France,FRA,2036,67635323,70733119,3097796,4.58,26.11,23.69,-2.42,Europe,Quốc Gia
France,FRA,2037,67721114,71033916,3312802,4.89,26.38,23.88,-2.5,Europe,Quốc Gia
France,FRA,2038,67801927,71334714,3532787,5.21,26.63,24.07,-2.56,Europe,Quốc Gia
France,FRA,2039,67873408,71635512,3762104,5.54,26.83,24.26,-2.57,Europe,Quốc Gia
France,FRA,2040,67938905,71936310,3997405,5.88,26.96,24.44,-2.52,Europe,Quốc Gia
France,FRA,2041,68002578,72237108,4234530,6.23,27.04,24.63,-2.41,Europe,Quốc Gia
France,FRA,2042,68063860,72537905,4474045,6.57,27.11,24.81,-2.3,Europe,Quốc Gia
France,FRA,2043,68115787,72838703,4722916,6.93,27.18,24.99,-2.19,Europe,Quốc Gia
France,FRA,2044,68157082,73139501,4982419,7.31,27.24,25.17,-2.07,Europe,Quốc Gia
France,FRA,2045,68190957,73440299,5249342,7.7,27.33,25.35,-1.98,Europe,Quốc Gia
France,FRA,2046,68214671,73741097,5526426,8.1,27.41,25.53,-1.88,Europe,Quốc Gia
France,FRA,2047,68229077,74041894,5812817,8.52,27.46,25.7,-1.76,Europe,Quốc Gia
France,FRA,2048,68235299,74342692,6107393,8.95,27.47,25.88,-1.59,Europe,Quốc Gia
France,FRA,2049,68231376,74643490,6412114,9.4,27.45,26.05,-1.4,Europe,Quốc Gia
France,FRA,2050,68219681,74944288,6724607,9.86,27.45,26.22,-1.23,Europe,Quốc Gia
French Guiana,GUF,2027,324235,333872,9637,2.97,7.7,6.4,-1.3,South America,Quốc Gia
French Guiana,GUF,2028,329803,340031,10228,3.1,7.93,6.46,-1.47,South America,Quốc Gia
French Guiana,GUF,2029,335613,346189,10576,3.15,8.19,6.51,-1.68,South America,Quốc Gia
French Guiana,GUF,2030,341739,352348,10609,3.1,8.46,6.57,-1.89,South America,Quốc Gia
French Guiana,GUF,2031,348055,358506,10451,3.0,8.72,6.62,-2.1,South America,Quốc Gia
French Guiana,GUF,2032,354406,364665,10259,2.89,8.95,6.66,-2.29,South America,Quốc Gia
French Guiana,GUF,2033,360790,370824,10034,2.78,9.16,6.71,-2.45,South America,Quốc Gia
French Guiana,GUF,2034,367200,376982,9782,2.66,9.37,6.76,-2.61,South America,Quốc Gia
French Guiana,GUF,2035,373631,383141,9510,2.55,9.64,6.8,-2.84,South America,Quốc Gia
French Guiana,GUF,2036,380073,389299,9226,2.43,9.9,6.84,-3.06,South America,Quốc Gia
French Guiana,GUF,2037,386573,395458,8885,2.3,10.12,6.89,-3.23,South America,Quốc Gia
French Guiana,GUF,2038,393083,401617,8534,2.17,10.33,6.93,-3.4,South America,Quốc Gia
French Guiana,GUF,2039,399616,407775,8159,2.04,10.51,6.96,-3.55,South America,Quốc Gia
French Guiana,GUF,2040,406177,413934,7757,1.91,10.69,7.0,-3.69,South America,Quốc Gia
French Guiana,GUF,2041,412736,420092,7356,1.78,10.84,7.04,-3.8,South America,Quốc Gia
French Guiana,GUF,2042,419263,426251,6988,1.67,10.95,7.07,-3.88,South America,Quốc Gia
French Guiana,GUF,2043,425821,432409,6588,1.55,11.06,7.11,-3.95,South America,Quốc Gia
French Guiana,GUF,2044,432428,438568,6140,1.42,11.19,7.14,-4.05,South America,Quốc Gia
French Guiana,GUF,2045,439032,444727,5695,1.3,11.4,7.17,-4.23,South America,Quốc Gia
French Guiana,GUF,2046,445624,450885,5261,1.18,11.59,7.21,-4.38,South America,Quốc Gia
French Guiana,GUF,2047,452214,457044,4830,1.07,11.76,7.24,-4.52,South America,Quốc Gia
French Guiana,GUF,2048,458791,463202,4411,0.96,11.94,7.27,-4.67,South America,Quốc Gia
French Guiana,GUF,2049,465344,469361,4017,0.86,12.1,7.3,-4.8,South America,Quốc Gia
French Guiana,GUF,2050,471927,475520,3593,0.76,12.26,7.33,-4.93,South America,Quốc Gia
French Polynesia,PYF,2027,283674,296150,12476,4.4,13.25,10.79,-2.46,Oceania,Quốc Gia
French Polynesia,PYF,2028,284281,298131,13850,4.87,13.97,11.0,-2.97,Oceania,Quốc Gia
French Polynesia,PYF,2029,284900,300111,15211,5.34,14.7,11.2,-3.5,Oceania,Quốc Gia
French Polynesia,PYF,2030,285564,302091,16527,5.79,15.41,11.39,-4.02,Oceania,Quốc Gia
French Polynesia,PYF,2031,286158,304071,17913,6.26,16.14,11.59,-4.55,Oceania,Quốc Gia
French Polynesia,PYF,2032,286699,306051,19352,6.75,16.94,11.78,-5.16,Oceania,Quốc Gia
French Polynesia,PYF,2033,287190,308031,20841,7.26,17.72,11.97,-5.75,Oceania,Quốc Gia
French Polynesia,PYF,2034,287642,310011,22369,7.78,18.46,12.16,-6.3,Oceania,Quốc Gia
French Polynesia,PYF,2035,288079,311991,23912,8.3,19.17,12.34,-6.83,Oceania,Quốc Gia
French Polynesia,PYF,2036,288431,313972,25541,8.86,19.89,12.53,-7.36,Oceania,Quốc Gia
French Polynesia,PYF,2037,288689,315952,27263,9.44,20.58,12.71,-7.87,Oceania,Quốc Gia
French Polynesia,PYF,2038,288915,317932,29017,10.04,21.25,12.89,-8.36,Oceania,Quốc Gia
French Polynesia,PYF,2039,289095,319912,30817,10.66,21.9,13.06,-8.84,Oceania,Quốc Gia
French Polynesia,PYF,2040,289177,321892,32715,11.31,22.52,13.24,-9.28,Oceania,Quốc Gia
French Polynesia,PYF,2041,289135,323872,34737,12.01,23.11,13.41,-9.7,Oceania,Quốc Gia
French Polynesia,PYF,2042,288998,325852,36854,12.75,23.68,13.58,-10.1,Oceania,Quốc Gia
French Polynesia,PYF,2043,288785,327832,39047,13.52,24.24,13.75,-10.49,Oceania,Quốc Gia
French Polynesia,PYF,2044,288493,329813,41320,14.32,24.79,13.91,-10.88,Oceania,Quốc Gia
French Polynesia,PYF,2045,288138,331793,43655,15.15,25.37,14.07,-11.3,Oceania,Quốc Gia
French Polynesia,PYF,2046,287678,333773,46095,16.02,25.96,14.24,-11.72,Oceania,Quốc Gia
French Polynesia,PYF,2047,287125,335753,48628,16.94,26.56,14.4,-12.16,Oceania,Quốc Gia
French Polynesia,PYF,2048,286448,337733,51285,17.9,27.17,14.55,-12.62,Oceania,Quốc Gia
French Polynesia,PYF,2049,285647,339713,54066,18.93,27.81,14.71,-13.1,Oceania,Quốc Gia
French Polynesia,PYF,2050,284761,341693,56932,19.99,28.45,14.86,-13.59,Oceania,Quốc Gia
Gabon,GAB,2027,2701862,2651780,-50082,-1.85,4.24,3.9,-0.34,Africa,Quốc Gia
Gabon,GAB,2028,2756476,2702686,-53790,-1.95,4.31,3.89,-0.42,Africa,Quốc Gia
Gabon,GAB,2029,2811351,2753593,-57758,-2.05,4.38,3.87,-0.51,Africa,Quốc Gia
Gabon,GAB,2030,2866670,2804500,-62170,-2.17,4.45,3.85,-0.6,Africa,Quốc Gia
Gabon,GAB,2031,2922505,2855407,-67098,-2.3,4.54,3.84,-0.7,Africa,Quốc Gia
Gabon,GAB,2032,2978814,2906314,-72500,-2.43,4.62,3.83,-0.79,Africa,Quốc Gia
Gabon,GAB,2033,3035713,2957220,-78493,-2.59,4.71,3.81,-0.9,Africa,Quốc Gia
Gabon,GAB,2034,3093224,3008127,-85097,-2.75,4.81,3.8,-1.01,Africa,Quốc Gia
Gabon,GAB,2035,3151468,3059034,-92434,-2.93,4.91,3.79,-1.12,Africa,Quốc Gia
Gabon,GAB,2036,3210585,3109941,-100644,-3.13,5.02,3.77,-1.25,Africa,Quốc Gia
Gabon,GAB,2037,3270305,3160847,-109458,-3.35,5.14,3.76,-1.38,Africa,Quốc Gia
Gabon,GAB,2038,3330509,3211754,-118755,-3.57,5.27,3.75,-1.52,Africa,Quốc Gia
Gabon,GAB,2039,3391380,3262661,-128719,-3.8,5.4,3.74,-1.66,Africa,Quốc Gia
Gabon,GAB,2040,3452987,3313568,-139419,-4.04,5.53,3.73,-1.8,Africa,Quốc Gia
Gabon,GAB,2041,3515220,3364474,-150746,-4.29,5.68,3.72,-1.96,Africa,Quốc Gia
Gabon,GAB,2042,3577745,3415381,-162364,-4.54,5.83,3.71,-2.12,Africa,Quốc Gia
Gabon,GAB,2043,3640571,3466288,-174283,-4.79,5.98,3.7,-2.28,Africa,Quốc Gia
Gabon,GAB,2044,3703796,3517195,-186601,-5.04,6.15,3.69,-2.46,Africa,Quốc Gia
Gabon,GAB,2045,3767432,3568102,-199330,-5.29,6.32,3.68,-2.64,Africa,Quốc Gia
Gabon,GAB,2046,3831213,3619008,-212205,-5.54,6.49,3.67,-2.82,Africa,Quốc Gia
Gabon,GAB,2047,3894843,3669915,-224928,-5.78,6.67,3.66,-3.01,Africa,Quốc Gia
Gabon,GAB,2048,3958296,3720822,-237474,-6.0,6.85,3.65,-3.2,Africa,Quốc Gia
Gabon,GAB,2049,4021471,3771729,-249742,-6.21,7.03,3.64,-3.39,Africa,Quốc Gia
Gabon,GAB,2050,4084539,3822635,-261904,-6.41,7.21,3.64,-3.57,Africa,Quốc Gia
Gambia,GMB,2027,2945886,2872710,-73176,-2.48,3.42,2.81,-0.61,Africa,Quốc Gia
Gambia,GMB,2028,3007552,2925351,-82201,-2.73,3.54,2.81,-0.73,Africa,Quốc Gia
Gambia,GMB,2029,3069024,2977992,-91032,-2.97,3.66,2.81,-0.85,Africa,Quốc Gia
Gambia,GMB,2030,3130130,3030633,-99497,-3.18,3.78,2.8,-0.98,Africa,Quốc Gia
Gambia,GMB,2031,3190999,3083274,-107725,-3.38,3.89,2.8,-1.09,Africa,Quốc Gia
Gambia,GMB,2032,3251829,3135914,-115915,-3.56,4.0,2.8,-1.2,Africa,Quốc Gia
Gambia,GMB,2033,3312598,3188555,-124043,-3.74,4.11,2.8,-1.31,Africa,Quốc Gia
Gambia,GMB,2034,3373131,3241196,-131935,-3.91,4.21,2.8,-1.41,Africa,Quốc Gia
Gambia,GMB,2035,3433432,3293837,-139595,-4.07,4.29,2.79,-1.5,Africa,Quốc Gia
Gambia,GMB,2036,3493583,3346478,-147105,-4.21,4.37,2.79,-1.58,Africa,Quốc Gia
Gambia,GMB,2037,3553536,3399119,-154417,-4.35,4.44,2.79,-1.65,Africa,Quốc Gia
Gambia,GMB,2038,3613504,3451760,-161744,-4.48,4.5,2.79,-1.71,Africa,Quốc Gia
Gambia,GMB,2039,3673347,3504401,-168946,-4.6,4.55,2.79,-1.76,Africa,Quốc Gia
Gambia,GMB,2040,3732808,3557042,-175766,-4.71,4.6,2.79,-1.81,Africa,Quốc Gia
Gambia,GMB,2041,3791806,3609683,-182123,-4.8,4.64,2.78,-1.86,Africa,Quốc Gia
Gambia,GMB,2042,3850542,3662323,-188219,-4.89,4.68,2.78,-1.9,Africa,Quốc Gia
Gambia,GMB,2043,3909030,3714964,-194066,-4.96,4.72,2.78,-1.94,Africa,Quốc Gia
Gambia,GMB,2044,3966915,3767605,-199310,-5.02,4.78,2.78,-2.0,Africa,Quốc Gia
Gambia,GMB,2045,4024238,3820246,-203992,-5.07,4.85,2.78,-2.07,Africa,Quốc Gia
Gambia,GMB,2046,4080972,3872887,-208085,-5.1,4.93,2.78,-2.15,Africa,Quốc Gia
Gambia,GMB,2047,4137205,3925528,-211677,-5.12,5.02,2.78,-2.24,Africa,Quốc Gia
Gambia,GMB,2048,4192853,3978169,-214684,-5.12,5.13,2.78,-2.35,Africa,Quốc Gia
Gambia,GMB,2049,4247718,4030810,-216908,-5.11,5.26,2.77,-2.49,Africa,Quốc Gia
Gambia,GMB,2050,4301899,4083451,-218448,-5.08,5.39,2.77,-2.62,Africa,Quốc Gia
Georgia,GEO,2027,3801831,3507706,-294125,-7.74,16.71,16.53,-0.18,Asia,Quốc Gia
Georgia,GEO,2028,3798714,3475273,-323441,-8.51,17.03,16.73,-0.3,Asia,Quốc Gia
Georgia,GEO,2029,3795010,3442840,-352170,-9.28,17.32,16.92,-0.4,Asia,Quốc Gia
Georgia,GEO,2030,3790545,3410406,-380139,-10.03,17.56,17.13,-0.43,Asia,Quốc Gia
Georgia,GEO,2031,3785508,3377973,-407535,-10.77,17.75,17.33,-0.42,Asia,Quốc Gia
Georgia,GEO,2032,3780372,3345539,-434833,-11.5,17.9,17.55,-0.35,Asia,Quốc Gia
Georgia,GEO,2033,3775508,3313106,-462402,-12.25,18.03,17.76,-0.27,Asia,Quốc Gia
Georgia,GEO,2034,3770075,3280673,-489402,-12.98,18.16,17.98,-0.18,Asia,Quốc Gia
Georgia,GEO,2035,3764201,3248239,-515962,-13.71,18.29,18.2,-0.09,Asia,Quốc Gia
Georgia,GEO,2036,3757773,3215806,-541967,-14.42,18.42,18.43,0.01,Asia,Quốc Gia
Georgia,GEO,2037,3751050,3183373,-567677,-15.13,18.55,18.66,0.11,Asia,Quốc Gia
Georgia,GEO,2038,3744670,3150939,-593731,-15.86,18.68,18.9,0.22,Asia,Quốc Gia
Georgia,GEO,2039,3738798,3118506,-620292,-16.59,18.8,19.14,0.34,Asia,Quốc Gia
Georgia,GEO,2040,3732860,3086073,-646787,-17.33,18.93,19.39,0.46,Asia,Quốc Gia
Georgia,GEO,2041,3727100,3053639,-673461,-18.07,19.05,19.64,0.59,Asia,Quốc Gia
Georgia,GEO,2042,3721951,3021206,-700745,-18.83,19.17,19.9,0.73,Asia,Quốc Gia
Georgia,GEO,2043,3716427,2988772,-727655,-19.58,19.3,20.16,0.86,Asia,Quốc Gia
Georgia,GEO,2044,3710532,2956339,-754193,-20.33,19.44,20.43,0.99,Asia,Quốc Gia
Georgia,GEO,2045,3704001,2923906,-780095,-21.06,19.6,20.71,1.11,Asia,Quốc Gia
Georgia,GEO,2046,3696489,2891472,-805017,-21.78,19.78,20.99,1.21,Asia,Quốc Gia
Georgia,GEO,2047,3688630,2859039,-829591,-22.49,19.99,21.28,1.29,Asia,Quốc Gia
Georgia,GEO,2048,3680595,2826606,-853989,-23.2,20.22,21.57,1.35,Asia,Quốc Gia
Georgia,GEO,2049,3672465,2794172,-878293,-23.92,20.5,21.88,1.38,Asia,Quốc Gia
Georgia,GEO,2050,3664012,2761739,-902273,-24.63,20.8,22.18,1.38,Asia,Quốc Gia
Germany,DEU,2027,83442707,83593450,150743,0.18,24.74,24.23,-0.51,Europe,Quốc Gia
Germany,DEU,2028,83229087,83666937,437850,0.53,25.29,24.5,-0.79,Europe,Quốc Gia
Germany,DEU,2029,83005443,83740424,734981,0.89,25.87,24.76,-1.11,Europe,Quốc Gia
Germany,DEU,2030,82780958,83813911,1032953,1.25,26.45,25.02,-1.43,Europe,Quốc Gia
Germany,DEU,2031,82552440,83887398,1334958,1.62,27.02,25.28,-1.74,Europe,Quốc Gia
Germany,DEU,2032,82323674,83960885,1637211,1.99,27.56,25.54,-2.02,Europe,Quốc Gia
Germany,DEU,2033,82099752,84034372,1934620,2.36,28.07,25.8,-2.27,Europe,Quốc Gia
Germany,DEU,2034,81882649,84107859,2225210,2.72,28.52,26.06,-2.46,Europe,Quốc Gia
Germany,DEU,2035,81669908,84181346,2511438,3.08,28.89,26.32,-2.57,Europe,Quốc Gia
Germany,DEU,2036,81443399,84254832,2811433,3.45,29.19,26.58,-2.61,Europe,Quốc Gia
Germany,DEU,2037,81216897,84328319,3111422,3.83,29.4,26.84,-2.56,Europe,Quốc Gia
Germany,DEU,2038,80993995,84401806,3407811,4.21,29.51,27.1,-2.41,Europe,Quốc Gia
Germany,DEU,2039,80770015,84475293,3705278,4.59,29.57,27.36,-2.21,Europe,Quốc Gia
Germany,DEU,2040,80551735,84548780,3997045,4.96,29.6,27.61,-1.99,Europe,Quốc Gia
Germany,DEU,2041,80345659,84622267,4276608,5.32,29.64,27.87,-1.77,Europe,Quốc Gia
Germany,DEU,2042,80149109,84695754,4546645,5.67,29.69,28.13,-1.56,Europe,Quốc Gia
Germany,DEU,2043,79942139,84769241,4827102,6.04,29.74,28.38,-1.36,Europe,Quốc Gia
Germany,DEU,2044,79719611,84842728,5123117,6.43,29.8,28.64,-1.16,Europe,Quốc Gia
Germany,DEU,2045,79491791,84916215,5424424,6.82,29.89,28.89,-1.0,Europe,Quốc Gia
Germany,DEU,2046,79264454,84989702,5725248,7.22,30.0,29.15,-0.85,Europe,Quốc Gia
Germany,DEU,2047,79034282,85063189,6028907,7.63,30.08,29.4,-0.68,Europe,Quốc Gia
Germany,DEU,2048,78791088,85136676,6345588,8.05,30.16,29.65,-0.51,Europe,Quốc Gia
Germany,DEU,2049,78540889,85210163,6669274,8.49,30.2,29.91,-0.29,Europe,Quốc Gia
Germany,DEU,2050,78294606,85283650,6989044,8.93,30.24,30.16,-0.08,Europe,Quốc Gia
Ghana,GHA,2027,36328270,35974472,-353798,-0.97,4.03,3.66,-0.37,Africa,Quốc Gia
Ghana,GHA,2028,36959314,36574672,-384642,-1.04,4.17,3.67,-0.5,Africa,Quốc Gia
Ghana,GHA,2029,37589714,37174872,-414842,-1.1,4.31,3.68,-0.63,Africa,Quốc Gia
Ghana,GHA,2030,38222079,37775071,-447008,-1.17,4.44,3.69,-0.75,Africa,Quốc Gia
Ghana,GHA,2031,38856809,38375271,-481538,-1.24,4.57,3.7,-0.87,Africa,Quốc Gia
Ghana,GHA,2032,39492792,38975471,-517321,-1.31,4.7,3.71,-0.99,Africa,Quốc Gia
Ghana,GHA,2033,40132724,39575671,-557053,-1.39,4.83,3.72,-1.11,Africa,Quốc Gia
Ghana,GHA,2034,40774157,40175870,-598287,-1.47,4.98,3.73,-1.25,Africa,Quốc Gia
Ghana,GHA,2035,41412559,40776070,-636489,-1.54,5.11,3.74,-1.37,Africa,Quốc Gia
Ghana,GHA,2036,42047455,41376270,-671185,-1.6,5.24,3.75,-1.49,Africa,Quốc Gia
Ghana,GHA,2037,42682182,41976470,-705712,-1.65,5.36,3.76,-1.6,Africa,Quốc Gia
Ghana,GHA,2038,43314976,42576669,-738307,-1.7,5.49,3.77,-1.72,Africa,Quốc Gia
Ghana,GHA,2039,43942857,43176869,-765988,-1.74,5.62,3.77,-1.85,Africa,Quốc Gia
Ghana,GHA,2040,44568352,43777069,-791283,-1.78,5.76,3.78,-1.98,Africa,Quốc Gia
Ghana,GHA,2041,45190634,44377269,-813365,-1.8,5.89,3.79,-2.1,Africa,Quốc Gia
Ghana,GHA,2042,45808602,44977468,-831134,-1.81,6.04,3.8,-2.24,Africa,Quốc Gia
Ghana,GHA,2043,46421965,45577668,-844297,-1.82,6.2,3.8,-2.4,Africa,Quốc Gia
Ghana,GHA,2044,47030356,46177868,-852488,-1.81,6.38,3.81,-2.57,Africa,Quốc Gia
Ghana,GHA,2045,47634277,46778068,-856209,-1.8,6.55,3.82,-2.73,Africa,Quốc Gia
Ghana,GHA,2046,48231608,47378268,-853340,-1.77,6.7,3.83,-2.87,Africa,Quốc Gia
Ghana,GHA,2047,48823462,47978467,-844995,-1.73,6.86,3.83,-3.03,Africa,Quốc Gia
Ghana,GHA,2048,49408512,48578667,-829845,-1.68,7.04,3.84,-3.2,Africa,Quốc Gia
Ghana,GHA,2049,49984441,49178867,-805574,-1.61,7.22,3.85,-3.37,Africa,Quốc Gia
Ghana,GHA,2050,50553046,49779067,-773979,-1.53,7.4,3.85,-3.55,Africa,Quốc Gia
Gibraltar,GIB,2027,41582,39212,-2370,-5.7,18.34,18.02,-0.32,Europe,Quốc Gia
Gibraltar,GIB,2028,42244,39634,-2610,-6.18,18.63,18.1,-0.53,Europe,Quốc Gia
Gibraltar,GIB,2029,42884,40057,-2827,-6.59,18.9,18.18,-0.72,Europe,Quốc Gia
Gibraltar,GIB,2030,43477,40479,-2998,-6.9,19.21,18.26,-0.95,Europe,Quốc Gia
Gibraltar,GIB,2031,44053,40902,-3151,-7.15,19.57,18.34,-1.23,Europe,Quốc Gia
Gibraltar,GIB,2032,44605,41324,-3281,-7.36,19.87,18.41,-1.46,Europe,Quốc Gia
Gibraltar,GIB,2033,45119,41746,-3373,-7.48,20.11,18.49,-1.62,Europe,Quốc Gia
Gibraltar,GIB,2034,45593,42169,-3424,-7.51,20.31,18.56,-1.75,Europe,Quốc Gia
Gibraltar,GIB,2035,46041,42591,-3450,-7.49,20.52,18.63,-1.89,Europe,Quốc Gia
Gibraltar,GIB,2036,46453,43013,-3440,-7.41,20.73,18.7,-2.03,Europe,Quốc Gia
Gibraltar,GIB,2037,46833,43436,-3397,-7.25,20.93,18.77,-2.16,Europe,Quốc Gia
Gibraltar,GIB,2038,47198,43858,-3340,-7.08,21.15,18.84,-2.31,Europe,Quốc Gia
Gibraltar,GIB,2039,47547,44280,-3267,-6.87,21.41,18.9,-2.51,Europe,Quốc Gia
Gibraltar,GIB,2040,47844,44703,-3141,-6.57,21.66,18.97,-2.69,Europe,Quốc Gia
Gibraltar,GIB,2041,48115,45125,-2990,-6.21,21.91,19.03,-2.88,Europe,Quốc Gia
Gibraltar,GIB,2042,48357,45548,-2809,-5.81,22.19,19.09,-3.1,Europe,Quốc Gia
Gibraltar,GIB,2043,48588,45970,-2618,-5.39,22.45,19.15,-3.3,Europe,Quốc Gia
Gibraltar,GIB,2044,48790,46392,-2398,-4.91,22.69,19.21,-3.48,Europe,Quốc Gia
Gibraltar,GIB,2045,48995,46815,-2180,-4.45,22.92,19.27,-3.65,Europe,Quốc Gia
Gibraltar,GIB,2046,49179,47237,-1942,-3.95,23.15,19.33,-3.82,Europe,Quốc Gia
Gibraltar,GIB,2047,49361,47659,-1702,-3.45,23.4,19.39,-4.01,Europe,Quốc Gia
Gibraltar,GIB,2048,49526,48082,-1444,-2.92,23.63,19.44,-4.19,Europe,Quốc Gia
Gibraltar,GIB,2049,49680,48504,-1176,-2.37,23.85,19.5,-4.35,Europe,Quốc Gia
Gibraltar,GIB,2050,49819,48927,-892,-1.79,24.07,19.55,-4.52,Europe,Quốc Gia
Greece,GRC,2027,9853973,10488047,634074,6.43,25.01,24.42,-0.59,Europe,Quốc Gia
Greece,GRC,2028,9810272,10474062,663790,6.77,25.33,24.71,-0.62,Europe,Quốc Gia
Greece,GRC,2029,9766171,10460076,693905,7.11,25.66,25.0,-0.66,Europe,Quốc Gia
Greece,GRC,2030,9721988,10446091,724103,7.45,26.03,25.29,-0.74,Europe,Quốc Gia
Greece,GRC,2031,9677617,10432106,754489,7.8,26.45,25.58,-0.87,Europe,Quốc Gia
Greece,GRC,2032,9632163,10418121,785958,8.16,26.95,25.87,-1.08,Europe,Quốc Gia
Greece,GRC,2033,9586432,10404135,817703,8.53,27.47,26.17,-1.3,Europe,Quốc Gia
Greece,GRC,2034,9541533,10390150,848617,8.89,28.0,26.46,-1.54,Europe,Quốc Gia
Greece,GRC,2035,9496502,10376165,879663,9.26,28.53,26.76,-1.77,Europe,Quốc Gia
Greece,GRC,2036,9451667,10362179,910512,9.63,29.03,27.05,-1.98,Europe,Quốc Gia
Greece,GRC,2037,9407250,10348194,940944,10.0,29.52,27.35,-2.17,Europe,Quốc Gia
Greece,GRC,2038,9362893,10334209,971316,10.37,29.97,27.64,-2.33,Europe,Quốc Gia
Greece,GRC,2039,9319056,10320224,1001168,10.74,30.44,27.94,-2.5,Europe,Quốc Gia
Greece,GRC,2040,9275616,10306238,1030622,11.11,30.91,28.24,-2.67,Europe,Quốc Gia
Greece,GRC,2041,9232322,10292253,1059931,11.48,31.39,28.54,-2.85,Europe,Quốc Gia
Greece,GRC,2042,9189699,10278268,1088569,11.85,31.85,28.84,-3.01,Europe,Quốc Gia
Greece,GRC,2043,9146979,10264282,1117303,12.21,32.3,29.14,-3.16,Europe,Quốc Gia
Greece,GRC,2044,9103016,10250297,1147281,12.6,32.74,29.44,-3.3,Europe,Quốc Gia
Greece,GRC,2045,9058324,10236312,1177988,13.0,33.18,29.75,-3.43,Europe,Quốc Gia
Greece,GRC,2046,9013144,10222327,1209183,13.42,33.59,30.05,-3.54,Europe,Quốc Gia
Greece,GRC,2047,8965703,10208341,1242638,13.86,33.95,30.35,-3.6,Europe,Quốc Gia
Greece,GRC,2048,8916115,10194356,1278241,14.34,34.23,30.66,-3.57,Europe,Quốc Gia
Greece,GRC,2049,8864824,10180371,1315547,14.84,34.43,30.97,-3.46,Europe,Quốc Gia
Greece,GRC,2050,8812069,10166386,1354317,15.37,34.52,31.27,-3.25,Europe,Quốc Gia
Greenland,GRL,2027,55524,56092,568,1.02,13.09,10.76,-2.33,Europe,Quốc Gia
Greenland,GRL,2028,55390,56080,690,1.25,13.88,10.98,-2.9,Europe,Quốc Gia
Greenland,GRL,2029,55239,56068,829,1.5,14.69,11.19,-3.5,Europe,Quốc Gia
Greenland,GRL,2030,55077,56056,979,1.78,15.52,11.41,-4.11,Europe,Quốc Gia
Greenland,GRL,2031,54904,56044,1140,2.08,16.3,11.63,-4.67,Europe,Quốc Gia
Greenland,GRL,2032,54705,56031,1326,2.42,17.02,11.84,-5.18,Europe,Quốc Gia
Greenland,GRL,2033,54494,56019,1525,2.8,17.64,12.06,-5.58,Europe,Quốc Gia
Greenland,GRL,2034,54262,56007,1745,3.22,18.11,12.27,-5.84,Europe,Quốc Gia
Greenland,GRL,2035,54026,55995,1969,3.64,18.39,12.49,-5.9,Europe,Quốc Gia
Greenland,GRL,2036,53770,55983,2213,4.12,18.48,12.71,-5.77,Europe,Quốc Gia
Greenland,GRL,2037,53514,55971,2457,4.59,18.43,12.92,-5.51,Europe,Quốc Gia
Greenland,GRL,2038,53248,55959,2711,5.09,18.29,13.14,-5.15,Europe,Quốc Gia
Greenland,GRL,2039,52978,55947,2969,5.6,18.09,13.36,-4.73,Europe,Quốc Gia
Greenland,GRL,2040,52694,55935,3241,6.15,17.89,13.58,-4.31,Europe,Quốc Gia
Greenland,GRL,2041,52420,55922,3502,6.68,17.71,13.79,-3.92,Europe,Quốc Gia
Greenland,GRL,2042,52146,55910,3764,7.22,17.53,14.01,-3.52,Europe,Quốc Gia
Greenland,GRL,2043,51862,55898,4036,7.78,17.4,14.23,-3.17,Europe,Quốc Gia
Greenland,GRL,2044,51577,55886,4309,8.35,17.31,14.44,-2.87,Europe,Quốc Gia
Greenland,GRL,2045,51294,55874,4580,8.93,17.27,14.66,-2.61,Europe,Quốc Gia
Greenland,GRL,2046,51006,55862,4856,9.52,17.27,14.88,-2.39,Europe,Quốc Gia
Greenland,GRL,2047,50720,55850,5130,10.11,17.32,15.1,-2.22,Europe,Quốc Gia
Greenland,GRL,2048,50442,55838,5396,10.7,17.42,15.31,-2.11,Europe,Quốc Gia
Greenland,GRL,2049,50174,55826,5652,11.26,17.54,15.53,-2.01,Europe,Quốc Gia
Greenland,GRL,2050,49919,55813,5894,11.81,17.72,15.75,-1.97,Europe,Quốc Gia
Grenada,GRD,2027,117411,119341,1930,1.64,13.4,12.11,-1.29,North America,Quốc Gia
Grenada,GRD,2028,117442,119793,2351,2.0,13.79,12.24,-1.55,North America,Quốc Gia
Grenada,GRD,2029,117458,120246,2788,2.37,14.15,12.36,-1.79,North America,Quốc Gia
Grenada,GRD,2030,117477,120698,3221,2.74,14.48,12.49,-1.99,North America,Quốc Gia
Grenada,GRD,2031,117487,121150,3663,3.12,14.77,12.61,-2.16,North America,Quốc Gia
Grenada,GRD,2032,117467,121602,4135,3.52,15.01,12.73,-2.28,North America,Quốc Gia
Grenada,GRD,2033,117417,122055,4638,3.95,15.23,12.85,-2.38,North America,Quốc Gia
Grenada,GRD,2034,117345,122507,5162,4.4,15.42,12.97,-2.45,North America,Quốc Gia
Grenada,GRD,2035,117255,122959,5704,4.86,15.61,13.09,-2.52,North America,Quốc Gia
Grenada,GRD,2036,117151,123412,6261,5.34,15.79,13.21,-2.58,North America,Quốc Gia
Grenada,GRD,2037,117010,123864,6854,5.86,15.97,13.33,-2.64,North America,Quốc Gia
Grenada,GRD,2038,116879,124316,7437,6.36,16.16,13.45,-2.71,North America,Quốc Gia
Grenada,GRD,2039,116713,124769,8056,6.9,16.34,13.56,-2.78,North America,Quốc Gia
Grenada,GRD,2040,116506,125221,8715,7.48,16.52,13.68,-2.84,North America,Quốc Gia
Grenada,GRD,2041,116276,125673,9397,8.08,16.69,13.79,-2.9,North America,Quốc Gia
Grenada,GRD,2042,116025,126125,10100,8.71,16.85,13.9,-2.95,North America,Quốc Gia
Grenada,GRD,2043,115739,126578,10839,9.37,17.01,14.02,-2.99,North America,Quốc Gia
Grenada,GRD,2044,115451,127030,11579,10.03,17.22,14.13,-3.09,North America,Quốc Gia
Grenada,GRD,2045,115133,127482,12349,10.73,17.49,14.24,-3.25,North America,Quốc Gia
Grenada,GRD,2046,114782,127935,13153,11.46,17.84,14.35,-3.49,North America,Quốc Gia
Grenada,GRD,2047,114417,128387,13970,12.21,18.3,14.46,-3.84,North America,Quốc Gia
Grenada,GRD,2048,114042,128839,14797,12.98,18.85,14.57,-4.28,North America,Quốc Gia
Grenada,GRD,2049,113665,129291,15626,13.75,19.47,14.68,-4.79,North America,Quốc Gia
Grenada,GRD,2050,113255,129744,16489,14.56,20.16,14.78,-5.38,North America,Quốc Gia
Guadeloupe,GLP,2027,371066,388074,17008,4.58,26.28,23.55,-2.73,North America,Quốc Gia
Guadeloupe,GLP,2028,369568,387040,17472,4.73,27.17,24.1,-3.07,North America,Quốc Gia
Guadeloupe,GLP,2029,367975,386006,18031,4.9,27.97,24.66,-3.31,North America,Quốc Gia
Guadeloupe,GLP,2030,366348,384972,18624,5.08,28.74,25.21,-3.53,North America,Quốc Gia
Guadeloupe,GLP,2031,364666,383938,19272,5.28,29.5,25.77,-3.73,North America,Quốc Gia
Guadeloupe,GLP,2032,362949,382904,19955,5.5,30.18,26.34,-3.84,North America,Quốc Gia
Guadeloupe,GLP,2033,361282,381870,20588,5.7,30.79,26.9,-3.89,North America,Quốc Gia
Guadeloupe,GLP,2034,359580,380836,21256,5.91,31.34,27.47,-3.87,North America,Quốc Gia
Guadeloupe,GLP,2035,357880,379802,21922,6.13,31.81,28.04,-3.77,North America,Quốc Gia
Guadeloupe,GLP,2036,356312,378768,22456,6.3,32.3,28.62,-3.68,North America,Quốc Gia
Guadeloupe,GLP,2037,354687,377735,23048,6.5,32.76,29.19,-3.57,North America,Quốc Gia
Guadeloupe,GLP,2038,352886,376701,23815,6.75,33.17,29.78,-3.39,North America,Quốc Gia
Guadeloupe,GLP,2039,350962,375667,24705,7.04,33.52,30.36,-3.16,North America,Quốc Gia
Guadeloupe,GLP,2040,348991,374633,25642,7.35,33.8,30.95,-2.85,North America,Quốc Gia
Guadeloupe,GLP,2041,346968,373599,26631,7.68,33.92,31.54,-2.38,North America,Quốc Gia
Guadeloupe,GLP,2042,344890,372565,27675,8.02,33.91,32.13,-1.78,North America,Quốc Gia
Guadeloupe,GLP,2043,342765,371531,28766,8.39,33.82,32.73,-1.09,North America,Quốc Gia
Guadeloupe,GLP,2044,340603,370497,29894,8.78,33.68,33.33,-0.35,North America,Quốc Gia
Guadeloupe,GLP,2045,338335,369463,31128,9.2,33.55,33.93,0.38,North America,Quốc Gia
Guadeloupe,GLP,2046,336025,368429,32404,9.64,33.46,34.54,1.08,North America,Quốc Gia
Guadeloupe,GLP,2047,333704,367395,33691,10.1,33.36,35.15,1.79,North America,Quốc Gia
Guadeloupe,GLP,2048,331334,366362,35028,10.57,33.21,35.77,2.56,North America,Quốc Gia
Guadeloupe,GLP,2049,328880,365328,36448,11.08,33.0,36.39,3.39,North America,Quốc Gia
Guadeloupe,GLP,2050,326331,364294,37963,11.63,32.77,37.01,4.24,North America,Quốc Gia
Guam,GUM,2027,171349,169671,-1678,-0.98,14.06,12.3,-1.76,Oceania,Quốc Gia
Guam,GUM,2028,172475,170082,-2393,-1.39,14.54,12.56,-1.98,Oceania,Quốc Gia
Guam,GUM,2029,173567,170493,-3074,-1.77,15.0,12.81,-2.19,Oceania,Quốc Gia
Guam,GUM,2030,174644,170904,-3740,-2.14,15.44,13.06,-2.38,Oceania,Quốc Gia
Guam,GUM,2031,175690,171315,-4375,-2.49,15.84,13.31,-2.53,Oceania,Quốc Gia
Guam,GUM,2032,176693,171726,-4967,-2.81,16.22,13.55,-2.67,Oceania,Quốc Gia
Guam,GUM,2033,177647,172136,-5511,-3.1,16.57,13.8,-2.77,Oceania,Quốc Gia
Guam,GUM,2034,178568,172547,-6021,-3.37,16.9,14.05,-2.85,Oceania,Quốc Gia
Guam,GUM,2035,179448,172958,-6490,-3.62,17.2,14.29,-2.91,Oceania,Quốc Gia
Guam,GUM,2036,180318,173369,-6949,-3.85,17.49,14.53,-2.96,Oceania,Quốc Gia
Guam,GUM,2037,181153,173780,-7373,-4.07,17.74,14.77,-2.97,Oceania,Quốc Gia
Guam,GUM,2038,181972,174191,-7781,-4.28,17.96,15.02,-2.94,Oceania,Quốc Gia
Guam,GUM,2039,182801,174601,-8200,-4.49,18.14,15.25,-2.89,Oceania,Quốc Gia
Guam,GUM,2040,183628,175012,-8616,-4.69,18.27,15.49,-2.78,Oceania,Quốc Gia
Guam,GUM,2041,184438,175423,-9015,-4.89,18.36,15.73,-2.63,Oceania,Quốc Gia
Guam,GUM,2042,185250,175834,-9416,-5.08,18.41,15.97,-2.44,Oceania,Quốc Gia
Guam,GUM,2043,186052,176245,-9807,-5.27,18.44,16.2,-2.24,Oceania,Quốc Gia
Guam,GUM,2044,186853,176656,-10197,-5.46,18.44,16.44,-2.0,Oceania,Quốc Gia
Guam,GUM,2045,187688,177066,-10622,-5.66,18.43,16.67,-1.76,Oceania,Quốc Gia
Guam,GUM,2046,188486,177477,-11009,-5.84,18.42,16.9,-1.52,Oceania,Quốc Gia
Guam,GUM,2047,189250,177888,-11362,-6.0,18.41,17.13,-1.28,Oceania,Quốc Gia
Guam,GUM,2048,189993,178299,-11694,-6.15,18.39,17.36,-1.03,Oceania,Quốc Gia
Guam,GUM,2049,190732,178710,-12022,-6.3,18.37,17.59,-0.78,Oceania,Quốc Gia
Guam,GUM,2050,191464,179121,-12343,-6.45,18.35,17.82,-0.53,Oceania,Quốc Gia
Guatemala,GTM,2027,19246014,19297021,51007,0.27,5.19,4.7,-0.49,North America,Quốc Gia
Guatemala,GTM,2028,19521509,19578193,56684,0.29,5.3,4.72,-0.58,North America,Quốc Gia
Guatemala,GTM,2029,19795175,19859364,64189,0.32,5.41,4.74,-0.67,North America,Quốc Gia
Guatemala,GTM,2030,20067261,20140536,73275,0.37,5.53,4.77,-0.76,North America,Quốc Gia
Guatemala,GTM,2031,20337375,20421707,84332,0.41,5.65,4.79,-0.86,North America,Quốc Gia
Guatemala,GTM,2032,20605394,20702879,97485,0.47,5.77,4.81,-0.96,North America,Quốc Gia
Guatemala,GTM,2033,20871093,20984050,112957,0.54,5.89,4.83,-1.06,North America,Quốc Gia
Guatemala,GTM,2034,21134176,21265222,131046,0.62,6.01,4.85,-1.16,North America,Quốc Gia
Guatemala,GTM,2035,21394241,21546393,152152,0.71,6.14,4.87,-1.27,North America,Quốc Gia
Guatemala,GTM,2036,21650339,21827565,177226,0.82,6.28,4.89,-1.39,North America,Quốc Gia
Guatemala,GTM,2037,21901965,22108736,206771,0.94,6.42,4.91,-1.51,North America,Quốc Gia
Guatemala,GTM,2038,22149207,22389908,240701,1.09,6.58,4.93,-1.65,North America,Quốc Gia
Guatemala,GTM,2039,22391089,22671079,279990,1.25,6.74,4.94,-1.8,North America,Quốc Gia
Guatemala,GTM,2040,22626869,22952251,325382,1.44,6.92,4.96,-1.96,North America,Quốc Gia
Guatemala,GTM,2041,22856770,23233423,376653,1.65,7.12,4.98,-2.14,North America,Quốc Gia
Guatemala,GTM,2042,23080849,23514594,433745,1.88,7.33,4.99,-2.34,North America,Quốc Gia
Guatemala,GTM,2043,23299237,23795766,496529,2.13,7.56,5.01,-2.55,North America,Quốc Gia
Guatemala,GTM,2044,23512016,24076937,564921,2.4,7.81,5.03,-2.78,North America,Quốc Gia
Guatemala,GTM,2045,23719090,24358109,639019,2.69,8.07,5.04,-3.03,North America,Quốc Gia
Guatemala,GTM,2046,23920461,24639280,718819,3.01,8.35,5.06,-3.29,North America,Quốc Gia
Guatemala,GTM,2047,24115745,24920452,804707,3.34,8.65,5.07,-3.58,North America,Quốc Gia
Guatemala,GTM,2048,24305651,25201623,895972,3.69,8.97,5.08,-3.89,North America,Quốc Gia
Guatemala,GTM,2049,24491011,25482795,991784,4.05,9.29,5.1,-4.19,North America,Quốc Gia
Guatemala,GTM,2050,24670861,25763966,1093105,4.43,9.62,5.11,-4.51,North America,Quốc Gia
Guernsey,GGY,2027,64726,64343,-383,-0.59,23.19,21.75,-1.44,Europe,Quốc Gia
Guernsey,GGY,2028,64793,64500,-293,-0.45,23.77,21.97,-1.8,Europe,Quốc Gia
Guernsey,GGY,2029,64831,64657,-174,-0.27,24.35,22.19,-2.16,Europe,Quốc Gia
Guernsey,GGY,2030,64849,64813,-36,-0.06,24.93,22.41,-2.52,Europe,Quốc Gia
Guernsey,GGY,2031,64849,64970,121,0.19,25.5,22.62,-2.88,Europe,Quốc Gia
Guernsey,GGY,2032,64848,65127,279,0.43,26.03,22.84,-3.19,Europe,Quốc Gia
Guernsey,GGY,2033,64832,65283,451,0.7,26.54,23.05,-3.49,Europe,Quốc Gia
Guernsey,GGY,2034,64798,65440,642,0.99,27.09,23.26,-3.83,Europe,Quốc Gia
Guernsey,GGY,2035,64753,65597,844,1.3,27.64,23.47,-4.17,Europe,Quốc Gia
Guernsey,GGY,2036,64685,65754,1069,1.65,28.12,23.68,-4.44,Europe,Quốc Gia
Guernsey,GGY,2037,64609,65910,1301,2.01,28.53,23.89,-4.64,Europe,Quốc Gia
Guernsey,GGY,2038,64537,66067,1530,2.37,28.87,24.1,-4.77,Europe,Quốc Gia
Guernsey,GGY,2039,64450,66224,1774,2.75,29.14,24.31,-4.83,Europe,Quốc Gia
Guernsey,GGY,2040,64351,66380,2029,3.15,29.32,24.51,-4.81,Europe,Quốc Gia
Guernsey,GGY,2041,64246,66537,2291,3.57,29.43,24.72,-4.71,Europe,Quốc Gia
Guernsey,GGY,2042,64133,66694,2561,3.99,29.54,24.92,-4.62,Europe,Quốc Gia
Guernsey,GGY,2043,64004,66850,2846,4.45,29.64,25.13,-4.51,Europe,Quốc Gia
Guernsey,GGY,2044,63875,67007,3132,4.9,29.76,25.33,-4.43,Europe,Quốc Gia
Guernsey,GGY,2045,63729,67164,3435,5.39,29.89,25.53,-4.36,Europe,Quốc Gia
Guernsey,GGY,2046,63581,67321,3740,5.88,30.03,25.73,-4.3,Europe,Quốc Gia
Guernsey,GGY,2047,63424,67477,4053,6.39,30.18,25.93,-4.25,Europe,Quốc Gia
Guernsey,GGY,2048,63240,67634,4394,6.95,30.31,26.13,-4.18,Europe,Quốc Gia
Guernsey,GGY,2049,63035,67791,4756,7.55,30.43,26.33,-4.1,Europe,Quốc Gia
Guernsey,GGY,2050,62823,67947,5124,8.16,30.54,26.52,-4.02,Europe,Quốc Gia
Guinea,GIN,2027,15784096,15054063,-730033,-4.63,3.52,3.39,-0.13,Africa,Quốc Gia
Guinea,GIN,2028,16126575,15304377,-822198,-5.1,3.55,3.38,-0.17,Africa,Quốc Gia
Guinea,GIN,2029,16466759,15554691,-912068,-5.54,3.58,3.36,-0.22,Africa,Quốc Gia
Guinea,GIN,2030,16807148,15805005,-1002143,-5.96,3.61,3.35,-0.26,Africa,Quốc Gia
Guinea,GIN,2031,17147638,16055319,-1092319,-6.37,3.64,3.34,-0.3,Africa,Quốc Gia
Guinea,GIN,2032,17485894,16305632,-1180262,-6.75,3.68,3.33,-0.35,Africa,Quốc Gia
Guinea,GIN,2033,17822207,16555946,-1266261,-7.1,3.71,3.33,-0.38,Africa,Quốc Gia
Guinea,GIN,2034,18154411,16806260,-1348151,-7.43,3.74,3.32,-0.42,Africa,Quốc Gia
Guinea,GIN,2035,18486019,17056574,-1429445,-7.73,3.78,3.31,-0.47,Africa,Quốc Gia
Guinea,GIN,2036,18820864,17306888,-1513976,-8.04,3.81,3.3,-0.51,Africa,Quốc Gia
Guinea,GIN,2037,19155756,17557202,-1598554,-8.35,3.85,3.29,-0.56,Africa,Quốc Gia
Guinea,GIN,2038,19489365,17807516,-1681849,-8.63,3.88,3.28,-0.6,Africa,Quốc Gia
Guinea,GIN,2039,19823859,18057830,-1766029,-8.91,3.91,3.27,-0.64,Africa,Quốc Gia
Guinea,GIN,2040,20160744,18308144,-1852600,-9.19,3.95,3.27,-0.68,Africa,Quốc Gia
Guinea,GIN,2041,20497033,18558458,-1938575,-9.46,3.98,3.26,-0.72,Africa,Quốc Gia
Guinea,GIN,2042,20830653,18808772,-2021881,-9.71,4.02,3.25,-0.77,Africa,Quốc Gia
Guinea,GIN,2043,21163499,19059086,-2104413,-9.94,4.07,3.24,-0.83,Africa,Quốc Gia
Guinea,GIN,2044,21492051,19309400,-2182651,-10.16,4.12,3.24,-0.88,Africa,Quốc Gia
Guinea,GIN,2045,21817247,19559714,-2257533,-10.35,4.18,3.23,-0.95,Africa,Quốc Gia
Guinea,GIN,2046,22141687,19810028,-2331659,-10.53,4.24,3.22,-1.02,Africa,Quốc Gia
Guinea,GIN,2047,22463115,20060341,-2402774,-10.7,4.32,3.22,-1.1,Africa,Quốc Gia
Guinea,GIN,2048,22780054,20310655,-2469399,-10.84,4.41,3.21,-1.2,Africa,Quốc Gia
Guinea,GIN,2049,23092611,20560969,-2531642,-10.96,4.51,3.21,-1.3,Africa,Quốc Gia
Guinea,GIN,2050,23404593,20811283,-2593310,-11.08,4.62,3.2,-1.42,Africa,Quốc Gia
Guinea-Bissau,GNB,2027,2346199,2268854,-77345,-3.3,3.32,2.87,-0.45,Africa,Quốc Gia
Guinea-Bissau,GNB,2028,2394234,2307196,-87038,-3.64,3.36,2.86,-0.5,Africa,Quốc Gia
Guinea-Bissau,GNB,2029,2441582,2345537,-96045,-3.93,3.39,2.85,-0.54,Africa,Quốc Gia
Guinea-Bissau,GNB,2030,2488941,2383878,-105063,-4.22,3.43,2.84,-0.59,Africa,Quốc Gia
Guinea-Bissau,GNB,2031,2536903,2422219,-114684,-4.52,3.47,2.83,-0.64,Africa,Quốc Gia
Guinea-Bissau,GNB,2032,2585575,2460560,-125015,-4.84,3.51,2.82,-0.69,Africa,Quốc Gia
Guinea-Bissau,GNB,2033,2634709,2498902,-135807,-5.15,3.56,2.81,-0.75,Africa,Quốc Gia
Guinea-Bissau,GNB,2034,2683086,2537243,-145843,-5.44,3.63,2.8,-0.83,Africa,Quốc Gia
Guinea-Bissau,GNB,2035,2730145,2575584,-154561,-5.66,3.71,2.79,-0.92,Africa,Quốc Gia
Guinea-Bissau,GNB,2036,2777897,2613925,-163972,-5.9,3.8,2.78,-1.02,Africa,Quốc Gia
Guinea-Bissau,GNB,2037,2826168,2652266,-173902,-6.15,3.91,2.77,-1.14,Africa,Quốc Gia
Guinea-Bissau,GNB,2038,2873938,2690608,-183330,-6.38,4.03,2.76,-1.27,Africa,Quốc Gia
Guinea-Bissau,GNB,2039,2921982,2728949,-193033,-6.61,4.15,2.75,-1.4,Africa,Quốc Gia
Guinea-Bissau,GNB,2040,2969708,2767290,-202418,-6.82,4.28,2.74,-1.54,Africa,Quốc Gia
Guinea-Bissau,GNB,2041,3016547,2805631,-210916,-6.99,4.42,2.73,-1.69,Africa,Quốc Gia
Guinea-Bissau,GNB,2042,3063173,2843973,-219200,-7.16,4.55,2.72,-1.83,Africa,Quốc Gia
Guinea-Bissau,GNB,2043,3109939,2882314,-227625,-7.32,4.68,2.72,-1.96,Africa,Quốc Gia
Guinea-Bissau,GNB,2044,3156715,2920655,-236060,-7.48,4.8,2.71,-2.09,Africa,Quốc Gia
Guinea-Bissau,GNB,2045,3204251,2958996,-245255,-7.65,4.93,2.7,-2.23,Africa,Quốc Gia
Guinea-Bissau,GNB,2046,3251475,2997337,-254138,-7.82,5.07,2.69,-2.38,Africa,Quốc Gia
Guinea-Bissau,GNB,2047,3298572,3035679,-262893,-7.97,5.22,2.69,-2.53,Africa,Quốc Gia
Guinea-Bissau,GNB,2048,3345864,3074020,-271844,-8.12,5.37,2.68,-2.69,Africa,Quốc Gia
Guinea-Bissau,GNB,2049,3392570,3112361,-280209,-8.26,5.52,2.67,-2.85,Africa,Quốc Gia
Guinea-Bissau,GNB,2050,3438608,3150702,-287906,-8.37,5.68,2.67,-3.01,Africa,Quốc Gia
Guyana,GUY,2027,846026,812791,-33235,-3.93,7.46,6.7,-0.76,South America,Quốc Gia
Guyana,GUY,2028,851166,815001,-36165,-4.25,7.7,6.8,-0.9,South America,Quốc Gia
Guyana,GUY,2029,856046,817211,-38835,-4.54,7.94,6.89,-1.05,South America,Quốc Gia
Guyana,GUY,2030,861045,819422,-41623,-4.83,8.17,6.99,-1.18,South America,Quốc Gia
Guyana,GUY,2031,866087,821632,-44455,-5.13,8.39,7.09,-1.3,South America,Quốc Gia
Guyana,GUY,2032,871245,823843,-47402,-5.44,8.61,7.18,-1.43,South America,Quốc Gia
Guyana,GUY,2033,876351,826053,-50298,-5.74,8.83,7.28,-1.55,South America,Quốc Gia
Guyana,GUY,2034,881230,828264,-52966,-6.01,9.04,7.37,-1.67,South America,Quốc Gia
Guyana,GUY,2035,885941,830474,-55467,-6.26,9.24,7.47,-1.77,South America,Quốc Gia
Guyana,GUY,2036,890327,832685,-57642,-6.47,9.44,7.56,-1.88,South America,Quốc Gia
Guyana,GUY,2037,894656,834895,-59761,-6.68,9.62,7.66,-1.96,South America,Quốc Gia
Guyana,GUY,2038,899029,837105,-61924,-6.89,9.8,7.75,-2.05,South America,Quốc Gia
Guyana,GUY,2039,903323,839316,-64007,-7.09,9.97,7.84,-2.13,South America,Quốc Gia
Guyana,GUY,2040,907514,841526,-65988,-7.27,10.14,7.93,-2.21,South America,Quốc Gia
Guyana,GUY,2041,911731,843737,-67994,-7.46,10.3,8.02,-2.28,South America,Quốc Gia
Guyana,GUY,2042,915819,845947,-69872,-7.63,10.45,8.12,-2.33,South America,Quốc Gia
Guyana,GUY,2043,919582,848158,-71424,-7.77,10.58,8.21,-2.37,South America,Quốc Gia
Guyana,GUY,2044,923129,850368,-72761,-7.88,10.69,8.3,-2.39,South America,Quốc Gia
Guyana,GUY,2045,926363,852579,-73784,-7.96,10.8,8.39,-2.41,South America,Quốc Gia
Guyana,GUY,2046,929485,854789,-74696,-8.04,10.89,8.48,-2.41,South America,Quốc Gia
Guyana,GUY,2047,932491,856999,-75492,-8.1,10.97,8.56,-2.41,South America,Quốc Gia
Guyana,GUY,2048,935337,859210,-76127,-8.14,11.04,8.65,-2.39,South America,Quốc Gia
Guyana,GUY,2049,938070,861420,-76650,-8.17,11.1,8.74,-2.36,South America,Quốc Gia
Guyana,GUY,2050,940608,863631,-76977,-8.18,11.17,8.83,-2.34,South America,Quốc Gia
Haiti,HTI,2027,12167804,12248235,80431,0.66,4.97,4.61,-0.36,North America,Quốc Gia
Haiti,HTI,2028,12297297,12393773,96476,0.78,5.06,4.64,-0.42,North America,Quốc Gia
Haiti,HTI,2029,12425439,12539310,113871,0.92,5.16,4.66,-0.5,North America,Quốc Gia
Haiti,HTI,2030,12552361,12684848,132487,1.06,5.26,4.69,-0.57,North America,Quốc Gia
Haiti,HTI,2031,12677988,12830385,152397,1.2,5.36,4.71,-0.65,North America,Quốc Gia
Haiti,HTI,2032,12802218,12975923,173705,1.36,5.47,4.74,-0.73,North America,Quốc Gia
Haiti,HTI,2033,12924883,13121460,196577,1.52,5.57,4.76,-0.81,North America,Quốc Gia
Haiti,HTI,2034,13045812,13266998,221186,1.7,5.69,4.78,-0.91,North America,Quốc Gia
Haiti,HTI,2035,13165002,13412535,247533,1.88,5.8,4.8,-1.0,North America,Quốc Gia
Haiti,HTI,2036,13282410,13558072,275662,2.08,5.92,4.82,-1.1,North America,Quốc Gia
Haiti,HTI,2037,13398067,13703610,305543,2.28,6.05,4.84,-1.21,North America,Quốc Gia
Haiti,HTI,2038,13512130,13849147,337017,2.49,6.18,4.86,-1.32,North America,Quốc Gia
Haiti,HTI,2039,13624114,13994685,370571,2.72,6.33,4.88,-1.45,North America,Quốc Gia
Haiti,HTI,2040,13733843,14140222,406379,2.96,6.48,4.9,-1.58,North America,Quốc Gia
Haiti,HTI,2041,13841983,14285760,443777,3.21,6.64,4.92,-1.72,North America,Quốc Gia
Haiti,HTI,2042,13948326,14431297,482971,3.46,6.8,4.94,-1.86,North America,Quốc Gia
Haiti,HTI,2043,14052358,14576835,524477,3.73,6.98,4.96,-2.02,North America,Quốc Gia
Haiti,HTI,2044,14153893,14722372,568479,4.02,7.16,4.98,-2.18,North America,Quốc Gia
Haiti,HTI,2045,14252972,14867910,614938,4.31,7.34,5.0,-2.34,North America,Quốc Gia
Haiti,HTI,2046,14349607,15013447,663840,4.63,7.53,5.01,-2.52,North America,Quốc Gia
Haiti,HTI,2047,14443733,15158985,715252,4.95,7.73,5.03,-2.7,North America,Quốc Gia
Haiti,HTI,2048,14535453,15304522,769069,5.29,7.94,5.05,-2.89,North America,Quốc Gia
Haiti,HTI,2049,14624494,15450060,825566,5.65,8.16,5.06,-3.1,North America,Quốc Gia
Haiti,HTI,2050,14710871,15595597,884726,6.01,8.38,5.08,-3.3,North America,Quốc Gia
Honduras,HND,2027,11362227,11351008,-11219,-0.1,4.79,4.15,-0.64,North America,Quốc Gia
Honduras,HND,2028,11538367,11527004,-11363,-0.1,4.92,4.18,-0.74,North America,Quốc Gia
Honduras,HND,2029,11712885,11702999,-9886,-0.08,5.05,4.21,-0.84,North America,Quốc Gia
Honduras,HND,2030,11885321,11878995,-6326,-0.05,5.19,4.24,-0.95,North America,Quốc Gia
Honduras,HND,2031,12055535,12054990,-545,-0.0,5.33,4.26,-1.07,North America,Quốc Gia
Honduras,HND,2032,12223562,12230986,7424,0.06,5.48,4.29,-1.19,North America,Quốc Gia
Honduras,HND,2033,12389377,12406981,17604,0.14,5.63,4.31,-1.32,North America,Quốc Gia
Honduras,HND,2034,12552873,12582977,30104,0.24,5.8,4.34,-1.46,North America,Quốc Gia
Honduras,HND,2035,12714116,12758972,44856,0.35,5.98,4.36,-1.62,North America,Quốc Gia
Honduras,HND,2036,12873078,12934968,61890,0.48,6.17,4.38,-1.79,North America,Quốc Gia
Honduras,HND,2037,13029499,13110964,81465,0.63,6.37,4.4,-1.97,North America,Quốc Gia
Honduras,HND,2038,13183527,13286959,103432,0.78,6.59,4.43,-2.16,North America,Quốc Gia
Honduras,HND,2039,13335257,13462955,127698,0.96,6.81,4.45,-2.36,North America,Quốc Gia
Honduras,HND,2040,13484652,13638950,154298,1.14,7.06,4.47,-2.59,North America,Quốc Gia
Honduras,HND,2041,13631910,13814946,183036,1.34,7.33,4.49,-2.84,North America,Quốc Gia
Honduras,HND,2042,13776957,13990941,213984,1.55,7.62,4.51,-3.11,North America,Quốc Gia
Honduras,HND,2043,13919667,14166937,247270,1.78,7.91,4.52,-3.39,North America,Quốc Gia
Honduras,HND,2044,14060019,14342932,282913,2.01,8.22,4.54,-3.68,North America,Quốc Gia
Honduras,HND,2045,14197952,14518928,320976,2.26,8.54,4.56,-3.98,North America,Quốc Gia
Honduras,HND,2046,14333295,14694924,361629,2.52,8.86,4.58,-4.28,North America,Quốc Gia
Honduras,HND,2047,14465845,14870919,405074,2.8,9.19,4.6,-4.59,North America,Quốc Gia
Honduras,HND,2048,14595536,15046915,451379,3.09,9.52,4.61,-4.91,North America,Quốc Gia
Honduras,HND,2049,14722488,15222910,500422,3.4,9.85,4.63,-5.22,North America,Quốc Gia
Honduras,HND,2050,14846781,15398906,552125,3.72,10.18,4.64,-5.54,North America,Quốc Gia
Hong Kong,HKG,2027,7355038,7728579,373541,5.08,25.67,21.32,-4.35,Asia,Quốc Gia
Hong Kong,HKG,2028,7324895,7769121,444226,6.06,26.8,21.66,-5.14,Asia,Quốc Gia
Hong Kong,HKG,2029,7286614,7809664,523050,7.18,27.88,22.0,-5.88,Asia,Quốc Gia
Hong Kong,HKG,2030,7252646,7850207,597561,8.24,28.85,22.34,-6.51,Asia,Quốc Gia
Hong Kong,HKG,2031,7211727,7890749,679022,9.42,29.75,22.67,-7.08,Asia,Quốc Gia
Hong Kong,HKG,2032,7172172,7931292,759120,10.58,30.6,22.99,-7.61,Asia,Quốc Gia
Hong Kong,HKG,2033,7135055,7971834,836779,11.73,31.43,23.32,-8.11,Asia,Quốc Gia
Hong Kong,HKG,2034,7099985,8012377,912392,12.85,32.26,23.64,-8.62,Asia,Quốc Gia
Hong Kong,HKG,2035,7051630,8052920,1001290,14.2,33.13,23.95,-9.18,Asia,Quốc Gia
Hong Kong,HKG,2036,6993043,8093462,1100419,15.74,34.05,24.27,-9.78,Asia,Quốc Gia
Hong Kong,HKG,2037,6953129,8134005,1180876,16.98,34.89,24.58,-10.31,Asia,Quốc Gia
Hong Kong,HKG,2038,6907317,8174547,1267230,18.35,35.75,24.89,-10.86,Asia,Quốc Gia
Hong Kong,HKG,2039,6861299,8215090,1353791,19.73,36.58,25.19,-11.39,Asia,Quốc Gia
Hong Kong,HKG,2040,6816565,8255633,1439068,21.11,37.35,25.49,-11.86,Asia,Quốc Gia
Hong Kong,HKG,2041,6754836,8296175,1541339,22.82,38.15,25.79,-12.36,Asia,Quốc Gia
Hong Kong,HKG,2042,6687103,8336718,1649615,24.67,38.98,26.09,-12.89,Asia,Quốc Gia
Hong Kong,HKG,2043,6622819,8377261,1754442,26.49,39.79,26.38,-13.41,Asia,Quốc Gia
Hong Kong,HKG,2044,6564103,8417803,1853700,28.24,40.59,26.67,-13.92,Asia,Quốc Gia
Hong Kong,HKG,2045,6498691,8458346,1959655,30.15,41.46,26.96,-14.5,Asia,Quốc Gia
Hong Kong,HKG,2046,6427938,8498888,2070950,32.22,42.38,27.24,-15.14,Asia,Quốc Gia
Hong Kong,HKG,2047,6342742,8539431,2196689,34.63,43.38,27.52,-15.86,Asia,Quốc Gia
Hong Kong,HKG,2048,6255876,8579974,2324098,37.15,44.36,27.8,-16.56,Asia,Quốc Gia
Hong Kong,HKG,2049,6174431,8620516,2446085,39.62,45.24,28.08,-17.16,Asia,Quốc Gia
Hong Kong,HKG,2050,6090616,8661059,2570443,42.2,46.12,28.35,-17.77,Asia,Quốc Gia
Hungary,HUN,2027,9553242,9575411,22169,0.23,21.34,21.37,0.03,Europe,Quốc Gia
Hungary,HUN,2028,9519891,9552449,32558,0.34,21.38,21.63,0.25,Europe,Quốc Gia
Hungary,HUN,2029,9485110,9529487,44377,0.47,21.44,21.89,0.45,Europe,Quốc Gia
Hungary,HUN,2030,9449118,9506524,57406,0.61,21.52,22.16,0.64,Europe,Quốc Gia
Hungary,HUN,2031,9412410,9483562,71152,0.76,21.62,22.42,0.8,Europe,Quốc Gia
Hungary,HUN,2032,9375019,9460600,85581,0.91,21.8,22.69,0.89,Europe,Quốc Gia
Hungary,HUN,2033,9337098,9437638,100540,1.08,22.06,22.96,0.9,Europe,Quốc Gia
Hungary,HUN,2034,9298725,9414675,115950,1.25,22.35,23.23,0.88,Europe,Quốc Gia
Hungary,HUN,2035,9259903,9391713,131810,1.42,22.63,23.5,0.87,Europe,Quốc Gia
Hungary,HUN,2036,9221117,9368751,147634,1.6,22.91,23.77,0.86,Europe,Quốc Gia
Hungary,HUN,2037,9182269,9345789,163520,1.78,23.18,24.04,0.86,Europe,Quốc Gia
Hungary,HUN,2038,9143648,9322827,179179,1.96,23.47,24.32,0.85,Europe,Quốc Gia
Hungary,HUN,2039,9105452,9299864,194412,2.14,23.89,24.59,0.7,Europe,Quốc Gia
Hungary,HUN,2040,9067620,9276902,209282,2.31,24.48,24.87,0.39,Europe,Quốc Gia
Hungary,HUN,2041,9030578,9253940,223362,2.47,25.08,25.15,0.07,Europe,Quốc Gia
Hungary,HUN,2042,8994159,9230978,236819,2.63,25.6,25.43,-0.17,Europe,Quốc Gia
Hungary,HUN,2043,8958564,9208015,249451,2.78,26.05,25.71,-0.34,Europe,Quốc Gia
Hungary,HUN,2044,8923743,9185053,261310,2.93,26.44,26.0,-0.44,Europe,Quốc Gia
Hungary,HUN,2045,8889219,9162091,272872,3.07,26.74,26.28,-0.46,Europe,Quốc Gia
Hungary,HUN,2046,8855138,9139129,283991,3.21,26.98,26.57,-0.41,Europe,Quốc Gia
Hungary,HUN,2047,8821754,9116166,294412,3.34,27.14,26.85,-0.29,Europe,Quốc Gia
Hungary,HUN,2048,8789133,9093204,304071,3.46,27.23,27.14,-0.09,Europe,Quốc Gia
Hungary,HUN,2049,8757030,9070242,313212,3.58,27.29,27.43,0.14,Europe,Quốc Gia
Hungary,HUN,2050,8725349,9047280,321931,3.69,27.36,27.72,0.36,Europe,Quốc Gia
Iceland,ISL,2027,405846,394827,-11019,-2.72,16.6,15.37,-1.23,Europe,Quốc Gia
Iceland,ISL,2028,409039,399079,-9960,-2.43,16.95,15.48,-1.47,Europe,Quốc Gia
Iceland,ISL,2029,411860,403331,-8529,-2.07,17.31,15.59,-1.72,Europe,Quốc Gia
Iceland,ISL,2030,414356,407583,-6773,-1.63,17.67,15.69,-1.98,Europe,Quốc Gia
Iceland,ISL,2031,416611,411835,-4776,-1.15,18.02,15.79,-2.23,Europe,Quốc Gia
Iceland,ISL,2032,418620,416087,-2533,-0.61,18.35,15.89,-2.46,Europe,Quốc Gia
Iceland,ISL,2033,420431,420339,-92,-0.02,18.63,15.99,-2.64,Europe,Quốc Gia
Iceland,ISL,2034,422060,424590,2530,0.6,18.9,16.08,-2.82,Europe,Quốc Gia
Iceland,ISL,2035,423581,428842,5261,1.24,19.15,16.17,-2.98,Europe,Quốc Gia
Iceland,ISL,2036,425026,433094,8068,1.9,19.4,16.27,-3.13,Europe,Quốc Gia
Iceland,ISL,2037,426322,437346,11024,2.59,19.72,16.35,-3.37,Europe,Quốc Gia
Iceland,ISL,2038,427493,441598,14105,3.3,20.07,16.44,-3.63,Europe,Quốc Gia
Iceland,ISL,2039,428546,445850,17304,4.04,20.37,16.53,-3.84,Europe,Quốc Gia
Iceland,ISL,2040,429455,450102,20647,4.81,20.65,16.61,-4.04,Europe,Quốc Gia
Iceland,ISL,2041,430231,454354,24123,5.61,20.94,16.7,-4.24,Europe,Quốc Gia
Iceland,ISL,2042,430925,458605,27680,6.42,21.21,16.78,-4.43,Europe,Quốc Gia
Iceland,ISL,2043,431591,462857,31266,7.24,21.46,16.86,-4.6,Europe,Quốc Gia
Iceland,ISL,2044,432148,467109,34961,8.09,21.78,16.94,-4.84,Europe,Quốc Gia
Iceland,ISL,2045,432493,471361,38868,8.99,22.15,17.01,-5.14,Europe,Quốc Gia
Iceland,ISL,2046,432702,475613,42911,9.92,22.51,17.09,-5.42,Europe,Quốc Gia
Iceland,ISL,2047,432854,479865,47011,10.86,22.87,17.16,-5.71,Europe,Quốc Gia
Iceland,ISL,2048,432950,484117,51167,11.82,23.23,17.24,-5.99,Europe,Quốc Gia
Iceland,ISL,2049,432999,488368,55369,12.79,23.59,17.31,-6.28,Europe,Quốc Gia
Iceland,ISL,2050,432997,492620,59623,13.77,23.92,17.38,-6.54,Europe,Quốc Gia
India,IND,2027,1489164674,1519786259,30621585,2.06,7.84,6.84,-1.0,Asia,Quốc Gia
India,IND,2028,1501432743,1536754763,35322020,2.35,8.08,6.91,-1.17,Asia,Quốc Gia
India,IND,2029,1513423731,1553723267,40299536,2.66,8.31,6.97,-1.34,Asia,Quốc Gia
India,IND,2030,1525138848,1570691771,45552923,2.99,8.55,7.04,-1.51,Asia,Quốc Gia
India,IND,2031,1536540600,1587660276,51119676,3.33,8.79,7.1,-1.69,Asia,Quốc Gia
India,IND,2032,1547607119,1604628780,57021661,3.68,9.03,7.16,-1.87,Asia,Quốc Gia
India,IND,2033,1558324083,1621597284,63273201,4.06,9.28,7.22,-2.06,Asia,Quốc Gia
India,IND,2034,1568688350,1638565788,69877438,4.45,9.54,7.28,-2.26,Asia,Quốc Gia
India,IND,2035,1578694794,1655534293,76839499,4.87,9.79,7.33,-2.46,Asia,Quốc Gia
India,IND,2036,1588325362,1672502797,84177435,5.3,10.05,7.39,-2.66,Asia,Quốc Gia
India,IND,2037,1597537004,1689471301,91934297,5.75,10.33,7.44,-2.89,Asia,Quốc Gia
India,IND,2038,1606300642,1706439805,100139163,6.23,10.61,7.5,-3.11,Asia,Quốc Gia
India,IND,2039,1614639238,1723408310,108769072,6.74,10.89,7.55,-3.34,Asia,Quốc Gia
India,IND,2040,1622580046,1740376814,117796768,7.26,11.19,7.6,-3.59,Asia,Quốc Gia
India,IND,2041,1630119370,1757345318,127225948,7.8,11.49,7.65,-3.84,Asia,Quốc Gia
India,IND,2042,1637235359,1774313822,137078463,8.37,11.8,7.7,-4.1,Asia,Quốc Gia
India,IND,2043,1643915265,1791282327,147367062,8.96,12.11,7.75,-4.36,Asia,Quốc Gia
India,IND,2044,1650186606,1808250831,158064225,9.58,12.43,7.8,-4.63,Asia,Quốc Gia
India,IND,2045,1656067581,1825219335,169151754,10.21,12.77,7.84,-4.93,Asia,Quốc Gia
India,IND,2046,1661548396,1842187839,180639443,10.87,13.13,7.89,-5.24,Asia,Quốc Gia
India,IND,2047,1666628147,1859156343,192528196,11.55,13.49,7.94,-5.55,Asia,Quốc Gia
India,IND,2048,1671309723,1876124848,204815125,12.25,13.87,7.98,-5.89,Asia,Quốc Gia
India,IND,2049,1675619888,1893093352,217473464,12.98,14.27,8.02,-6.25,Asia,Quốc Gia
India,IND,2050,1679589264,1910061856,230472592,13.72,14.67,8.07,-6.6,Asia,Quốc Gia
Indonesia,IDN,2027,289986523,294556950,4570427,1.58,8.09,7.2,-0.89,Asia,Quốc Gia
Indonesia,IDN,2028,292016776,297458407,5441631,1.86,8.37,7.26,-1.11,Asia,Quốc Gia
Indonesia,IDN,2029,293978110,300359864,6381754,2.17,8.66,7.32,-1.34,Asia,Quốc Gia
Indonesia,IDN,2030,295876644,303261321,7384677,2.5,8.96,7.38,-1.58,Asia,Quốc Gia
Indonesia,IDN,2031,297719745,306162778,8443033,2.84,9.27,7.43,-1.84,Asia,Quốc Gia
Indonesia,IDN,2032,299510654,309064235,9553581,3.19,9.59,7.49,-2.1,Asia,Quốc Gia
Indonesia,IDN,2033,301250978,311965692,10714714,3.56,9.91,7.55,-2.36,Asia,Quốc Gia
Indonesia,IDN,2034,302938575,314867149,11928574,3.94,10.23,7.6,-2.63,Asia,Quốc Gia
Indonesia,IDN,2035,304566618,317768606,13201988,4.33,10.55,7.65,-2.9,Asia,Quốc Gia
Indonesia,IDN,2036,306135102,320670063,14534961,4.75,10.87,7.7,-3.17,Asia,Quốc Gia
Indonesia,IDN,2037,307646409,323571520,15925111,5.18,11.19,7.76,-3.43,Asia,Quốc Gia
Indonesia,IDN,2038,309096453,326472977,17376524,5.62,11.5,7.81,-3.69,Asia,Quốc Gia
Indonesia,IDN,2039,310481121,329374434,18893313,6.09,11.81,7.85,-3.96,Asia,Quốc Gia
Indonesia,IDN,2040,311797396,332275891,20478495,6.57,12.12,7.9,-4.22,Asia,Quốc Gia
Indonesia,IDN,2041,313041658,335177348,22135690,7.07,12.43,7.95,-4.48,Asia,Quốc Gia
Indonesia,IDN,2042,314211282,338078806,23867524,7.6,12.73,8.0,-4.73,Asia,Quốc Gia
Indonesia,IDN,2043,315304313,340980263,25675950,8.14,13.04,8.04,-5.0,Asia,Quốc Gia
Indonesia,IDN,2044,316318412,343881720,27563308,8.71,13.35,8.09,-5.26,Asia,Quốc Gia
Indonesia,IDN,2045,317249612,346783177,29533565,9.31,13.66,8.13,-5.53,Asia,Quốc Gia
Indonesia,IDN,2046,318096571,349684634,31588063,9.93,13.96,8.18,-5.78,Asia,Quốc Gia
Indonesia,IDN,2047,318862019,352586091,33724072,10.58,14.27,8.22,-6.05,Asia,Quốc Gia
Indonesia,IDN,2048,319554649,355487548,35932899,11.24,14.57,8.26,-6.31,Asia,Quốc Gia
Indonesia,IDN,2049,320173246,358389005,38215759,11.94,14.87,8.3,-6.57,Asia,Quốc Gia
Indonesia,IDN,2050,320712943,361290462,40577519,12.65,15.14,8.34,-6.8,Asia,Quốc Gia
Iran,IRN,2027,93838645,94873274,1034629,1.1,9.31,7.97,-1.34,Asia,Quốc Gia
Iran,IRN,2028,94440023,95911984,1471961,1.56,9.67,8.07,-1.6,Asia,Quốc Gia
Iran,IRN,2029,94985100,96950694,1965594,2.07,10.04,8.17,-1.87,Asia,Quốc Gia
Iran,IRN,2030,95486668,97989405,2502737,2.62,10.39,8.27,-2.12,Asia,Quốc Gia
Iran,IRN,2031,95960721,99028115,3067394,3.2,10.78,8.37,-2.41,Asia,Quốc Gia
Iran,IRN,2032,96415456,100066826,3651370,3.79,11.18,8.46,-2.72,Asia,Quốc Gia
Iran,IRN,2033,96850656,101105536,4254880,4.39,11.6,8.55,-3.05,Asia,Quốc Gia
Iran,IRN,2034,97271041,102144247,4873206,5.01,12.05,8.64,-3.41,Asia,Quốc Gia
Iran,IRN,2035,97679255,103182957,5503702,5.63,12.52,8.73,-3.79,Asia,Quốc Gia
Iran,IRN,2036,98075322,104221668,6146346,6.27,13.02,8.82,-4.2,Asia,Quốc Gia
Iran,IRN,2037,98458802,105260378,6801576,6.91,13.51,8.9,-4.61,Asia,Quốc Gia
Iran,IRN,2038,98828315,106299089,7470774,7.56,13.98,8.99,-4.99,Asia,Quốc Gia
Iran,IRN,2039,99182803,107337799,8154996,8.22,14.46,9.07,-5.39,Asia,Quốc Gia
Iran,IRN,2040,99524284,108376509,8852225,8.89,14.96,9.15,-5.81,Asia,Quốc Gia
Iran,IRN,2041,99853714,109415220,9561506,9.58,15.5,9.23,-6.27,Asia,Quốc Gia
Iran,IRN,2042,100167073,110453930,10286857,10.27,16.06,9.31,-6.75,Asia,Quốc Gia
Iran,IRN,2043,100462090,111492641,11030551,10.98,16.66,9.38,-7.28,Asia,Quốc Gia
Iran,IRN,2044,100737589,112531351,11793762,11.71,17.32,9.46,-7.86,Asia,Quốc Gia
Iran,IRN,2045,100990619,113570062,12579443,12.46,18.05,9.53,-8.52,Asia,Quốc Gia
Iran,IRN,2046,101219685,114608772,13389087,13.23,18.85,9.6,-9.25,Asia,Quốc Gia
Iran,IRN,2047,101424005,115647483,14223478,14.02,19.69,9.67,-10.02,Asia,Quốc Gia
Iran,IRN,2048,101601928,116686193,15084265,14.85,20.54,9.74,-10.8,Asia,Quốc Gia
Iran,IRN,2049,101748540,117724904,15976364,15.7,21.47,9.81,-11.66,Asia,Quốc Gia
Iran,IRN,2050,101861995,118763614,16901619,16.59,22.43,9.88,-12.55,Asia,Quốc Gia
Iraq,IRQ,2027,48987424,47958065,-1029359,-2.1,3.61,3.31,-0.3,Asia,Quốc Gia
Iraq,IRQ,2028,49960954,48842336,-1118618,-2.24,3.75,3.31,-0.44,Asia,Quốc Gia
Iraq,IRQ,2029,50943338,49726608,-1216730,-2.39,3.89,3.32,-0.57,Asia,Quốc Gia
Iraq,IRQ,2030,51937207,50610879,-1326328,-2.55,4.04,3.32,-0.72,Asia,Quốc Gia
Iraq,IRQ,2031,52934371,51495150,-1439221,-2.72,4.19,3.33,-0.86,Asia,Quốc Gia
Iraq,IRQ,2032,53953395,52379421,-1573974,-2.92,4.35,3.33,-1.02,Asia,Quốc Gia
Iraq,IRQ,2033,54985129,53263692,-1721437,-3.13,4.51,3.34,-1.17,Asia,Quốc Gia
Iraq,IRQ,2034,56012640,54147964,-1864676,-3.33,4.68,3.34,-1.34,Asia,Quốc Gia
Iraq,IRQ,2035,57035916,55032235,-2003681,-3.51,4.85,3.34,-1.51,Asia,Quốc Gia
Iraq,IRQ,2036,58071740,55916506,-2155234,-3.71,5.02,3.35,-1.67,Asia,Quốc Gia
Iraq,IRQ,2037,59109258,56800777,-2308481,-3.91,5.2,3.35,-1.85,Asia,Quốc Gia
Iraq,IRQ,2038,60132230,57685048,-2447182,-4.07,5.38,3.36,-2.02,Asia,Quốc Gia
Iraq,IRQ,2039,61174679,58569320,-2605359,-4.26,5.56,3.36,-2.2,Asia,Quốc Gia
Iraq,IRQ,2040,62223206,59453591,-2769615,-4.45,5.74,3.36,-2.38,Asia,Quốc Gia
Iraq,IRQ,2041,63249166,60337862,-2911304,-4.6,5.91,3.37,-2.54,Asia,Quốc Gia
Iraq,IRQ,2042,64260846,61222133,-3038713,-4.73,6.09,3.37,-2.72,Asia,Quốc Gia
Iraq,IRQ,2043,65257000,62106404,-3150596,-4.83,6.26,3.37,-2.89,Asia,Quốc Gia
Iraq,IRQ,2044,66237771,62990676,-3247095,-4.9,6.42,3.38,-3.04,Asia,Quốc Gia
Iraq,IRQ,2045,67204175,63874947,-3329228,-4.95,6.59,3.38,-3.21,Asia,Quốc Gia
Iraq,IRQ,2046,68150060,64759218,-3390842,-4.98,6.75,3.38,-3.37,Asia,Quốc Gia
Iraq,IRQ,2047,69098086,65643489,-3454597,-5.0,6.92,3.38,-3.54,Asia,Quốc Gia
Iraq,IRQ,2048,70050118,66527760,-3522358,-5.03,7.08,3.39,-3.69,Asia,Quốc Gia
Iraq,IRQ,2049,70999566,67412032,-3587534,-5.05,7.24,3.39,-3.85,Asia,Quốc Gia
Iraq,IRQ,2050,71928759,68296303,-3632456,-5.05,7.41,3.39,-4.02,Asia,Quốc Gia
Ireland,IRL,2027,5402893,5420512,17619,0.33,16.86,15.2,-1.66,Europe,Quốc Gia
Ireland,IRL,2028,5446617,5477695,31078,0.57,17.2,15.31,-1.89,Europe,Quốc Gia
Ireland,IRL,2029,5487478,5534877,47399,0.86,17.56,15.43,-2.13,Europe,Quốc Gia
Ireland,IRL,2030,5525092,5592059,66967,1.21,17.93,15.54,-2.39,Europe,Quốc Gia
Ireland,IRL,2031,5560661,5649241,88580,1.59,18.29,15.65,-2.64,Europe,Quốc Gia
Ireland,IRL,2032,5595089,5706423,111334,1.99,18.64,15.75,-2.89,Europe,Quốc Gia
Ireland,IRL,2033,5627712,5763605,135893,2.41,18.99,15.86,-3.13,Europe,Quốc Gia
Ireland,IRL,2034,5658294,5820788,162494,2.87,19.35,15.96,-3.39,Europe,Quốc Gia
Ireland,IRL,2035,5686867,5877970,191103,3.36,19.75,16.06,-3.69,Europe,Quốc Gia
Ireland,IRL,2036,5714204,5935152,220948,3.87,20.16,16.16,-4.0,Europe,Quốc Gia
Ireland,IRL,2037,5741475,5992334,250859,4.37,20.57,16.25,-4.32,Europe,Quốc Gia
Ireland,IRL,2038,5768256,6049516,281260,4.88,20.99,16.35,-4.64,Europe,Quốc Gia
Ireland,IRL,2039,5793369,6106698,313329,5.41,21.41,16.44,-4.97,Europe,Quốc Gia
Ireland,IRL,2040,5817565,6163880,346315,5.95,21.85,16.53,-5.32,Europe,Quốc Gia
Ireland,IRL,2041,5841488,6221063,379575,6.5,22.29,16.62,-5.67,Europe,Quốc Gia
Ireland,IRL,2042,5863232,6278245,415013,7.08,22.72,16.71,-6.01,Europe,Quốc Gia
Ireland,IRL,2043,5882467,6335427,452960,7.7,23.17,16.79,-6.38,Europe,Quốc Gia
Ireland,IRL,2044,5900432,6392609,492177,8.34,23.66,16.88,-6.78,Europe,Quốc Gia
Ireland,IRL,2045,5916935,6449791,532856,9.01,24.18,16.96,-7.22,Europe,Quốc Gia
Ireland,IRL,2046,5930827,6506973,576146,9.71,24.67,17.04,-7.63,Europe,Quốc Gia
Ireland,IRL,2047,5942850,6564156,621306,10.45,25.11,17.12,-7.99,Europe,Quốc Gia
Ireland,IRL,2048,5954176,6621338,667162,11.2,25.49,17.2,-8.29,Europe,Quốc Gia
Ireland,IRL,2049,5963611,6678520,714909,11.99,25.82,17.28,-8.54,Europe,Quốc Gia
Ireland,IRL,2050,5970040,6735702,765662,12.83,26.1,17.36,-8.74,Europe,Quốc Gia
Isle of Man,IMN,2027,83981,87654,3673,4.37,24.61,22.55,-2.06,Europe,Quốc Gia
Isle of Man,IMN,2028,83874,88075,4201,5.01,25.2,22.73,-2.47,Europe,Quốc Gia
Isle of Man,IMN,2029,83746,88495,4749,5.67,25.8,22.9,-2.9,Europe,Quốc Gia
Isle of Man,IMN,2030,83610,88915,5305,6.34,26.37,23.07,-3.3,Europe,Quốc Gia
Isle of Man,IMN,2031,83457,89335,5878,7.04,26.92,23.24,-3.68,Europe,Quốc Gia
Isle of Man,IMN,2032,83293,89755,6462,7.76,27.43,23.41,-4.02,Europe,Quốc Gia
Isle of Man,IMN,2033,83117,90175,7058,8.49,27.94,23.58,-4.36,Europe,Quốc Gia
Isle of Man,IMN,2034,82927,90596,7669,9.25,28.44,23.75,-4.69,Europe,Quốc Gia
Isle of Man,IMN,2035,82730,91016,8286,10.02,28.93,23.91,-5.02,Europe,Quốc Gia
Isle of Man,IMN,2036,82493,91436,8943,10.84,29.41,24.07,-5.34,Europe,Quốc Gia
Isle of Man,IMN,2037,82260,91856,9596,11.67,29.86,24.24,-5.62,Europe,Quốc Gia
Isle of Man,IMN,2038,82019,92276,10257,12.51,30.24,24.4,-5.84,Europe,Quốc Gia
Isle of Man,IMN,2039,81771,92696,10925,13.36,30.55,24.55,-6.0,Europe,Quốc Gia
Isle of Man,IMN,2040,81516,93117,11601,14.23,30.76,24.71,-6.05,Europe,Quốc Gia
Isle of Man,IMN,2041,81243,93537,12294,15.13,30.89,24.87,-6.02,Europe,Quốc Gia
Isle of Man,IMN,2042,80930,93957,13027,16.1,30.99,25.02,-5.97,Europe,Quốc Gia
Isle of Man,IMN,2043,80595,94377,13782,17.1,31.08,25.17,-5.91,Europe,Quốc Gia
Isle of Man,IMN,2044,80247,94797,14550,18.13,31.19,25.33,-5.86,Europe,Quốc Gia
Isle of Man,IMN,2045,79891,95217,15326,19.18,31.33,25.48,-5.85,Europe,Quốc Gia
Isle of Man,IMN,2046,79548,95638,16090,20.23,31.45,25.62,-5.83,Europe,Quốc Gia
Isle of Man,IMN,2047,79190,96058,16868,21.3,31.53,25.77,-5.76,Europe,Quốc Gia
Isle of Man,IMN,2048,78820,96478,17658,22.4,31.6,25.92,-5.68,Europe,Quốc Gia
Isle of Man,IMN,2049,78421,96898,18477,23.56,31.63,26.06,-5.57,Europe,Quốc Gia
Isle of Man,IMN,2050,77990,97318,19328,24.78,31.68,26.21,-5.47,Europe,Quốc Gia
Israel,ISR,2027,9778885,9743280,-35605,-0.36,12.89,12.25,-0.64,Asia,Quốc Gia
Israel,ISR,2028,9910680,9880295,-30385,-0.31,12.98,12.32,-0.66,Asia,Quốc Gia
Israel,ISR,2029,10042412,10017310,-25102,-0.25,13.07,12.38,-0.69,Asia,Quốc Gia
Israel,ISR,2030,10175955,10154325,-21630,-0.21,13.17,12.43,-0.74,Asia,Quốc Gia
Israel,ISR,2031,10312934,10291340,-21594,-0.21,13.26,12.49,-0.77,Asia,Quốc Gia
Israel,ISR,2032,10449055,10428355,-20700,-0.2,13.34,12.55,-0.79,Asia,Quốc Gia
Israel,ISR,2033,10583569,10565370,-18199,-0.17,13.43,12.6,-0.83,Asia,Quốc Gia
Israel,ISR,2034,10719401,10702385,-17016,-0.16,13.54,12.65,-0.89,Asia,Quốc Gia
Israel,ISR,2035,10858118,10839400,-18718,-0.17,13.67,12.7,-0.97,Asia,Quốc Gia
Israel,ISR,2036,10997380,10976415,-20965,-0.19,13.82,12.75,-1.07,Asia,Quốc Gia
Israel,ISR,2037,11138677,11113430,-25247,-0.23,13.97,12.8,-1.17,Asia,Quốc Gia
Israel,ISR,2038,11284415,11250445,-33970,-0.3,14.11,12.85,-1.26,Asia,Quốc Gia
Israel,ISR,2039,11432614,11387460,-45154,-0.39,14.26,12.9,-1.36,Asia,Quốc Gia
Israel,ISR,2040,11581473,11524475,-56998,-0.49,14.42,12.94,-1.48,Asia,Quốc Gia
Israel,ISR,2041,11730620,11661490,-69130,-0.59,14.59,12.99,-1.6,Asia,Quốc Gia
Israel,ISR,2042,11882515,11798504,-84011,-0.71,14.74,13.03,-1.71,Asia,Quốc Gia
Israel,ISR,2043,12035781,11935519,-100262,-0.83,14.86,13.07,-1.79,Asia,Quốc Gia
Israel,ISR,2044,12189762,12072534,-117228,-0.96,14.98,13.11,-1.87,Asia,Quốc Gia
Israel,ISR,2045,12342067,12209549,-132518,-1.07,15.1,13.15,-1.95,Asia,Quốc Gia
Israel,ISR,2046,12492649,12346564,-146085,-1.17,15.21,13.19,-2.02,Asia,Quốc Gia
Israel,ISR,2047,12642474,12483579,-158895,-1.26,15.31,13.23,-2.08,Asia,Quốc Gia
Israel,ISR,2048,12790544,12620594,-169950,-1.33,15.43,13.27,-2.16,Asia,Quốc Gia
Israel,ISR,2049,12940504,12757609,-182895,-1.41,15.55,13.31,-2.24,Asia,Quốc Gia
Israel,ISR,2050,13092723,12894624,-198099,-1.51,15.66,13.34,-2.32,Asia,Quốc Gia
Italy,ITA,2027,58688779,60723340,2034561,3.47,26.1,25.12,-0.98,Europe,Quốc Gia
Italy,ITA,2028,58445827,60823281,2377454,4.07,26.69,25.36,-1.33,Europe,Quốc Gia
Italy,ITA,2029,58201024,60923222,2722198,4.68,27.32,25.61,-1.71,Europe,Quốc Gia
Italy,ITA,2030,57946071,61023162,3077091,5.31,27.99,25.85,-2.14,Europe,Quốc Gia
Italy,ITA,2031,57680127,61123103,3442976,5.97,28.67,26.09,-2.58,Europe,Quốc Gia
Italy,ITA,2032,57416500,61223044,3806544,6.63,29.32,26.33,-2.99,Europe,Quốc Gia
Italy,ITA,2033,57156447,61322985,4166538,7.29,29.97,26.58,-3.39,Europe,Quốc Gia
Italy,ITA,2034,56890920,61422926,4532006,7.97,30.62,26.82,-3.8,Europe,Quốc Gia
Italy,ITA,2035,56620011,61522867,4902856,8.66,31.24,27.06,-4.18,Europe,Quốc Gia
Italy,ITA,2036,56348688,61622807,5274119,9.36,31.86,27.3,-4.56,Europe,Quốc Gia
Italy,ITA,2037,56074673,61722748,5648075,10.07,32.47,27.53,-4.94,Europe,Quốc Gia
Italy,ITA,2038,55796256,61822689,6026433,10.8,33.05,27.77,-5.28,Europe,Quốc Gia
Italy,ITA,2039,55511316,61922630,6411314,11.55,33.63,28.01,-5.62,Europe,Quốc Gia
Italy,ITA,2040,55221170,62022571,6801401,12.32,34.18,28.24,-5.94,Europe,Quốc Gia
Italy,ITA,2041,54931951,62122512,7190561,13.09,34.67,28.48,-6.19,Europe,Quốc Gia
Italy,ITA,2042,54635956,62222452,7586496,13.89,35.09,28.71,-6.38,Europe,Quốc Gia
Italy,ITA,2043,54323773,62322393,7998620,14.72,35.46,28.95,-6.51,Europe,Quốc Gia
Italy,ITA,2044,54004349,62422334,8417985,15.59,35.76,29.18,-6.58,Europe,Quốc Gia
Italy,ITA,2045,53680468,62522275,8841807,16.47,36.02,29.41,-6.61,Europe,Quốc Gia
Italy,ITA,2046,53346075,62622216,9276141,17.39,36.24,29.65,-6.59,Europe,Quốc Gia
Italy,ITA,2047,52998850,62722157,9723307,18.35,36.43,29.88,-6.55,Europe,Quốc Gia
Italy,ITA,2048,52640788,62822098,10181310,19.34,36.58,30.11,-6.47,Europe,Quốc Gia
Italy,ITA,2049,52273387,62922038,10648651,20.37,36.68,30.34,-6.34,Europe,Quốc Gia
Italy,ITA,2050,51891098,63021979,11130881,21.45,36.76,30.56,-6.2,Europe,Quốc Gia
Jamaica,JAM,2027,2828538,2911029,82491,2.92,9.36,7.58,-1.78,North America,Quốc Gia
Jamaica,JAM,2028,2822868,2922265,99397,3.52,9.75,7.63,-2.12,North America,Quốc Gia
Jamaica,JAM,2029,2816401,2933500,117099,4.16,10.16,7.68,-2.48,North America,Quốc Gia
Jamaica,JAM,2030,2808955,2944735,135780,4.83,10.56,7.74,-2.82,North America,Quốc Gia
Jamaica,JAM,2031,2800616,2955971,155355,5.55,10.95,7.79,-3.16,North America,Quốc Gia
Jamaica,JAM,2032,2791139,2967206,176067,6.31,11.33,7.84,-3.49,North America,Quốc Gia
Jamaica,JAM,2033,2780477,2978441,197964,7.12,11.7,7.9,-3.8,North America,Quốc Gia
Jamaica,JAM,2034,2768724,2989676,220952,7.98,12.06,7.95,-4.11,North America,Quốc Gia
Jamaica,JAM,2035,2755939,3000912,244973,8.89,12.42,8.0,-4.42,North America,Quốc Gia
Jamaica,JAM,2036,2742080,3012147,270067,9.85,12.78,8.05,-4.73,North America,Quốc Gia
Jamaica,JAM,2037,2726901,3023382,296481,10.87,13.16,8.1,-5.06,North America,Quốc Gia
Jamaica,JAM,2038,2710820,3034618,323798,11.94,13.56,8.15,-5.41,North America,Quốc Gia
Jamaica,JAM,2039,2693910,3045853,351943,13.06,13.97,8.2,-5.77,North America,Quốc Gia
Jamaica,JAM,2040,2676097,3057088,380991,14.24,14.36,8.25,-6.11,North America,Quốc Gia
Jamaica,JAM,2041,2657568,3068324,410756,15.46,14.76,8.3,-6.46,North America,Quốc Gia
Jamaica,JAM,2042,2638091,3079559,441468,16.73,15.17,8.35,-6.82,North America,Quốc Gia
Jamaica,JAM,2043,2617586,3090794,473208,18.08,15.58,8.4,-7.18,North America,Quốc Gia
Jamaica,JAM,2044,2596170,3102029,505859,19.48,16.02,8.45,-7.57,North America,Quốc Gia
Jamaica,JAM,2045,2574083,3113265,539182,20.95,16.48,8.49,-7.99,North America,Quốc Gia
Jamaica,JAM,2046,2551354,3124500,573146,22.46,16.98,8.54,-8.44,North America,Quốc Gia
Jamaica,JAM,2047,2528012,3135735,607723,24.04,17.52,8.59,-8.93,North America,Quốc Gia
Jamaica,JAM,2048,2504199,3146971,642772,25.67,18.11,8.64,-9.47,North America,Quốc Gia
Jamaica,JAM,2049,2479753,3158206,678453,27.36,18.74,8.68,-10.06,North America,Quốc Gia
Jamaica,JAM,2050,2454944,3169441,714497,29.1,19.38,8.73,-10.65,North America,Quốc Gia
Japan,JPN,2027,121732339,125493482,3761143,3.09,30.32,32.28,1.96,Asia,Quốc Gia
Japan,JPN,2028,121024349,125425669,4401320,3.64,30.53,32.82,2.29,Asia,Quốc Gia
Japan,JPN,2029,120308091,125357856,5049765,4.2,30.76,33.37,2.61,Asia,Quốc Gia
Japan,JPN,2030,119584120,125290043,5705923,4.77,31.05,33.92,2.87,Asia,Quốc Gia
Japan,JPN,2031,118852085,125222230,6370145,5.36,31.22,34.47,3.25,Asia,Quốc Gia
Japan,JPN,2032,118114135,125154417,7040282,5.96,31.43,35.02,3.59,Asia,Quốc Gia
Japan,JPN,2033,117372472,125086604,7714132,6.57,31.8,35.57,3.77,Asia,Quốc Gia
Japan,JPN,2034,116626747,125018791,8392044,7.2,32.18,36.12,3.94,Asia,Quốc Gia
Japan,JPN,2035,115876151,124950978,9074827,7.83,32.6,36.68,4.08,Asia,Quốc Gia
Japan,JPN,2036,115125566,124883165,9757599,8.48,33.08,37.23,4.15,Asia,Quốc Gia
Japan,JPN,2037,114377405,124815352,10437947,9.13,33.6,37.78,4.18,Asia,Quốc Gia
Japan,JPN,2038,113633612,124747538,11113926,9.78,34.16,38.34,4.18,Asia,Quốc Gia
Japan,JPN,2039,112894529,124679725,11785196,10.44,34.73,38.89,4.16,Asia,Quốc Gia
Japan,JPN,2040,112158303,124611912,12453609,11.1,35.21,39.45,4.24,Asia,Quốc Gia
Japan,JPN,2041,111422445,124544099,13121654,11.78,35.6,40.0,4.4,Asia,Quốc Gia
Japan,JPN,2042,110692359,124476286,13783927,12.45,35.92,40.56,4.64,Asia,Quốc Gia
Japan,JPN,2043,109972384,124408473,14436089,13.13,36.2,41.11,4.91,Asia,Quốc Gia
Japan,JPN,2044,109259533,124340660,15081127,13.8,36.45,41.67,5.22,Asia,Quốc Gia
Japan,JPN,2045,108551993,124272847,15720854,14.48,36.65,42.23,5.58,Asia,Quốc Gia
Japan,JPN,2046,107850587,124205034,16354447,15.16,36.8,42.79,5.99,Asia,Quốc Gia
Japan,JPN,2047,107157970,124137221,16979251,15.85,36.9,43.35,6.45,Asia,Quốc Gia
Japan,JPN,2048,106474330,124069408,17595078,16.53,37.01,43.91,6.9,Asia,Quốc Gia
Japan,JPN,2049,105796839,124001595,18204756,17.21,37.13,44.47,7.34,Asia,Quốc Gia
Japan,JPN,2050,105123163,123933782,18810619,17.89,37.23,45.03,7.8,Asia,Quốc Gia
Jersey,JEY,2027,104227,107581,3354,3.22,20.13,18.73,-1.4,Europe,Quốc Gia
Jersey,JEY,2028,104327,108262,3935,3.77,20.65,18.89,-1.76,Europe,Quốc Gia
Jersey,JEY,2029,104431,108943,4512,4.32,21.23,19.04,-2.19,Europe,Quốc Gia
Jersey,JEY,2030,104529,109625,5096,4.88,21.84,19.19,-2.65,Europe,Quốc Gia
Jersey,JEY,2031,104620,110306,5686,5.43,22.45,19.34,-3.11,Europe,Quốc Gia
Jersey,JEY,2032,104706,110988,6282,6.0,23.02,19.49,-3.53,Europe,Quốc Gia
Jersey,JEY,2033,104808,111669,6861,6.55,23.59,19.63,-3.96,Europe,Quốc Gia
Jersey,JEY,2034,104897,112351,7454,7.11,24.13,19.77,-4.36,Europe,Quốc Gia
Jersey,JEY,2035,104968,113032,8064,7.68,24.61,19.92,-4.69,Europe,Quốc Gia
Jersey,JEY,2036,105019,113713,8694,8.28,25.07,20.06,-5.01,Europe,Quốc Gia
Jersey,JEY,2037,105076,114395,9319,8.87,25.49,20.19,-5.3,Europe,Quốc Gia
Jersey,JEY,2038,105135,115076,9941,9.46,25.81,20.33,-5.48,Europe,Quốc Gia
Jersey,JEY,2039,105162,115758,10596,10.08,26.09,20.47,-5.62,Europe,Quốc Gia
Jersey,JEY,2040,105198,116439,11241,10.69,26.37,20.6,-5.77,Europe,Quốc Gia
Jersey,JEY,2041,105228,117121,11893,11.3,26.62,20.73,-5.89,Europe,Quốc Gia
Jersey,JEY,2042,105240,117802,12562,11.94,26.85,20.86,-5.99,Europe,Quốc Gia
Jersey,JEY,2043,105251,118483,13232,12.57,27.08,20.99,-6.09,Europe,Quốc Gia
Jersey,JEY,2044,105236,119165,13929,13.24,27.34,21.12,-6.22,Europe,Quốc Gia
Jersey,JEY,2045,105200,119846,14646,13.92,27.64,21.24,-6.4,Europe,Quốc Gia
Jersey,JEY,2046,105154,120528,15374,14.62,27.93,21.37,-6.56,Europe,Quốc Gia
Jersey,JEY,2047,105091,121209,16118,15.34,28.16,21.49,-6.67,Europe,Quốc Gia
Jersey,JEY,2048,105017,121891,16874,16.07,28.38,21.61,-6.77,Europe,Quốc Gia
Jersey,JEY,2049,104914,122572,17658,16.83,28.59,21.73,-6.86,Europe,Quốc Gia
Jersey,JEY,2050,104780,123253,18473,17.63,28.75,21.85,-6.9,Europe,Quốc Gia
Jordan,JOR,2027,11819463,12188300,368837,3.12,5.24,4.28,-0.96,Asia,Quốc Gia
Jordan,JOR,2028,12034469,12440709,406240,3.38,5.5,4.3,-1.2,Asia,Quốc Gia
Jordan,JOR,2029,12245734,12693117,447383,3.65,5.78,4.33,-1.45,Asia,Quốc Gia
Jordan,JOR,2030,12448782,12945526,496744,3.99,6.07,4.35,-1.72,Asia,Quốc Gia
Jordan,JOR,2031,12652555,13197935,545380,4.31,6.37,4.38,-1.99,Asia,Quốc Gia
Jordan,JOR,2032,12854937,13450344,595407,4.63,6.68,4.4,-2.28,Asia,Quốc Gia
Jordan,JOR,2033,13050724,13702753,652029,5.0,7.0,4.42,-2.58,Asia,Quốc Gia
Jordan,JOR,2034,13245168,13955161,709993,5.36,7.33,4.44,-2.89,Asia,Quốc Gia
Jordan,JOR,2035,13440832,14207570,766738,5.7,7.66,4.46,-3.2,Asia,Quốc Gia
Jordan,JOR,2036,13638256,14459979,821723,6.03,7.99,4.48,-3.51,Asia,Quốc Gia
Jordan,JOR,2037,13840248,14712388,872140,6.3,8.31,4.5,-3.81,Asia,Quốc Gia
Jordan,JOR,2038,14048314,14964796,916482,6.52,8.63,4.52,-4.11,Asia,Quốc Gia
Jordan,JOR,2039,14256694,15217205,960511,6.74,8.93,4.54,-4.39,Asia,Quốc Gia
Jordan,JOR,2040,14471300,15469614,998314,6.9,9.22,4.55,-4.67,Asia,Quốc Gia
Jordan,JOR,2041,14684509,15722023,1037514,7.07,9.5,4.57,-4.93,Asia,Quốc Gia
Jordan,JOR,2042,14883652,15974431,1090779,7.33,9.79,4.59,-5.2,Asia,Quốc Gia
Jordan,JOR,2043,15077800,16226840,1149040,7.62,10.07,4.6,-5.47,Asia,Quốc Gia
Jordan,JOR,2044,15273538,16479249,1205711,7.89,10.36,4.62,-5.74,Asia,Quốc Gia
Jordan,JOR,2045,15471984,16731658,1259674,8.14,10.63,4.63,-6.0,Asia,Quốc Gia
Jordan,JOR,2046,15662324,16984067,1321743,8.44,10.92,4.65,-6.27,Asia,Quốc Gia
Jordan,JOR,2047,15841632,17236475,1394843,8.8,11.21,4.66,-6.55,Asia,Quốc Gia
Jordan,JOR,2048,16021387,17488884,1467497,9.16,11.5,4.67,-6.83,Asia,Quốc Gia
Jordan,JOR,2049,16197530,17741293,1543763,9.53,11.79,4.69,-7.1,Asia,Quốc Gia
Jordan,JOR,2050,16367354,17993702,1626348,9.94,12.08,4.7,-7.38,Asia,Quốc Gia
Kazakhstan,KAZ,2027,21316181,20374404,-941777,-4.42,9.66,8.12,-1.54,Asia,Quốc Gia
Kazakhstan,KAZ,2028,21547643,20540852,-1006791,-4.67,9.96,8.17,-1.79,Asia,Quốc Gia
Kazakhstan,KAZ,2029,21777013,20707301,-1069712,-4.91,10.24,8.21,-2.03,Asia,Quốc Gia
Kazakhstan,KAZ,2030,22003196,20873750,-1129446,-5.13,10.51,8.25,-2.26,Asia,Quốc Gia
Kazakhstan,KAZ,2031,22227050,21040198,-1186852,-5.34,10.76,8.3,-2.46,Asia,Quốc Gia
Kazakhstan,KAZ,2032,22452644,21206647,-1245997,-5.55,10.98,8.34,-2.64,Asia,Quốc Gia
Kazakhstan,KAZ,2033,22679382,21373095,-1306287,-5.76,11.17,8.38,-2.79,Asia,Quốc Gia
Kazakhstan,KAZ,2034,22903214,21539544,-1363670,-5.95,11.36,8.42,-2.94,Asia,Quốc Gia
Kazakhstan,KAZ,2035,23125955,21705992,-1419963,-6.14,11.53,8.46,-3.07,Asia,Quốc Gia
Kazakhstan,KAZ,2036,23349076,21872441,-1476635,-6.32,11.7,8.49,-3.21,Asia,Quốc Gia
Kazakhstan,KAZ,2037,23571238,22038890,-1532348,-6.5,11.86,8.53,-3.33,Asia,Quốc Gia
Kazakhstan,KAZ,2038,23793392,22205338,-1588054,-6.67,12.02,8.57,-3.45,Asia,Quốc Gia
Kazakhstan,KAZ,2039,24017892,22371787,-1646105,-6.85,12.17,8.61,-3.56,Asia,Quốc Gia
Kazakhstan,KAZ,2040,24246827,22538235,-1708592,-7.05,12.32,8.64,-3.68,Asia,Quốc Gia
Kazakhstan,KAZ,2041,24477617,22704684,-1772933,-7.24,12.45,8.68,-3.77,Asia,Quốc Gia
Kazakhstan,KAZ,2042,24707979,22871133,-1836846,-7.43,12.58,8.71,-3.87,Asia,Quốc Gia
Kazakhstan,KAZ,2043,24941025,23037581,-1903444,-7.63,12.7,8.75,-3.95,Asia,Quốc Gia
Kazakhstan,KAZ,2044,25175230,23204030,-1971200,-7.83,12.82,8.78,-4.04,Asia,Quốc Gia
Kazakhstan,KAZ,2045,25409754,23370478,-2039276,-8.03,12.95,8.82,-4.13,Asia,Quốc Gia
Kazakhstan,KAZ,2046,25642874,23536927,-2105947,-8.21,13.08,8.85,-4.23,Asia,Quốc Gia
Kazakhstan,KAZ,2047,25875749,23703376,-2172373,-8.4,13.23,8.88,-4.35,Asia,Quốc Gia
Kazakhstan,KAZ,2048,26106840,23869824,-2237016,-8.57,13.39,8.92,-4.47,Asia,Quốc Gia
Kazakhstan,KAZ,2049,26328904,24036273,-2292631,-8.71,13.57,8.95,-4.62,Asia,Quốc Gia
Kazakhstan,KAZ,2050,26544266,24202721,-2341545,-8.82,13.78,8.98,-4.8,Asia,Quốc Gia
Kenya,KEN,2027,59745754,59557575,-188179,-0.31,3.15,2.81,-0.34,Africa,Quốc Gia
Kenya,KEN,2028,60860447,60613751,-246696,-0.41,3.23,2.82,-0.41,Africa,Quốc Gia
Kenya,KEN,2029,61979189,61669926,-309263,-0.5,3.31,2.84,-0.47,Africa,Quốc Gia
Kenya,KEN,2030,63102241,62726102,-376139,-0.6,3.4,2.85,-0.55,Africa,Quốc Gia
Kenya,KEN,2031,64230111,63782278,-447833,-0.7,3.48,2.86,-0.62,Africa,Quốc Gia
Kenya,KEN,2032,65359034,64838454,-520580,-0.8,3.58,2.87,-0.71,Africa,Quốc Gia
Kenya,KEN,2033,66484807,65894630,-590177,-0.89,3.67,2.88,-0.79,Africa,Quốc Gia
Kenya,KEN,2034,67604631,66950806,-653825,-0.97,3.76,2.9,-0.86,Africa,Quốc Gia
Kenya,KEN,2035,68715910,68006982,-708928,-1.03,3.86,2.91,-0.95,Africa,Quốc Gia
Kenya,KEN,2036,69818890,69063158,-755732,-1.08,3.96,2.92,-1.04,Africa,Quốc Gia
Kenya,KEN,2037,70910405,70119334,-791071,-1.12,4.06,2.93,-1.13,Africa,Quốc Gia
Kenya,KEN,2038,71990931,71175510,-815421,-1.13,4.16,2.94,-1.22,Africa,Quốc Gia
Kenya,KEN,2039,73057762,72231686,-826076,-1.13,4.27,2.95,-1.32,Africa,Quốc Gia
Kenya,KEN,2040,74108861,73287862,-820999,-1.11,4.37,2.96,-1.41,Africa,Quốc Gia
Kenya,KEN,2041,75144360,74344038,-800322,-1.07,4.48,2.97,-1.51,Africa,Quốc Gia
Kenya,KEN,2042,76161722,75400213,-761509,-1.0,4.59,2.98,-1.61,Africa,Quốc Gia
Kenya,KEN,2043,77159122,76456389,-702733,-0.91,4.71,2.98,-1.73,Africa,Quốc Gia
Kenya,KEN,2044,78134980,77512565,-622415,-0.8,4.83,2.99,-1.84,Africa,Quốc Gia
Kenya,KEN,2045,79088835,78568741,-520094,-0.66,4.96,3.0,-1.96,Africa,Quốc Gia
Kenya,KEN,2046,80022374,79624917,-397457,-0.5,5.1,3.01,-2.09,Africa,Quốc Gia
Kenya,KEN,2047,80938638,80681093,-257545,-0.32,5.24,3.02,-2.22,Africa,Quốc Gia
Kenya,KEN,2048,81837660,81737269,-100391,-0.12,5.39,3.02,-2.37,Africa,Quốc Gia
Kenya,KEN,2049,82721768,82793445,71677,0.09,5.54,3.03,-2.51,Africa,Quốc Gia
Kenya,KEN,2050,83593234,83849621,256387,0.31,5.7,3.04,-2.66,Africa,Quốc Gia
Kiribati,KIR,2027,140410,139518,-892,-0.64,4.73,4.11,-0.62,Oceania,Quốc Gia
Kiribati,KIR,2028,142340,141374,-966,-0.68,4.92,4.13,-0.79,Oceania,Quốc Gia
Kiribati,KIR,2029,144236,143231,-1005,-0.7,5.12,4.15,-0.97,Oceania,Quốc Gia
Kiribati,KIR,2030,146135,145087,-1048,-0.72,5.31,4.16,-1.15,Oceania,Quốc Gia
Kiribati,KIR,2031,148032,146943,-1089,-0.74,5.51,4.18,-1.33,Oceania,Quốc Gia
Kiribati,KIR,2032,149919,148799,-1120,-0.75,5.69,4.19,-1.5,Oceania,Quốc Gia
Kiribati,KIR,2033,151773,150655,-1118,-0.74,5.86,4.21,-1.65,Oceania,Quốc Gia
Kiribati,KIR,2034,153605,152511,-1094,-0.71,5.99,4.22,-1.77,Oceania,Quốc Gia
Kiribati,KIR,2035,155449,154368,-1081,-0.7,6.08,4.24,-1.84,Oceania,Quốc Gia
Kiribati,KIR,2036,157318,156224,-1094,-0.7,6.16,4.25,-1.91,Oceania,Quốc Gia
Kiribati,KIR,2037,159192,158080,-1112,-0.7,6.21,4.26,-1.95,Oceania,Quốc Gia
Kiribati,KIR,2038,161054,159936,-1118,-0.69,6.25,4.28,-1.97,Oceania,Quốc Gia
Kiribati,KIR,2039,162900,161792,-1108,-0.68,6.28,4.29,-1.99,Oceania,Quốc Gia
Kiribati,KIR,2040,164716,163648,-1068,-0.65,6.3,4.3,-2.0,Oceania,Quốc Gia
Kiribati,KIR,2041,166512,165505,-1007,-0.6,6.34,4.31,-2.03,Oceania,Quốc Gia
Kiribati,KIR,2042,168331,167361,-970,-0.58,6.39,4.33,-2.06,Oceania,Quốc Gia
Kiribati,KIR,2043,170186,169217,-969,-0.57,6.45,4.34,-2.11,Oceania,Quốc Gia
Kiribati,KIR,2044,172017,171073,-944,-0.55,6.54,4.35,-2.19,Oceania,Quốc Gia
Kiribati,KIR,2045,173824,172929,-895,-0.51,6.65,4.36,-2.29,Oceania,Quốc Gia
Kiribati,KIR,2046,175633,174785,-848,-0.48,6.78,4.37,-2.41,Oceania,Quốc Gia
Kiribati,KIR,2047,177396,176641,-755,-0.43,6.92,4.38,-2.54,Oceania,Quốc Gia
Kiribati,KIR,2048,179157,178498,-659,-0.37,7.08,4.39,-2.69,Oceania,Quốc Gia
Kiribati,KIR,2049,180920,180354,-566,-0.31,7.26,4.4,-2.86,Oceania,Quốc Gia
Kiribati,KIR,2050,182635,182210,-425,-0.23,7.44,4.41,-3.03,Oceania,Quốc Gia
Kosovo,OWID_KOS,2027,1663094,1630896,-32198,-1.94,11.38,10.38,-1.0,Europe,Quốc Gia
Kosovo,OWID_KOS,2028,1661648,1619030,-42618,-2.56,11.8,10.6,-1.2,Europe,Quốc Gia
Kosovo,OWID_KOS,2029,1661296,1607163,-54133,-3.26,12.23,10.82,-1.41,Europe,Quốc Gia
Kosovo,OWID_KOS,2030,1661290,1595297,-65993,-3.97,12.67,11.05,-1.62,Europe,Quốc Gia
Kosovo,OWID_KOS,2031,1662129,1583431,-78698,-4.73,13.11,11.28,-1.83,Europe,Quốc Gia
Kosovo,OWID_KOS,2032,1663652,1571565,-92087,-5.54,13.55,11.51,-2.04,Europe,Quốc Gia
Kosovo,OWID_KOS,2033,1665406,1559699,-105707,-6.35,14.0,11.75,-2.25,Europe,Quốc Gia
Kosovo,OWID_KOS,2034,1667146,1547833,-119313,-7.16,14.47,11.99,-2.48,Europe,Quốc Gia
Kosovo,OWID_KOS,2035,1668690,1535967,-132723,-7.95,14.93,12.23,-2.7,Europe,Quốc Gia
Kosovo,OWID_KOS,2036,1670499,1524101,-146398,-8.76,15.4,12.48,-2.92,Europe,Quốc Gia
Kosovo,OWID_KOS,2037,1672317,1512235,-160082,-9.57,15.86,12.73,-3.13,Europe,Quốc Gia
Kosovo,OWID_KOS,2038,1673124,1500368,-172756,-10.33,16.34,12.99,-3.35,Europe,Quốc Gia
Kosovo,OWID_KOS,2039,1673548,1488502,-185046,-11.06,16.83,13.25,-3.58,Europe,Quốc Gia
Kosovo,OWID_KOS,2040,1673991,1476636,-197355,-11.79,17.33,13.51,-3.82,Europe,Quốc Gia
Kosovo,OWID_KOS,2041,1673611,1464770,-208841,-12.48,17.84,13.78,-4.06,Europe,Quốc Gia
Kosovo,OWID_KOS,2042,1672559,1452904,-219655,-13.13,18.32,14.05,-4.27,Europe,Quốc Gia
Kosovo,OWID_KOS,2043,1671304,1441038,-230266,-13.78,18.77,14.33,-4.44,Europe,Quốc Gia
Kosovo,OWID_KOS,2044,1669384,1429172,-240212,-14.39,19.2,14.61,-4.59,Europe,Quốc Gia
Kosovo,OWID_KOS,2045,1666554,1417306,-249248,-14.96,19.64,14.89,-4.75,Europe,Quốc Gia
Kosovo,OWID_KOS,2046,1662969,1405440,-257529,-15.49,20.08,15.18,-4.9,Europe,Quốc Gia
Kosovo,OWID_KOS,2047,1659063,1393573,-265490,-16.0,20.53,15.48,-5.05,Europe,Quốc Gia
Kosovo,OWID_KOS,2048,1654458,1381707,-272751,-16.49,20.97,15.78,-5.19,Europe,Quốc Gia
Kosovo,OWID_KOS,2049,1649220,1369841,-279379,-16.94,21.41,16.09,-5.32,Europe,Quốc Gia
Kosovo,OWID_KOS,2050,1643625,1357975,-285650,-17.38,21.85,16.4,-5.45,Europe,Quốc Gia
Kuwait,KWT,2027,5168370,5184239,15869,0.31,3.36,3.16,-0.2,Asia,Quốc Gia
Kuwait,KWT,2028,5224923,5303718,78795,1.51,3.47,3.19,-0.28,Asia,Quốc Gia
Kuwait,KWT,2029,5276041,5423196,147155,2.79,3.6,3.21,-0.39,Asia,Quốc Gia
Kuwait,KWT,2030,5324200,5542674,218474,4.1,3.73,3.23,-0.5,Asia,Quốc Gia
Kuwait,KWT,2031,5371645,5662153,290508,5.41,3.87,3.26,-0.61,Asia,Quốc Gia
Kuwait,KWT,2032,5419953,5781631,361678,6.67,4.01,3.28,-0.73,Asia,Quốc Gia
Kuwait,KWT,2033,5469087,5901109,432022,7.9,4.15,3.3,-0.85,Asia,Quốc Gia
Kuwait,KWT,2034,5519018,6020588,501570,9.09,4.29,3.32,-0.97,Asia,Quốc Gia
Kuwait,KWT,2035,5569671,6140066,570395,10.24,4.43,3.33,-1.1,Asia,Quốc Gia
Kuwait,KWT,2036,5620962,6259544,638582,11.36,4.57,3.35,-1.22,Asia,Quốc Gia
Kuwait,KWT,2037,5672833,6379023,706190,12.45,4.71,3.37,-1.34,Asia,Quốc Gia
Kuwait,KWT,2038,5725241,6498501,773260,13.51,4.84,3.39,-1.45,Asia,Quốc Gia
Kuwait,KWT,2039,5778079,6617979,839900,14.54,4.98,3.4,-1.58,Asia,Quốc Gia
Kuwait,KWT,2040,5831215,6737458,906243,15.54,5.12,3.42,-1.7,Asia,Quốc Gia
Kuwait,KWT,2041,5884646,6856936,972290,16.52,5.27,3.43,-1.84,Asia,Quốc Gia
Kuwait,KWT,2042,5938322,6976414,1038092,17.48,5.41,3.44,-1.97,Asia,Quốc Gia
Kuwait,KWT,2043,5992102,7095892,1103790,18.42,5.56,3.46,-2.1,Asia,Quốc Gia
Kuwait,KWT,2044,6045939,7215371,1169432,19.34,5.71,3.47,-2.24,Asia,Quốc Gia
Kuwait,KWT,2045,6099779,7334849,1235070,20.25,5.86,3.48,-2.38,Asia,Quốc Gia
Kuwait,KWT,2046,6153486,7454327,1300841,21.14,6.02,3.5,-2.52,Asia,Quốc Gia
Kuwait,KWT,2047,6207105,7573806,1366701,22.02,6.17,3.51,-2.66,Asia,Quốc Gia
Kuwait,KWT,2048,6260708,7693284,1432576,22.88,6.34,3.52,-2.82,Asia,Quốc Gia
Kuwait,KWT,2049,6314249,7812762,1498513,23.73,6.5,3.53,-2.97,Asia,Quốc Gia
Kuwait,KWT,2050,6367757,7932241,1564484,24.57,6.63,3.54,-3.09,Asia,Quốc Gia
Kyrgyzstan,KGZ,2027,7503688,7184156,-319532,-4.26,6.53,5.28,-1.25,Asia,Quốc Gia
Kyrgyzstan,KGZ,2028,7604987,7267950,-337037,-4.43,6.78,5.28,-1.5,Asia,Quốc Gia
Kyrgyzstan,KGZ,2029,7704599,7351744,-352855,-4.58,7.03,5.29,-1.74,Asia,Quốc Gia
Kyrgyzstan,KGZ,2030,7803622,7435538,-368084,-4.72,7.27,5.29,-1.98,Asia,Quốc Gia
Kyrgyzstan,KGZ,2031,7901640,7519332,-382308,-4.84,7.47,5.29,-2.18,Asia,Quốc Gia
Kyrgyzstan,KGZ,2032,7998032,7603126,-394906,-4.94,7.64,5.29,-2.35,Asia,Quốc Gia
Kyrgyzstan,KGZ,2033,8093245,7686920,-406325,-5.02,7.81,5.3,-2.51,Asia,Quốc Gia
Kyrgyzstan,KGZ,2034,8188029,7770714,-417315,-5.1,7.98,5.3,-2.68,Asia,Quốc Gia
Kyrgyzstan,KGZ,2035,8282418,7854508,-427910,-5.17,8.14,5.3,-2.84,Asia,Quốc Gia
Kyrgyzstan,KGZ,2036,8376695,7938301,-438394,-5.23,8.29,5.3,-2.99,Asia,Quốc Gia
Kyrgyzstan,KGZ,2037,8470762,8022095,-448667,-5.3,8.42,5.3,-3.12,Asia,Quốc Gia
Kyrgyzstan,KGZ,2038,8565550,8105889,-459661,-5.37,8.53,5.31,-3.22,Asia,Quốc Gia
Kyrgyzstan,KGZ,2039,8661481,8189683,-471798,-5.45,8.63,5.31,-3.32,Asia,Quốc Gia
Kyrgyzstan,KGZ,2040,8757705,8273477,-484228,-5.53,8.73,5.31,-3.42,Asia,Quốc Gia
Kyrgyzstan,KGZ,2041,8853444,8357271,-496173,-5.6,8.83,5.31,-3.52,Asia,Quốc Gia
Kyrgyzstan,KGZ,2042,8947731,8441065,-506666,-5.66,8.94,5.31,-3.63,Asia,Quốc Gia
Kyrgyzstan,KGZ,2043,9040759,8524859,-515900,-5.71,9.05,5.31,-3.74,Asia,Quốc Gia
Kyrgyzstan,KGZ,2044,9132379,8608653,-523726,-5.73,9.16,5.32,-3.84,Asia,Quốc Gia
Kyrgyzstan,KGZ,2045,9222111,8692446,-529665,-5.74,9.28,5.32,-3.96,Asia,Quốc Gia
Kyrgyzstan,KGZ,2046,9309339,8776240,-533099,-5.73,9.41,5.32,-4.09,Asia,Quốc Gia
Kyrgyzstan,KGZ,2047,9394478,8860034,-534444,-5.69,9.55,5.32,-4.23,Asia,Quốc Gia
Kyrgyzstan,KGZ,2048,9478923,8943828,-535095,-5.65,9.69,5.32,-4.37,Asia,Quốc Gia
Kyrgyzstan,KGZ,2049,9561878,9027622,-534256,-5.59,9.86,5.32,-4.54,Asia,Quốc Gia
Kyrgyzstan,KGZ,2050,9642949,9111416,-531533,-5.51,10.06,5.33,-4.73,Asia,Quốc Gia
Laos,LAO,2027,8072929,8013980,-58949,-0.73,5.11,4.57,-0.54,Asia,Quốc Gia
Laos,LAO,2028,8169798,8110743,-59055,-0.72,5.27,4.6,-0.67,Asia,Quốc Gia
Laos,LAO,2029,8264399,8207506,-56893,-0.69,5.43,4.63,-0.8,Asia,Quốc Gia
Laos,LAO,2030,8357028,8304269,-52759,-0.63,5.6,4.66,-0.94,Asia,Quốc Gia
Laos,LAO,2031,8447772,8401032,-46740,-0.55,5.76,4.69,-1.07,Asia,Quốc Gia
Laos,LAO,2032,8536453,8497795,-38658,-0.45,5.92,4.71,-1.21,Asia,Quốc Gia
Laos,LAO,2033,8622828,8594558,-28270,-0.33,6.09,4.74,-1.35,Asia,Quốc Gia
Laos,LAO,2034,8706831,8691321,-15510,-0.18,6.25,4.77,-1.48,Asia,Quốc Gia
Laos,LAO,2035,8788764,8788084,-680,-0.01,6.41,4.79,-1.62,Asia,Quốc Gia
Laos,LAO,2036,8868884,8884847,15963,0.18,6.58,4.82,-1.76,Asia,Quốc Gia
Laos,LAO,2037,8947245,8981609,34364,0.38,6.75,4.84,-1.91,Asia,Quốc Gia
Laos,LAO,2038,9023869,9078372,54503,0.6,6.93,4.86,-2.07,Asia,Quốc Gia
Laos,LAO,2039,9097893,9175135,77242,0.85,7.11,4.89,-2.22,Asia,Quốc Gia
Laos,LAO,2040,9169002,9271898,102896,1.12,7.3,4.91,-2.39,Asia,Quốc Gia
Laos,LAO,2041,9238113,9368661,130548,1.41,7.5,4.93,-2.57,Asia,Quốc Gia
Laos,LAO,2042,9305409,9465424,160015,1.72,7.71,4.96,-2.75,Asia,Quốc Gia
Laos,LAO,2043,9370054,9562187,192133,2.05,7.92,4.98,-2.94,Asia,Quốc Gia
Laos,LAO,2044,9432314,9658950,226636,2.4,8.15,5.0,-3.15,Asia,Quốc Gia
Laos,LAO,2045,9492506,9755713,263207,2.77,8.4,5.02,-3.38,Asia,Quốc Gia
Laos,LAO,2046,9550346,9852476,302130,3.16,8.67,5.04,-3.63,Asia,Quốc Gia
Laos,LAO,2047,9605808,9949239,343431,3.58,8.95,5.06,-3.89,Asia,Quốc Gia
Laos,LAO,2048,9659041,10046001,386960,4.01,9.25,5.08,-4.17,Asia,Quốc Gia
Laos,LAO,2049,9709619,10142764,433145,4.46,9.58,5.1,-4.48,Asia,Quốc Gia
Laos,LAO,2050,9757284,10239527,482243,4.94,9.92,5.12,-4.8,Asia,Quốc Gia
Latvia,LVA,2027,1821563,1750968,-70595,-3.88,23.05,23.54,0.49,Europe,Quốc Gia
Latvia,LVA,2028,1807072,1728684,-78388,-4.34,23.4,23.96,0.56,Europe,Quốc Gia
Latvia,LVA,2029,1792488,1706400,-86088,-4.8,23.71,24.39,0.68,Europe,Quốc Gia
Latvia,LVA,2030,1777626,1684117,-93509,-5.26,23.98,24.84,0.86,Europe,Quốc Gia
Latvia,LVA,2031,1762869,1661833,-101036,-5.73,24.22,25.29,1.07,Europe,Quốc Gia
Latvia,LVA,2032,1748392,1639549,-108843,-6.23,24.47,25.76,1.29,Europe,Quốc Gia
Latvia,LVA,2033,1734000,1617265,-116735,-6.73,24.72,26.24,1.52,Europe,Quốc Gia
Latvia,LVA,2034,1719999,1594981,-125018,-7.27,24.97,26.73,1.76,Europe,Quốc Gia
Latvia,LVA,2035,1706426,1572698,-133728,-7.84,25.23,27.24,2.01,Europe,Quốc Gia
Latvia,LVA,2036,1693024,1550414,-142610,-8.42,25.53,27.76,2.23,Europe,Quốc Gia
Latvia,LVA,2037,1679789,1528130,-151659,-9.03,25.83,28.3,2.47,Europe,Quốc Gia
Latvia,LVA,2038,1666736,1505846,-160890,-9.65,26.1,28.85,2.75,Europe,Quốc Gia
Latvia,LVA,2039,1653616,1483562,-170054,-10.28,26.35,29.43,3.08,Europe,Quốc Gia
Latvia,LVA,2040,1640643,1461279,-179364,-10.93,26.59,30.01,3.42,Europe,Quốc Gia
Latvia,LVA,2041,1627820,1438995,-188825,-11.6,26.82,30.62,3.8,Europe,Quốc Gia
Latvia,LVA,2042,1615159,1416711,-198448,-12.29,27.01,31.24,4.23,Europe,Quốc Gia
Latvia,LVA,2043,1602634,1394427,-208207,-12.99,27.18,31.89,4.71,Europe,Quốc Gia
Latvia,LVA,2044,1590088,1372143,-217945,-13.71,27.33,32.55,5.22,Europe,Quốc Gia
Latvia,LVA,2045,1577404,1349860,-227544,-14.43,27.5,33.24,5.74,Europe,Quốc Gia
Latvia,LVA,2046,1564726,1327576,-237150,-15.16,27.69,33.95,6.26,Europe,Quốc Gia
Latvia,LVA,2047,1552137,1305292,-246845,-15.9,27.91,34.69,6.78,Europe,Quốc Gia
Latvia,LVA,2048,1539441,1283008,-256433,-16.66,28.21,35.45,7.24,Europe,Quốc Gia
Latvia,LVA,2049,1526634,1260725,-265909,-17.42,28.56,36.23,7.67,Europe,Quốc Gia
Latvia,LVA,2050,1513807,1238441,-275366,-18.19,28.91,37.05,8.14,Europe,Quốc Gia
Lebanon,LBN,2027,5947070,6394483,447413,7.52,11.05,9.52,-1.53,Asia,Quốc Gia
Lebanon,LBN,2028,5997848,6468271,470423,7.84,11.36,9.64,-1.72,Asia,Quốc Gia
Lebanon,LBN,2029,6050388,6542059,491671,8.13,11.67,9.75,-1.92,Asia,Quốc Gia
Lebanon,LBN,2030,6103812,6615846,512034,8.39,12.01,9.87,-2.14,Asia,Quốc Gia
Lebanon,LBN,2031,6158006,6689634,531628,8.63,12.35,9.98,-2.37,Asia,Quốc Gia
Lebanon,LBN,2032,6210756,6763421,552665,8.9,12.69,10.09,-2.6,Asia,Quốc Gia
Lebanon,LBN,2033,6259748,6837209,577461,9.22,13.04,10.2,-2.84,Asia,Quốc Gia
Lebanon,LBN,2034,6308830,6910997,602167,9.54,13.36,10.3,-3.06,Asia,Quốc Gia
Lebanon,LBN,2035,6357727,6984784,627057,9.86,13.66,10.4,-3.26,Asia,Quốc Gia
Lebanon,LBN,2036,6407682,7058572,650890,10.16,13.91,10.5,-3.41,Asia,Quốc Gia
Lebanon,LBN,2037,6461876,7132359,670483,10.38,14.13,10.6,-3.53,Asia,Quốc Gia
Lebanon,LBN,2038,6516257,7206147,689890,10.59,14.32,10.7,-3.62,Asia,Quốc Gia
Lebanon,LBN,2039,6569276,7279934,710658,10.82,14.49,10.79,-3.7,Asia,Quốc Gia
Lebanon,LBN,2040,6620327,7353722,733395,11.08,14.65,10.88,-3.77,Asia,Quốc Gia
Lebanon,LBN,2041,6669095,7427510,758415,11.37,14.8,10.97,-3.83,Asia,Quốc Gia
Lebanon,LBN,2042,6714439,7501297,786858,11.72,14.95,11.06,-3.89,Asia,Quốc Gia
Lebanon,LBN,2043,6754075,7575085,821010,12.16,15.11,11.15,-3.96,Asia,Quốc Gia
Lebanon,LBN,2044,6794017,7648872,854855,12.58,15.27,11.23,-4.04,Asia,Quốc Gia
Lebanon,LBN,2045,6834988,7722660,887672,12.99,15.44,11.32,-4.12,Asia,Quốc Gia
Lebanon,LBN,2046,6871780,7796448,924668,13.46,15.62,11.4,-4.22,Asia,Quốc Gia
Lebanon,LBN,2047,6909026,7870235,961209,13.91,15.8,11.48,-4.32,Asia,Quốc Gia
Lebanon,LBN,2048,6944197,7944023,999826,14.4,15.98,11.56,-4.42,Asia,Quốc Gia
Lebanon,LBN,2049,6972878,8017810,1044932,14.99,16.17,11.64,-4.53,Asia,Quốc Gia
Lebanon,LBN,2050,6999262,8091598,1092336,15.61,16.33,11.71,-4.62,Asia,Quốc Gia
Lesotho,LSO,2027,2415372,2303801,-111571,-4.62,3.92,3.74,-0.18,Africa,Quốc Gia
Lesotho,LSO,2028,2441441,2316775,-124666,-5.11,3.93,3.71,-0.22,Africa,Quốc Gia
Lesotho,LSO,2029,2467682,2329750,-137932,-5.59,3.94,3.69,-0.25,Africa,Quốc Gia
Lesotho,LSO,2030,2493822,2342724,-151098,-6.06,3.94,3.67,-0.27,Africa,Quốc Gia
Lesotho,LSO,2031,2520020,2355698,-164322,-6.52,3.95,3.65,-0.3,Africa,Quốc Gia
Lesotho,LSO,2032,2546495,2368672,-177823,-6.98,3.95,3.63,-0.32,Africa,Quốc Gia
Lesotho,LSO,2033,2573113,2381647,-191466,-7.44,3.95,3.6,-0.35,Africa,Quốc Gia
Lesotho,LSO,2034,2599784,2394621,-205163,-7.89,3.94,3.58,-0.36,Africa,Quốc Gia
Lesotho,LSO,2035,2626567,2407595,-218972,-8.34,3.94,3.56,-0.38,Africa,Quốc Gia
Lesotho,LSO,2036,2653509,2420569,-232940,-8.78,3.94,3.54,-0.4,Africa,Quốc Gia
Lesotho,LSO,2037,2680086,2433544,-246542,-9.2,3.94,3.52,-0.42,Africa,Quốc Gia
Lesotho,LSO,2038,2706204,2446518,-259686,-9.6,3.95,3.5,-0.45,Africa,Quốc Gia
Lesotho,LSO,2039,2732145,2459492,-272653,-9.98,3.97,3.48,-0.49,Africa,Quốc Gia
Lesotho,LSO,2040,2757875,2472466,-285409,-10.35,4.01,3.46,-0.55,Africa,Quốc Gia
Lesotho,LSO,2041,2783367,2485441,-297926,-10.7,4.08,3.44,-0.64,Africa,Quốc Gia
Lesotho,LSO,2042,2808545,2498415,-310130,-11.04,4.17,3.42,-0.75,Africa,Quốc Gia
Lesotho,LSO,2043,2833262,2511389,-321873,-11.36,4.3,3.4,-0.9,Africa,Quốc Gia
Lesotho,LSO,2044,2857507,2524363,-333144,-11.66,4.45,3.38,-1.07,Africa,Quốc Gia
Lesotho,LSO,2045,2881341,2537338,-344003,-11.94,4.63,3.36,-1.27,Africa,Quốc Gia
Lesotho,LSO,2046,2904786,2550312,-354474,-12.2,4.83,3.34,-1.49,Africa,Quốc Gia
Lesotho,LSO,2047,2927866,2563286,-364580,-12.45,5.07,3.33,-1.74,Africa,Quốc Gia
Lesotho,LSO,2048,2950417,2576260,-374157,-12.68,5.33,3.31,-2.02,Africa,Quốc Gia
Lesotho,LSO,2049,2972164,2589235,-382929,-12.88,5.61,3.29,-2.32,Africa,Quốc Gia
Lesotho,LSO,2050,2993088,2602209,-390879,-13.06,5.91,3.27,-2.64,Africa,Quốc Gia
Liberia,LBR,2027,5986801,6007582,20781,0.35,3.4,3.28,-0.12,Africa,Quốc Gia
Liberia,LBR,2028,6118765,6124946,6181,0.1,3.44,3.29,-0.15,Africa,Quốc Gia
Liberia,LBR,2029,6245089,6242310,-2779,-0.04,3.48,3.29,-0.19,Africa,Quốc Gia
Liberia,LBR,2030,6366290,6359674,-6616,-0.1,3.53,3.29,-0.24,Africa,Quốc Gia
Liberia,LBR,2031,6486745,6477038,-9707,-0.15,3.57,3.29,-0.28,Africa,Quốc Gia
Liberia,LBR,2032,6614252,6594402,-19850,-0.3,3.61,3.3,-0.31,Africa,Quốc Gia
Liberia,LBR,2033,6744923,6711766,-33157,-0.49,3.66,3.3,-0.36,Africa,Quốc Gia
Liberia,LBR,2034,6873684,6829130,-44554,-0.65,3.71,3.3,-0.41,Africa,Quốc Gia
Liberia,LBR,2035,7003564,6946494,-57070,-0.81,3.75,3.3,-0.45,Africa,Quốc Gia
Liberia,LBR,2036,7142321,7063858,-78463,-1.1,3.8,3.3,-0.5,Africa,Quốc Gia
Liberia,LBR,2037,7278755,7181222,-97533,-1.34,3.84,3.31,-0.53,Africa,Quốc Gia
Liberia,LBR,2038,7408716,7298586,-110130,-1.49,3.9,3.31,-0.59,Africa,Quốc Gia
Liberia,LBR,2039,7545504,7415950,-129554,-1.72,3.96,3.31,-0.65,Africa,Quốc Gia
Liberia,LBR,2040,7681687,7533315,-148372,-1.93,4.03,3.31,-0.72,Africa,Quốc Gia
Liberia,LBR,2041,7817084,7650679,-166405,-2.13,4.1,3.31,-0.79,Africa,Quốc Gia
Liberia,LBR,2042,7954178,7768043,-186135,-2.34,4.18,3.32,-0.86,Africa,Quốc Gia
Liberia,LBR,2043,8077168,7885407,-191761,-2.37,4.27,3.32,-0.95,Africa,Quốc Gia
Liberia,LBR,2044,8194131,8002771,-191360,-2.34,4.36,3.32,-1.04,Africa,Quốc Gia
Liberia,LBR,2045,8310653,8120135,-190518,-2.29,4.46,3.32,-1.14,Africa,Quốc Gia
Liberia,LBR,2046,8428920,8237499,-191421,-2.27,4.56,3.32,-1.24,Africa,Quốc Gia
Liberia,LBR,2047,8552028,8354863,-197165,-2.31,4.66,3.32,-1.34,Africa,Quốc Gia
Liberia,LBR,2048,8673959,8472227,-201732,-2.33,4.76,3.32,-1.44,Africa,Quốc Gia
Liberia,LBR,2049,8795834,8589591,-206243,-2.34,4.85,3.33,-1.52,Africa,Quốc Gia
Liberia,LBR,2050,8910534,8706955,-203579,-2.28,4.96,3.33,-1.63,Africa,Quốc Gia
Libya,LBY,2027,7627494,7634401,6907,0.09,5.68,5.04,-0.64,Africa,Quốc Gia
Libya,LBY,2028,7716845,7718416,1571,0.02,5.97,5.08,-0.89,Africa,Quốc Gia
Libya,LBY,2029,7802214,7802431,217,0.0,6.27,5.12,-1.15,Africa,Quốc Gia
Libya,LBY,2030,7885807,7886446,639,0.01,6.6,5.15,-1.45,Africa,Quốc Gia
Libya,LBY,2031,7969110,7970461,1351,0.02,6.95,5.19,-1.76,Africa,Quốc Gia
Libya,LBY,2032,8048498,8054476,5978,0.07,7.32,5.22,-2.1,Africa,Quốc Gia
Libya,LBY,2033,8126640,8138490,11850,0.15,7.73,5.26,-2.47,Africa,Quốc Gia
Libya,LBY,2034,8206618,8222505,15887,0.19,8.19,5.29,-2.9,Africa,Quốc Gia
Libya,LBY,2035,8283956,8306520,22564,0.27,8.68,5.32,-3.36,Africa,Quốc Gia
Libya,LBY,2036,8357485,8390535,33050,0.4,9.18,5.36,-3.82,Africa,Quốc Gia
Libya,LBY,2037,8431729,8474550,42821,0.51,9.69,5.39,-4.3,Africa,Quốc Gia
Libya,LBY,2038,8506601,8558564,51963,0.61,10.21,5.42,-4.79,Africa,Quốc Gia
Libya,LBY,2039,8579856,8642579,62723,0.73,10.74,5.45,-5.29,Africa,Quốc Gia
Libya,LBY,2040,8651416,8726594,75178,0.87,11.26,5.48,-5.78,Africa,Quốc Gia
Libya,LBY,2041,8719616,8810609,90993,1.04,11.8,5.51,-6.29,Africa,Quốc Gia
Libya,LBY,2042,8786626,8894624,107998,1.23,12.33,5.53,-6.8,Africa,Quốc Gia
Libya,LBY,2043,8854392,8978639,124247,1.4,12.86,5.56,-7.3,Africa,Quốc Gia
Libya,LBY,2044,8920021,9062653,142632,1.6,13.39,5.59,-7.8,Africa,Quốc Gia
Libya,LBY,2045,8983950,9146668,162718,1.81,13.9,5.62,-8.28,Africa,Quốc Gia
Libya,LBY,2046,9043675,9230683,187008,2.07,14.38,5.64,-8.74,Africa,Quốc Gia
Libya,LBY,2047,9098405,9314698,216293,2.38,14.83,5.67,-9.16,Africa,Quốc Gia
Libya,LBY,2048,9154065,9398713,244648,2.67,15.22,5.69,-9.53,Africa,Quốc Gia
Libya,LBY,2049,9208609,9482728,274119,2.98,15.56,5.72,-9.84,Africa,Quốc Gia
Libya,LBY,2050,9260610,9566742,306132,3.31,15.9,5.74,-10.16,Africa,Quốc Gia
Liechtenstein,LIE,2027,40620,40892,272,0.67,22.63,20.73,-1.9,Europe,Quốc Gia
Liechtenstein,LIE,2028,40829,41185,356,0.87,23.28,21.03,-2.25,Europe,Quốc Gia
Liechtenstein,LIE,2029,41032,41477,445,1.08,23.96,21.33,-2.63,Europe,Quốc Gia
Liechtenstein,LIE,2030,41226,41770,544,1.32,24.61,21.63,-2.98,Europe,Quốc Gia
Liechtenstein,LIE,2031,41416,42063,647,1.56,25.16,21.92,-3.24,Europe,Quốc Gia
Liechtenstein,LIE,2032,41587,42356,769,1.85,25.69,22.2,-3.49,Europe,Quốc Gia
Liechtenstein,LIE,2033,41743,42649,906,2.17,26.28,22.49,-3.79,Europe,Quốc Gia
Liechtenstein,LIE,2034,41888,42942,1054,2.52,26.84,22.77,-4.07,Europe,Quốc Gia
Liechtenstein,LIE,2035,42029,43235,1206,2.87,27.35,23.04,-4.31,Europe,Quốc Gia
Liechtenstein,LIE,2036,42150,43528,1378,3.27,27.79,23.31,-4.48,Europe,Quốc Gia
Liechtenstein,LIE,2037,42257,43821,1564,3.7,28.13,23.58,-4.55,Europe,Quốc Gia
Liechtenstein,LIE,2038,42368,44114,1746,4.12,28.46,23.84,-4.62,Europe,Quốc Gia
Liechtenstein,LIE,2039,42468,44407,1939,4.57,28.72,24.1,-4.62,Europe,Quốc Gia
Liechtenstein,LIE,2040,42555,44699,2144,5.04,28.92,24.36,-4.56,Europe,Quốc Gia
Liechtenstein,LIE,2041,42635,44992,2357,5.53,29.11,24.61,-4.5,Europe,Quốc Gia
Liechtenstein,LIE,2042,42708,45285,2577,6.03,29.24,24.86,-4.38,Europe,Quốc Gia
Liechtenstein,LIE,2043,42775,45578,2803,6.55,29.33,25.11,-4.22,Europe,Quốc Gia
Liechtenstein,LIE,2044,42832,45871,3039,7.1,29.4,25.35,-4.05,Europe,Quốc Gia
Liechtenstein,LIE,2045,42878,46164,3286,7.66,29.48,25.6,-3.88,Europe,Quốc Gia
Liechtenstein,LIE,2046,42919,46457,3538,8.24,29.53,25.83,-3.7,Europe,Quốc Gia
Liechtenstein,LIE,2047,42959,46750,3791,8.82,29.61,26.07,-3.54,Europe,Quốc Gia
Liechtenstein,LIE,2048,42986,47043,4057,9.44,29.67,26.3,-3.37,Europe,Quốc Gia
Liechtenstein,LIE,2049,43010,47336,4326,10.06,29.7,26.53,-3.17,Europe,Quốc Gia
Liechtenstein,LIE,2050,43024,47629,4605,10.7,29.72,26.75,-2.97,Europe,Quốc Gia
Lithuania,LTU,2027,2774222,2622723,-151499,-5.46,21.82,22.72,0.9,Europe,Quốc Gia
Lithuania,LTU,2028,2751178,2591838,-159340,-5.79,22.28,23.14,0.86,Europe,Quốc Gia
Lithuania,LTU,2029,2728540,2560953,-167587,-6.14,22.7,23.58,0.88,Europe,Quốc Gia
Lithuania,LTU,2030,2706358,2530068,-176290,-6.51,23.08,24.02,0.94,Europe,Quốc Gia
Lithuania,LTU,2031,2684467,2499184,-185283,-6.9,23.45,24.47,1.02,Europe,Quốc Gia
Lithuania,LTU,2032,2662809,2468299,-194510,-7.3,23.81,24.94,1.13,Europe,Quốc Gia
Lithuania,LTU,2033,2641150,2437414,-203736,-7.71,24.17,25.41,1.24,Europe,Quốc Gia
Lithuania,LTU,2034,2619273,2406529,-212744,-8.12,24.54,25.9,1.36,Europe,Quốc Gia
Lithuania,LTU,2035,2597387,2375645,-221742,-8.54,24.92,26.41,1.49,Europe,Quốc Gia
Lithuania,LTU,2036,2575498,2344760,-230738,-8.96,25.31,26.92,1.61,Europe,Quốc Gia
Lithuania,LTU,2037,2553087,2313875,-239212,-9.37,25.69,27.45,1.76,Europe,Quốc Gia
Lithuania,LTU,2038,2530465,2282990,-247475,-9.78,26.01,27.99,1.98,Europe,Quốc Gia
Lithuania,LTU,2039,2507570,2252105,-255465,-10.19,26.29,28.55,2.26,Europe,Quốc Gia
Lithuania,LTU,2040,2484839,2221221,-263618,-10.61,26.55,29.12,2.57,Europe,Quốc Gia
Lithuania,LTU,2041,2462454,2190336,-272118,-11.05,26.78,29.71,2.93,Europe,Quốc Gia
Lithuania,LTU,2042,2439832,2159451,-280381,-11.49,27.0,30.32,3.32,Europe,Quốc Gia
Lithuania,LTU,2043,2416942,2128566,-288376,-11.93,27.19,30.95,3.76,Europe,Quốc Gia
Lithuania,LTU,2044,2394331,2097681,-296650,-12.39,27.35,31.59,4.24,Europe,Quốc Gia
Lithuania,LTU,2045,2372141,2066797,-305344,-12.87,27.49,32.25,4.76,Europe,Quốc Gia
Lithuania,LTU,2046,2349909,2035912,-313997,-13.36,27.63,32.93,5.3,Europe,Quốc Gia
Lithuania,LTU,2047,2327242,2005027,-322215,-13.85,27.79,33.63,5.84,Europe,Quốc Gia
Lithuania,LTU,2048,2304359,1974142,-330217,-14.33,28.0,34.36,6.36,Europe,Quốc Gia
Lithuania,LTU,2049,2281741,1943257,-338484,-14.83,28.28,35.11,6.83,Europe,Quốc Gia
Lithuania,LTU,2050,2258767,1912373,-346394,-15.34,28.59,35.88,7.29,Europe,Quốc Gia
Luxembourg,LUX,2027,694280,688086,-6194,-0.89,16.58,15.02,-1.56,Europe,Quốc Gia
Luxembourg,LUX,2028,701086,697541,-3545,-0.51,17.02,15.05,-1.97,Europe,Quốc Gia
Luxembourg,LUX,2029,707588,706996,-592,-0.08,17.5,15.08,-2.42,Europe,Quốc Gia
Luxembourg,LUX,2030,713671,716451,2780,0.39,17.99,15.1,-2.89,Europe,Quốc Gia
Luxembourg,LUX,2031,719436,725906,6470,0.9,18.48,15.13,-3.35,Europe,Quốc Gia
Luxembourg,LUX,2032,725083,735362,10279,1.42,18.97,15.15,-3.82,Europe,Quốc Gia
Luxembourg,LUX,2033,730530,744817,14287,1.96,19.46,15.18,-4.28,Europe,Quốc Gia
Luxembourg,LUX,2034,735658,754272,18614,2.53,19.94,15.2,-4.74,Europe,Quốc Gia
Luxembourg,LUX,2035,740633,763727,23094,3.12,20.39,15.22,-5.17,Europe,Quốc Gia
Luxembourg,LUX,2036,745419,773183,27764,3.72,20.83,15.24,-5.59,Europe,Quốc Gia
Luxembourg,LUX,2037,749912,782638,32726,4.36,21.25,15.27,-5.98,Europe,Quốc Gia
Luxembourg,LUX,2038,754313,792093,37780,5.01,21.63,15.29,-6.34,Europe,Quốc Gia
Luxembourg,LUX,2039,758655,801548,42893,5.65,21.99,15.31,-6.68,Europe,Quốc Gia
Luxembourg,LUX,2040,762674,811003,48329,6.34,22.35,15.33,-7.02,Europe,Quốc Gia
Luxembourg,LUX,2041,766435,820459,54024,7.05,22.71,15.35,-7.36,Europe,Quốc Gia
Luxembourg,LUX,2042,770069,829914,59845,7.77,23.08,15.37,-7.71,Europe,Quốc Gia
Luxembourg,LUX,2043,773439,839369,65930,8.52,23.45,15.39,-8.06,Europe,Quốc Gia
Luxembourg,LUX,2044,776543,848824,72281,9.31,23.81,15.41,-8.4,Europe,Quốc Gia
Luxembourg,LUX,2045,779544,858280,78736,10.1,24.18,15.42,-8.76,Europe,Quốc Gia
Luxembourg,LUX,2046,782354,867735,85381,10.91,24.56,15.44,-9.12,Europe,Quốc Gia
Luxembourg,LUX,2047,784904,877190,92286,11.76,24.93,15.46,-9.47,Europe,Quốc Gia
Luxembourg,LUX,2048,787354,886645,99291,12.61,25.28,15.48,-9.8,Europe,Quốc Gia
Luxembourg,LUX,2049,789578,896100,106522,13.49,25.62,15.49,-10.13,Europe,Quốc Gia
Luxembourg,LUX,2050,791461,905556,114095,14.42,25.95,15.51,-10.44,Europe,Quốc Gia
Macao,MAC,2027,724080,755894,31814,4.39,16.84,12.51,-4.33,Asia,Quốc Gia
Macao,MAC,2028,724257,767391,43134,5.96,17.84,12.65,-5.19,Asia,Quốc Gia
Macao,MAC,2029,725438,778889,53451,7.37,18.78,12.79,-5.99,Asia,Quốc Gia
Macao,MAC,2030,726724,790386,63662,8.76,19.59,12.92,-6.67,Asia,Quốc Gia
Macao,MAC,2031,727320,801883,74563,10.25,20.25,13.05,-7.2,Asia,Quốc Gia
Macao,MAC,2032,727008,813380,86372,11.88,20.87,13.17,-7.7,Asia,Quốc Gia
Macao,MAC,2033,726352,824877,98525,13.56,21.55,13.29,-8.26,Asia,Quốc Gia
Macao,MAC,2034,725564,836374,110810,15.27,22.24,13.41,-8.83,Asia,Quốc Gia
Macao,MAC,2035,723766,847871,124105,17.15,22.93,13.52,-9.41,Asia,Quốc Gia
Macao,MAC,2036,721024,859368,138344,19.19,23.63,13.63,-10.0,Asia,Quốc Gia
Macao,MAC,2037,717559,870865,153306,21.36,24.36,13.74,-10.62,Asia,Quốc Gia
Macao,MAC,2038,713758,882363,168605,23.62,25.47,13.84,-11.63,Asia,Quốc Gia
Macao,MAC,2039,710038,893860,183822,25.89,26.56,13.95,-12.61,Asia,Quốc Gia
Macao,MAC,2040,706894,905357,198463,28.08,27.19,14.05,-13.14,Asia,Quốc Gia
Macao,MAC,2041,703318,916854,213536,30.36,27.74,14.14,-13.6,Asia,Quốc Gia
Macao,MAC,2042,699236,928351,229115,32.77,28.23,14.24,-13.99,Asia,Quốc Gia
Macao,MAC,2043,695297,939848,244551,35.17,28.74,14.33,-14.41,Asia,Quốc Gia
Macao,MAC,2044,691786,951345,259559,37.52,29.33,14.42,-14.91,Asia,Quốc Gia
Macao,MAC,2045,688799,962842,274043,39.79,29.92,14.51,-15.41,Asia,Quốc Gia
Macao,MAC,2046,685280,974339,289059,42.18,30.53,14.59,-15.94,Asia,Quốc Gia
Macao,MAC,2047,680718,985837,305119,44.82,31.27,14.68,-16.59,Asia,Quốc Gia
Macao,MAC,2048,676230,997334,321104,47.48,32.12,14.76,-17.36,Asia,Quốc Gia
Macao,MAC,2049,672521,1008831,336310,50.01,33.05,14.84,-18.21,Asia,Quốc Gia
Macao,MAC,2050,668856,1020328,351472,52.55,34.04,14.92,-19.12,Asia,Quốc Gia
Madagascar,MDG,2027,34308790,33255325,-1053465,-3.07,3.6,3.2,-0.4,Africa,Quốc Gia
Madagascar,MDG,2028,35099859,33878203,-1221656,-3.48,3.66,3.21,-0.45,Africa,Quốc Gia
Madagascar,MDG,2029,35894681,34501080,-1393601,-3.88,3.71,3.22,-0.49,Africa,Quốc Gia
Madagascar,MDG,2030,36693189,35123958,-1569231,-4.28,3.77,3.23,-0.54,Africa,Quốc Gia
Madagascar,MDG,2031,37495709,35746836,-1748873,-4.66,3.82,3.24,-0.58,Africa,Quốc Gia
Madagascar,MDG,2032,38301315,36369713,-1931602,-5.04,3.88,3.25,-0.63,Africa,Quốc Gia
Madagascar,MDG,2033,39109387,36992591,-2116796,-5.41,3.94,3.26,-0.68,Africa,Quốc Gia
Madagascar,MDG,2034,39919955,37615469,-2304486,-5.77,4.01,3.27,-0.74,Africa,Quốc Gia
Madagascar,MDG,2035,40733848,38238346,-2495502,-6.13,4.08,3.27,-0.81,Africa,Quốc Gia
Madagascar,MDG,2036,41551314,38861224,-2690090,-6.47,4.15,3.28,-0.87,Africa,Quốc Gia
Madagascar,MDG,2037,42371337,39484102,-2887235,-6.81,4.23,3.29,-0.94,Africa,Quốc Gia
Madagascar,MDG,2038,43194150,40106980,-3087170,-7.15,4.31,3.3,-1.01,Africa,Quốc Gia
Madagascar,MDG,2039,44019292,40729857,-3289435,-7.47,4.4,3.3,-1.1,Africa,Quốc Gia
Madagascar,MDG,2040,44846897,41352735,-3494162,-7.79,4.48,3.31,-1.17,Africa,Quốc Gia
Madagascar,MDG,2041,45676980,41975613,-3701367,-8.1,4.57,3.32,-1.25,Africa,Quốc Gia
Madagascar,MDG,2042,46508817,42598490,-3910327,-8.41,4.66,3.32,-1.34,Africa,Quốc Gia
Madagascar,MDG,2043,47342294,43221368,-4120926,-8.7,4.75,3.33,-1.42,Africa,Quốc Gia
Madagascar,MDG,2044,48176604,43844246,-4332358,-8.99,4.84,3.33,-1.51,Africa,Quốc Gia
Madagascar,MDG,2045,49011279,44467124,-4544155,-9.27,4.93,3.34,-1.59,Africa,Quốc Gia
Madagascar,MDG,2046,49846532,45090001,-4756531,-9.54,5.02,3.34,-1.68,Africa,Quốc Gia
Madagascar,MDG,2047,50682065,45712879,-4969186,-9.8,5.1,3.35,-1.75,Africa,Quốc Gia
Madagascar,MDG,2048,51517350,46335757,-5181593,-10.06,5.19,3.36,-1.83,Africa,Quốc Gia
Madagascar,MDG,2049,52351990,46958634,-5393356,-10.3,5.28,3.36,-1.92,Africa,Quốc Gia
Madagascar,MDG,2050,53185473,47581512,-5603961,-10.54,5.36,3.37,-1.99,Africa,Quốc Gia
Malawi,MWI,2027,23366192,22275733,-1090459,-4.67,2.62,2.74,0.12,Africa,Quốc Gia
Malawi,MWI,2028,23954454,22681861,-1272593,-5.31,2.64,2.72,0.08,Africa,Quốc Gia
Malawi,MWI,2029,24553504,23087988,-1465516,-5.97,2.67,2.71,0.04,Africa,Quốc Gia
Malawi,MWI,2030,25160295,23494116,-1666179,-6.62,2.7,2.69,-0.01,Africa,Quốc Gia
Malawi,MWI,2031,25763539,23900244,-1863295,-7.23,2.74,2.68,-0.06,Africa,Quốc Gia
Malawi,MWI,2032,26366763,24306371,-2060392,-7.81,2.78,2.66,-0.12,Africa,Quốc Gia
Malawi,MWI,2033,26978422,24712499,-2265923,-8.4,2.82,2.65,-0.17,Africa,Quốc Gia
Malawi,MWI,2034,27595301,25118626,-2476675,-8.97,2.87,2.64,-0.23,Africa,Quốc Gia
Malawi,MWI,2035,28213790,25524754,-2689036,-9.53,2.91,2.62,-0.29,Africa,Quốc Gia
Malawi,MWI,2036,28835601,25930882,-2904719,-10.07,2.97,2.61,-0.36,Africa,Quốc Gia
Malawi,MWI,2037,29462514,26337009,-3125505,-10.61,3.02,2.6,-0.42,Africa,Quốc Gia
Malawi,MWI,2038,30081747,26743137,-3338610,-11.1,3.09,2.59,-0.5,Africa,Quốc Gia
Malawi,MWI,2039,30691583,27149264,-3542319,-11.54,3.16,2.58,-0.58,Africa,Quốc Gia
Malawi,MWI,2040,31302096,27555392,-3746704,-11.97,3.25,2.57,-0.68,Africa,Quốc Gia
Malawi,MWI,2041,31911247,27961520,-3949727,-12.38,3.36,2.56,-0.8,Africa,Quốc Gia
Malawi,MWI,2042,32517516,28367647,-4149869,-12.76,3.47,2.55,-0.92,Africa,Quốc Gia
Malawi,MWI,2043,33122488,28773775,-4348713,-13.13,3.61,2.54,-1.07,Africa,Quốc Gia
Malawi,MWI,2044,33736529,29179903,-4556626,-13.51,3.77,2.53,-1.24,Africa,Quốc Gia
Malawi,MWI,2045,34350953,29586030,-4764923,-13.87,3.94,2.52,-1.42,Africa,Quốc Gia
Malawi,MWI,2046,34959613,29992158,-4967455,-14.21,4.12,2.51,-1.61,Africa,Quốc Gia
Malawi,MWI,2047,35567995,30398285,-5169710,-14.53,4.32,2.5,-1.82,Africa,Quốc Gia
Malawi,MWI,2048,36165762,30804413,-5361349,-14.82,4.51,2.49,-2.02,Africa,Quốc Gia
Malawi,MWI,2049,36761005,31210541,-5550464,-15.1,4.7,2.48,-2.22,Africa,Quốc Gia
Malawi,MWI,2050,37361675,31616668,-5745007,-15.38,4.88,2.47,-2.41,Africa,Quốc Gia
Malaysia,MYS,2027,36785086,37457867,672781,1.83,8.64,7.37,-1.27,Asia,Quốc Gia
Malaysia,MYS,2028,37182770,37988911,806141,2.17,8.94,7.45,-1.49,Asia,Quốc Gia
Malaysia,MYS,2029,37574288,38519955,945667,2.52,9.24,7.53,-1.71,Asia,Quốc Gia
Malaysia,MYS,2030,37961719,39050998,1089279,2.87,9.52,7.6,-1.92,Asia,Quốc Gia
Malaysia,MYS,2031,38347781,39582042,1234261,3.22,9.8,7.68,-2.12,Asia,Quốc Gia
Malaysia,MYS,2032,38728380,40113086,1384706,3.58,10.07,7.75,-2.32,Asia,Quốc Gia
Malaysia,MYS,2033,39097867,40644130,1546263,3.95,10.35,7.82,-2.53,Asia,Quốc Gia
Malaysia,MYS,2034,39457845,41175173,1717328,4.35,10.62,7.89,-2.73,Asia,Quốc Gia
Malaysia,MYS,2035,39814831,41706217,1891386,4.75,10.9,7.96,-2.94,Asia,Quốc Gia
Malaysia,MYS,2036,40166901,42237261,2070360,5.15,11.18,8.02,-3.16,Asia,Quốc Gia
Malaysia,MYS,2037,40512286,42768304,2256018,5.57,11.47,8.09,-3.38,Asia,Quốc Gia
Malaysia,MYS,2038,40853314,43299348,2446034,5.99,11.77,8.15,-3.62,Asia,Quốc Gia
Malaysia,MYS,2039,41185889,43830392,2644503,6.42,12.08,8.21,-3.87,Asia,Quốc Gia
Malaysia,MYS,2040,41509643,44361436,2851793,6.87,12.39,8.27,-4.12,Asia,Quốc Gia
Malaysia,MYS,2041,41828590,44892479,3063889,7.32,12.71,8.33,-4.38,Asia,Quốc Gia
Malaysia,MYS,2042,42144469,45423523,3279054,7.78,13.06,8.38,-4.68,Asia,Quốc Gia
Malaysia,MYS,2043,42455949,45954567,3498618,8.24,13.43,8.44,-4.99,Asia,Quốc Gia
Malaysia,MYS,2044,42754137,46485610,3731473,8.73,13.83,8.49,-5.34,Asia,Quốc Gia
Malaysia,MYS,2045,43038202,47016654,3978452,9.24,14.26,8.55,-5.71,Asia,Quốc Gia
Malaysia,MYS,2046,43313751,47547698,4233947,9.78,14.72,8.6,-6.12,Asia,Quốc Gia
Malaysia,MYS,2047,43580455,48078741,4498286,10.32,15.22,8.65,-6.57,Asia,Quốc Gia
Malaysia,MYS,2048,43831574,48609785,4778211,10.9,15.73,8.7,-7.03,Asia,Quốc Gia
Malaysia,MYS,2049,44065534,49140829,5075295,11.52,16.26,8.75,-7.51,Asia,Quốc Gia
Malaysia,MYS,2050,44289762,49671873,5382111,12.15,16.79,8.79,-8.0,Asia,Quốc Gia
Maldives,MDV,2027,533436,551634,18198,3.41,5.63,4.48,-1.15,Asia,Quốc Gia
Maldives,MDV,2028,535505,561697,26192,4.89,5.97,4.49,-1.48,Asia,Quốc Gia
Maldives,MDV,2029,537576,571761,34185,6.36,6.32,4.51,-1.81,Asia,Quốc Gia
Maldives,MDV,2030,539669,581824,42155,7.81,6.67,4.52,-2.15,Asia,Quốc Gia
Maldives,MDV,2031,541931,591887,49956,9.22,7.05,4.53,-2.52,Asia,Quốc Gia
Maldives,MDV,2032,544290,601951,57661,10.59,7.44,4.54,-2.9,Asia,Quốc Gia
Maldives,MDV,2033,546726,612014,65288,11.94,7.87,4.55,-3.32,Asia,Quốc Gia
Maldives,MDV,2034,549165,622078,72913,13.28,8.33,4.56,-3.77,Asia,Quốc Gia
Maldives,MDV,2035,551601,632141,80540,14.6,8.81,4.57,-4.24,Asia,Quốc Gia
Maldives,MDV,2036,554094,642205,88111,15.9,9.32,4.58,-4.74,Asia,Quốc Gia
Maldives,MDV,2037,556640,652268,95628,17.18,9.85,4.59,-5.26,Asia,Quốc Gia
Maldives,MDV,2038,559234,662331,103097,18.44,10.41,4.6,-5.81,Asia,Quốc Gia
Maldives,MDV,2039,561959,672395,110436,19.65,10.98,4.61,-6.37,Asia,Quốc Gia
Maldives,MDV,2040,564801,682458,117657,20.83,11.59,4.62,-6.97,Asia,Quốc Gia
Maldives,MDV,2041,567609,692522,124913,22.01,12.24,4.63,-7.61,Asia,Quốc Gia
Maldives,MDV,2042,570382,702585,132203,23.18,12.93,4.64,-8.29,Asia,Quốc Gia
Maldives,MDV,2043,573140,712648,139508,24.34,13.68,4.65,-9.03,Asia,Quốc Gia
Maldives,MDV,2044,575813,722712,146899,25.51,14.5,4.65,-9.85,Asia,Quốc Gia
Maldives,MDV,2045,578461,732775,154314,26.68,15.4,4.66,-10.74,Asia,Quốc Gia
Maldives,MDV,2046,581029,742839,161810,27.85,16.4,4.67,-11.73,Asia,Quốc Gia
Maldives,MDV,2047,583396,752902,169506,29.06,17.51,4.68,-12.83,Asia,Quốc Gia
Maldives,MDV,2048,585723,762965,177242,30.26,18.74,4.68,-14.06,Asia,Quốc Gia
Maldives,MDV,2049,587991,773029,185038,31.47,20.07,4.69,-15.38,Asia,Quốc Gia
Maldives,MDV,2050,589963,783092,193129,32.74,21.48,4.7,-16.78,Asia,Quốc Gia
Mali,MLI,2027,26679174,25167027,-1512147,-5.67,2.33,2.37,0.04,Africa,Quốc Gia
Mali,MLI,2028,27440613,25671013,-1769600,-6.45,2.32,2.35,0.03,Africa,Quốc Gia
Mali,MLI,2029,28215515,26174999,-2040516,-7.23,2.31,2.34,0.03,Africa,Quốc Gia
Mali,MLI,2030,29002867,26678984,-2323883,-8.01,2.3,2.32,0.02,Africa,Quốc Gia
Mali,MLI,2031,29804546,27182970,-2621576,-8.8,2.31,2.31,0.0,Africa,Quốc Gia
Mali,MLI,2032,30618896,27686956,-2931940,-9.58,2.31,2.3,-0.01,Africa,Quốc Gia
Mali,MLI,2033,31442803,28190942,-3251861,-10.34,2.33,2.29,-0.04,Africa,Quốc Gia
Mali,MLI,2034,32276675,28694928,-3581747,-11.1,2.35,2.27,-0.08,Africa,Quốc Gia
Mali,MLI,2035,33118347,29198914,-3919433,-11.83,2.38,2.26,-0.12,Africa,Quốc Gia
Mali,MLI,2036,33967892,29702900,-4264992,-12.56,2.42,2.25,-0.17,Africa,Quốc Gia
Mali,MLI,2037,34823451,30206885,-4616566,-13.26,2.46,2.24,-0.22,Africa,Quốc Gia
Mali,MLI,2038,35685579,30710871,-4974708,-13.94,2.51,2.23,-0.28,Africa,Quốc Gia
Mali,MLI,2039,36549488,31214857,-5334631,-14.6,2.57,2.22,-0.35,Africa,Quốc Gia
Mali,MLI,2040,37413644,31718843,-5694801,-15.22,2.64,2.21,-0.43,Africa,Quốc Gia
Mali,MLI,2041,38280872,32222829,-6058043,-15.83,2.71,2.2,-0.51,Africa,Quốc Gia
Mali,MLI,2042,39151281,32726815,-6424466,-16.41,2.79,2.19,-0.6,Africa,Quốc Gia
Mali,MLI,2043,40026321,33230801,-6795520,-16.98,2.87,2.19,-0.68,Africa,Quốc Gia
Mali,MLI,2044,40902504,33734786,-7167718,-17.52,2.95,2.18,-0.77,Africa,Quốc Gia
Mali,MLI,2045,41778987,34238772,-7540215,-18.05,3.04,2.17,-0.87,Africa,Quốc Gia
Mali,MLI,2046,42655646,34742758,-7912888,-18.55,3.13,2.16,-0.97,Africa,Quốc Gia
Mali,MLI,2047,43530856,35246744,-8284112,-19.03,3.22,2.15,-1.07,Africa,Quốc Gia
Mali,MLI,2048,44405719,35750730,-8654989,-19.49,3.31,2.15,-1.16,Africa,Quốc Gia
Mali,MLI,2049,45279775,36254716,-9025059,-19.93,3.39,2.14,-1.25,Africa,Quốc Gia
Mali,MLI,2050,46154082,36758702,-9395380,-20.36,3.47,2.13,-1.34,Africa,Quốc Gia
Malta,MLT,2027,550979,534513,-16466,-2.99,21.25,20.72,-0.53,Europe,Quốc Gia
Malta,MLT,2028,552714,539789,-12925,-2.34,21.58,20.95,-0.63,Europe,Quốc Gia
Malta,MLT,2029,554109,545064,-9045,-1.63,21.86,21.17,-0.69,Europe,Quốc Gia
Malta,MLT,2030,555234,550340,-4894,-0.88,22.11,21.39,-0.72,Europe,Quốc Gia
Malta,MLT,2031,556125,555615,-510,-0.09,22.31,21.61,-0.7,Europe,Quốc Gia
Malta,MLT,2032,556784,560890,4106,0.74,22.49,21.83,-0.66,Europe,Quốc Gia
Malta,MLT,2033,557115,566166,9051,1.62,22.69,22.04,-0.65,Europe,Quốc Gia
Malta,MLT,2034,556977,571441,14464,2.6,22.89,22.24,-0.65,Europe,Quốc Gia
Malta,MLT,2035,556512,576717,20205,3.63,23.11,22.44,-0.67,Europe,Quốc Gia
Malta,MLT,2036,555888,581992,26104,4.7,23.37,22.64,-0.73,Europe,Quốc Gia
Malta,MLT,2037,555100,587267,32167,5.79,23.67,22.84,-0.83,Europe,Quốc Gia
Malta,MLT,2038,554105,592543,38438,6.94,23.99,23.03,-0.96,Europe,Quốc Gia
Malta,MLT,2039,552937,597818,44881,8.12,24.35,23.22,-1.13,Europe,Quốc Gia
Malta,MLT,2040,551743,603094,51351,9.31,24.76,23.4,-1.36,Europe,Quốc Gia
Malta,MLT,2041,550464,608369,57905,10.52,25.22,23.58,-1.64,Europe,Quốc Gia
Malta,MLT,2042,549122,613644,64522,11.75,25.69,23.76,-1.93,Europe,Quốc Gia
Malta,MLT,2043,547711,618920,71209,13.0,26.18,23.94,-2.24,Europe,Quốc Gia
Malta,MLT,2044,546197,624195,77998,14.28,26.69,24.11,-2.58,Europe,Quốc Gia
Malta,MLT,2045,544637,629471,84834,15.58,27.23,24.28,-2.95,Europe,Quốc Gia
Malta,MLT,2046,543003,634746,91743,16.9,27.79,24.44,-3.35,Europe,Quốc Gia
Malta,MLT,2047,541214,640021,98807,18.26,28.4,24.61,-3.79,Europe,Quốc Gia
Malta,MLT,2048,539335,645297,105962,19.65,29.08,24.77,-4.31,Europe,Quốc Gia
Malta,MLT,2049,537585,650572,112987,21.02,29.75,24.93,-4.82,Europe,Quốc Gia
Malta,MLT,2050,535728,655847,120119,22.42,30.45,25.08,-5.37,Europe,Quốc Gia
Marshall Islands,MHL,2027,33998,40966,6968,20.5,5.41,4.06,-1.35,Oceania,Quốc Gia
Marshall Islands,MHL,2028,32999,40575,7576,22.96,5.69,4.15,-1.54,Oceania,Quốc Gia
Marshall Islands,MHL,2029,32075,40184,8109,25.28,6.04,4.24,-1.8,Oceania,Quốc Gia
Marshall Islands,MHL,2030,31211,39793,8582,27.5,6.38,4.33,-2.05,Oceania,Quốc Gia
Marshall Islands,MHL,2031,30440,39402,8962,29.44,6.74,4.43,-2.31,Oceania,Quốc Gia
Marshall Islands,MHL,2032,29760,39010,9250,31.08,7.07,4.52,-2.55,Oceania,Quốc Gia
Marshall Islands,MHL,2033,29161,38619,9458,32.43,7.41,4.62,-2.79,Oceania,Quốc Gia
Marshall Islands,MHL,2034,28627,38228,9601,33.54,7.76,4.72,-3.04,Oceania,Quốc Gia
Marshall Islands,MHL,2035,28165,37837,9672,34.34,8.11,4.82,-3.29,Oceania,Quốc Gia
Marshall Islands,MHL,2036,27769,37446,9677,34.85,8.5,4.93,-3.57,Oceania,Quốc Gia
Marshall Islands,MHL,2037,27423,37055,9632,35.12,8.86,5.03,-3.83,Oceania,Quốc Gia
Marshall Islands,MHL,2038,27110,36664,9554,35.24,9.16,5.14,-4.02,Oceania,Quốc Gia
Marshall Islands,MHL,2039,26854,36273,9419,35.07,9.5,5.25,-4.25,Oceania,Quốc Gia
Marshall Islands,MHL,2040,26616,35882,9266,34.81,9.85,5.36,-4.49,Oceania,Quốc Gia
Marshall Islands,MHL,2041,26413,35491,9078,34.37,10.18,5.48,-4.7,Oceania,Quốc Gia
Marshall Islands,MHL,2042,26234,35100,8866,33.8,10.49,5.6,-4.89,Oceania,Quốc Gia
Marshall Islands,MHL,2043,26071,34708,8637,33.13,10.82,5.72,-5.1,Oceania,Quốc Gia
Marshall Islands,MHL,2044,25930,34317,8387,32.34,11.16,5.84,-5.32,Oceania,Quốc Gia
Marshall Islands,MHL,2045,25794,33926,8132,31.53,11.5,5.97,-5.53,Oceania,Quốc Gia
Marshall Islands,MHL,2046,25670,33535,7865,30.64,11.89,6.1,-5.79,Oceania,Quốc Gia
Marshall Islands,MHL,2047,25560,33144,7584,29.67,12.23,6.23,-6.0,Oceania,Quốc Gia
Marshall Islands,MHL,2048,25446,32753,7307,28.72,12.51,6.37,-6.14,Oceania,Quốc Gia
Marshall Islands,MHL,2049,25328,32362,7034,27.77,12.73,6.51,-6.22,Oceania,Quốc Gia
Marshall Islands,MHL,2050,25212,31971,6759,26.81,12.89,6.65,-6.24,Oceania,Quốc Gia
Martinique,MTQ,2027,335096,344503,9407,2.81,28.34,25.85,-2.49,North America,Quốc Gia
Martinique,MTQ,2028,332568,341978,9410,2.83,29.38,26.5,-2.88,North America,Quốc Gia
Martinique,MTQ,2029,330067,339454,9387,2.84,30.37,27.15,-3.22,North America,Quốc Gia
Martinique,MTQ,2030,327639,336929,9290,2.84,31.37,27.82,-3.55,North America,Quốc Gia
Martinique,MTQ,2031,325290,334404,9114,2.8,32.3,28.5,-3.8,North America,Quốc Gia
Martinique,MTQ,2032,322992,331880,8888,2.75,33.16,29.18,-3.98,North America,Quốc Gia
Martinique,MTQ,2033,320737,329355,8618,2.69,33.97,29.88,-4.09,North America,Quốc Gia
Martinique,MTQ,2034,318529,326830,8301,2.61,34.6,30.59,-4.01,North America,Quốc Gia
Martinique,MTQ,2035,316349,324306,7957,2.52,35.19,31.3,-3.89,North America,Quốc Gia
Martinique,MTQ,2036,314206,321781,7575,2.41,35.81,32.03,-3.78,North America,Quốc Gia
Martinique,MTQ,2037,312092,319257,7165,2.3,36.35,32.78,-3.57,North America,Quốc Gia
Martinique,MTQ,2038,310028,316732,6704,2.16,36.73,33.53,-3.2,North America,Quốc Gia
Martinique,MTQ,2039,307959,314207,6248,2.03,36.95,34.29,-2.66,North America,Quốc Gia
Martinique,MTQ,2040,305856,311683,5827,1.91,37.1,35.07,-2.03,North America,Quốc Gia
Martinique,MTQ,2041,303710,309158,5448,1.79,37.11,35.86,-1.25,North America,Quốc Gia
Martinique,MTQ,2042,301528,306633,5105,1.69,36.95,36.67,-0.28,North America,Quốc Gia
Martinique,MTQ,2043,299286,304109,4823,1.61,36.73,37.48,0.75,North America,Quốc Gia
Martinique,MTQ,2044,297010,301584,4574,1.54,36.5,38.31,1.81,North America,Quốc Gia
Martinique,MTQ,2045,294693,299059,4366,1.48,36.29,39.16,2.87,North America,Quốc Gia
Martinique,MTQ,2046,292321,296535,4214,1.44,36.07,40.01,3.94,North America,Quốc Gia
Martinique,MTQ,2047,289883,294010,4127,1.42,35.88,40.89,5.01,North America,Quốc Gia
Martinique,MTQ,2048,287349,291486,4137,1.44,35.65,41.78,6.13,North America,Quốc Gia
Martinique,MTQ,2049,284731,288961,4230,1.49,35.39,42.68,7.29,North America,Quốc Gia
Martinique,MTQ,2050,282076,286436,4360,1.55,35.17,43.6,8.43,North America,Quốc Gia
Mauritania,MRT,2027,5608793,5277947,-330846,-5.9,3.3,3.37,0.07,Africa,Quốc Gia
Mauritania,MRT,2028,5757961,5378244,-379717,-6.59,3.32,3.37,0.05,Africa,Quốc Gia
Mauritania,MRT,2029,5909196,5478541,-430655,-7.29,3.36,3.38,0.02,Africa,Quốc Gia
Mauritania,MRT,2030,6062533,5578838,-483695,-7.98,3.39,3.38,-0.01,Africa,Quốc Gia
Mauritania,MRT,2031,6217799,5679136,-538663,-8.66,3.43,3.38,-0.05,Africa,Quốc Gia
Mauritania,MRT,2032,6374849,5779433,-595416,-9.34,3.47,3.39,-0.08,Africa,Quốc Gia
Mauritania,MRT,2033,6533838,5879730,-654108,-10.01,3.51,3.39,-0.12,Africa,Quốc Gia
Mauritania,MRT,2034,6694456,5980027,-714429,-10.67,3.56,3.39,-0.17,Africa,Quốc Gia
Mauritania,MRT,2035,6856325,6080324,-776001,-11.32,3.61,3.39,-0.22,Africa,Quốc Gia
Mauritania,MRT,2036,7019237,6180621,-838616,-11.95,3.67,3.4,-0.27,Africa,Quốc Gia
Mauritania,MRT,2037,7183114,6280918,-902196,-12.56,3.72,3.4,-0.32,Africa,Quốc Gia
Mauritania,MRT,2038,7348369,6381215,-967154,-13.16,3.78,3.4,-0.38,Africa,Quốc Gia
Mauritania,MRT,2039,7514746,6481512,-1033234,-13.75,3.83,3.4,-0.43,Africa,Quốc Gia
Mauritania,MRT,2040,7681918,6581809,-1100109,-14.32,3.89,3.4,-0.49,Africa,Quốc Gia
Mauritania,MRT,2041,7850223,6682106,-1168117,-14.88,3.95,3.41,-0.54,Africa,Quốc Gia
Mauritania,MRT,2042,8020493,6782403,-1238090,-15.44,4.01,3.41,-0.6,Africa,Quốc Gia
Mauritania,MRT,2043,8192552,6882700,-1309852,-15.99,4.08,3.41,-0.67,Africa,Quốc Gia
Mauritania,MRT,2044,8365184,6982997,-1382187,-16.52,4.15,3.41,-0.74,Africa,Quốc Gia
Mauritania,MRT,2045,8538534,7083294,-1455240,-17.04,4.22,3.41,-0.81,Africa,Quốc Gia
Mauritania,MRT,2046,8713260,7183591,-1529669,-17.56,4.3,3.41,-0.89,Africa,Quốc Gia
Mauritania,MRT,2047,8888479,7283888,-1604591,-18.05,4.38,3.42,-0.96,Africa,Quốc Gia
Mauritania,MRT,2048,9064222,7384185,-1680037,-18.53,4.47,3.42,-1.05,Africa,Quốc Gia
Mauritania,MRT,2049,9240184,7484482,-1755702,-19.0,4.56,3.42,-1.14,Africa,Quốc Gia
Mauritania,MRT,2050,9415604,7584779,-1830825,-19.44,4.66,3.42,-1.24,Africa,Quốc Gia
Mauritius,MUS,2027,1261637,1313623,51986,4.12,15.32,12.82,-2.5,Africa,Quốc Gia
Mauritius,MUS,2028,1258042,1317125,59083,4.7,15.94,13.06,-2.88,Africa,Quốc Gia
Mauritius,MUS,2029,1254282,1320627,66345,5.29,16.56,13.31,-3.25,Africa,Quốc Gia
Mauritius,MUS,2030,1250435,1324130,73695,5.89,17.15,13.54,-3.61,Africa,Quốc Gia
Mauritius,MUS,2031,1246400,1327632,81232,6.52,17.71,13.78,-3.93,Africa,Quốc Gia
Mauritius,MUS,2032,1242018,1331134,89116,7.18,18.22,14.02,-4.2,Africa,Quốc Gia
Mauritius,MUS,2033,1237320,1334637,97317,7.87,18.67,14.25,-4.42,Africa,Quốc Gia
Mauritius,MUS,2034,1232300,1338139,105839,8.59,19.07,14.49,-4.58,Africa,Quốc Gia
Mauritius,MUS,2035,1226958,1341641,114683,9.35,19.44,14.72,-4.72,Africa,Quốc Gia
Mauritius,MUS,2036,1221290,1345144,123854,10.14,19.78,14.95,-4.83,Africa,Quốc Gia
Mauritius,MUS,2037,1215307,1348646,133339,10.97,20.11,15.18,-4.93,Africa,Quốc Gia
Mauritius,MUS,2038,1209017,1352148,143131,11.84,20.44,15.41,-5.03,Africa,Quốc Gia
Mauritius,MUS,2039,1202329,1355651,153322,12.75,20.8,15.64,-5.16,Africa,Quốc Gia
Mauritius,MUS,2040,1195227,1359153,163926,13.72,21.19,15.86,-5.33,Africa,Quốc Gia
Mauritius,MUS,2041,1187766,1362655,174889,14.72,21.62,16.09,-5.53,Africa,Quốc Gia
Mauritius,MUS,2042,1179991,1366158,186167,15.78,22.11,16.31,-5.8,Africa,Quốc Gia
Mauritius,MUS,2043,1171870,1369660,197790,16.88,22.66,16.54,-6.12,Africa,Quốc Gia
Mauritius,MUS,2044,1163406,1373162,209756,18.03,23.25,16.76,-6.49,Africa,Quốc Gia
Mauritius,MUS,2045,1154665,1376665,222000,19.23,23.85,16.98,-6.87,Africa,Quốc Gia
Mauritius,MUS,2046,1145612,1380167,234555,20.47,24.42,17.2,-7.22,Africa,Quốc Gia
Mauritius,MUS,2047,1136305,1383669,247364,21.77,24.92,17.42,-7.5,Africa,Quốc Gia
Mauritius,MUS,2048,1126766,1387172,260406,23.11,25.36,17.64,-7.72,Africa,Quốc Gia
Mauritius,MUS,2049,1117042,1390674,273632,24.5,25.73,17.85,-7.88,Africa,Quốc Gia
Mauritius,MUS,2050,1107198,1394176,286978,25.92,26.09,18.07,-8.02,Africa,Quốc Gia
Mayotte,MYT,2027,358147,334811,-23336,-6.52,2.97,2.7,-0.27,Africa,Quốc Gia
Mayotte,MYT,2028,368851,341651,-27200,-7.37,3.06,2.71,-0.35,Africa,Quốc Gia
Mayotte,MYT,2029,379641,348491,-31150,-8.21,3.16,2.72,-0.44,Africa,Quốc Gia
Mayotte,MYT,2030,390543,355330,-35213,-9.02,3.29,2.72,-0.57,Africa,Quốc Gia
Mayotte,MYT,2031,401574,362170,-39404,-9.81,3.45,2.73,-0.72,Africa,Quốc Gia
Mayotte,MYT,2032,412781,369010,-43771,-10.6,3.56,2.73,-0.83,Africa,Quốc Gia
Mayotte,MYT,2033,424094,375849,-48245,-11.38,3.67,2.73,-0.94,Africa,Quốc Gia
Mayotte,MYT,2034,435513,382689,-52824,-12.13,3.79,2.74,-1.05,Africa,Quốc Gia
Mayotte,MYT,2035,447068,389529,-57539,-12.87,3.9,2.74,-1.16,Africa,Quốc Gia
Mayotte,MYT,2036,458801,396369,-62432,-13.61,4.0,2.75,-1.25,Africa,Quốc Gia
Mayotte,MYT,2037,470808,403208,-67600,-14.36,4.12,2.75,-1.37,Africa,Quốc Gia
Mayotte,MYT,2038,482997,410048,-72949,-15.1,4.27,2.75,-1.52,Africa,Quốc Gia
Mayotte,MYT,2039,495421,416888,-78533,-15.85,4.43,2.76,-1.67,Africa,Quốc Gia
Mayotte,MYT,2040,508074,423727,-84347,-16.6,4.63,2.76,-1.87,Africa,Quốc Gia
Mayotte,MYT,2041,521035,430567,-90468,-17.36,4.89,2.77,-2.12,Africa,Quốc Gia
Mayotte,MYT,2042,534267,437407,-96860,-18.13,5.11,2.77,-2.34,Africa,Quốc Gia
Mayotte,MYT,2043,547627,444246,-103381,-18.88,5.32,2.77,-2.55,Africa,Quốc Gia
Mayotte,MYT,2044,561102,451086,-110016,-19.61,5.52,2.77,-2.75,Africa,Quốc Gia
Mayotte,MYT,2045,574861,457926,-116935,-20.34,5.72,2.78,-2.94,Africa,Quốc Gia
Mayotte,MYT,2046,588847,464766,-124081,-21.07,5.93,2.78,-3.15,Africa,Quốc Gia
Mayotte,MYT,2047,602918,471605,-131313,-21.78,6.15,2.78,-3.37,Africa,Quốc Gia
Mayotte,MYT,2048,617095,478445,-138650,-22.47,6.34,2.79,-3.55,Africa,Quốc Gia
Mayotte,MYT,2049,631302,485285,-146017,-23.13,6.55,2.79,-3.76,Africa,Quốc Gia
Mayotte,MYT,2050,645436,492124,-153312,-23.75,6.79,2.79,-4.0,Africa,Quốc Gia
Mexico,MEX,2027,134017705,136432141,2414436,1.8,9.1,8.15,-0.95,North America,Quốc Gia
Mexico,MEX,2028,135008690,137825430,2816740,2.09,9.4,8.24,-1.16,North America,Quốc Gia
Mexico,MEX,2029,135970887,139218719,3247832,2.39,9.71,8.32,-1.39,North America,Quốc Gia
Mexico,MEX,2030,136904741,140612009,3707268,2.71,10.03,8.4,-1.63,North America,Quốc Gia
Mexico,MEX,2031,137811060,142005298,4194238,3.04,10.36,8.48,-1.88,North America,Quốc Gia
Mexico,MEX,2032,138690185,143398587,4708402,3.39,10.69,8.56,-2.13,North America,Quốc Gia
Mexico,MEX,2033,139542082,144791876,5249794,3.76,11.03,8.64,-2.39,North America,Quốc Gia
Mexico,MEX,2034,140362019,146185165,5823146,4.15,11.37,8.71,-2.66,North America,Quốc Gia
Mexico,MEX,2035,141150812,147578454,6427642,4.55,11.72,8.79,-2.93,North America,Quốc Gia
Mexico,MEX,2036,141909164,148971743,7062579,4.98,12.07,8.86,-3.21,North America,Quốc Gia
Mexico,MEX,2037,142637539,150365033,7727494,5.42,12.43,8.93,-3.5,North America,Quốc Gia
Mexico,MEX,2038,143336217,151758322,8422105,5.88,12.8,9.0,-3.8,North America,Quốc Gia
Mexico,MEX,2039,143998289,153151611,9153322,6.36,13.16,9.07,-4.09,North America,Quốc Gia
Mexico,MEX,2040,144624325,154544900,9920575,6.86,13.51,9.14,-4.37,North America,Quốc Gia
Mexico,MEX,2041,145217775,155938189,10720414,7.38,13.85,9.21,-4.64,North America,Quốc Gia
Mexico,MEX,2042,145777455,157331478,11554023,7.93,14.19,9.27,-4.92,North America,Quốc Gia
Mexico,MEX,2043,146300007,158724767,12424760,8.49,14.53,9.33,-5.2,North America,Quốc Gia
Mexico,MEX,2044,146787717,160118057,13330340,9.08,14.87,9.4,-5.47,North America,Quốc Gia
Mexico,MEX,2045,147240092,161511346,14271254,9.69,15.2,9.46,-5.74,North America,Quốc Gia
Mexico,MEX,2046,147654154,162904635,15250481,10.33,15.54,9.52,-6.02,North America,Quốc Gia
Mexico,MEX,2047,148030146,164297924,16267778,10.99,15.89,9.58,-6.31,North America,Quốc Gia
Mexico,MEX,2048,148372227,165691213,17318986,11.67,16.24,9.64,-6.6,North America,Quốc Gia
Mexico,MEX,2049,148677885,167084502,18406617,12.38,16.58,9.7,-6.88,North America,Quốc Gia
Mexico,MEX,2050,148946266,168477791,19531525,13.11,16.94,9.75,-7.19,North America,Quốc Gia
Micronesia (country),FSM,2027,114714,111052,-3662,-3.19,6.53,5.52,-1.01,Oceania,Quốc Gia
Micronesia (country),FSM,2028,115264,111078,-4186,-3.63,6.69,5.61,-1.08,Oceania,Quốc Gia
Micronesia (country),FSM,2029,115810,111104,-4706,-4.06,6.83,5.7,-1.13,Oceania,Quốc Gia
Micronesia (country),FSM,2030,116363,111131,-5232,-4.5,6.97,5.78,-1.19,Oceania,Quốc Gia
Micronesia (country),FSM,2031,116923,111157,-5766,-4.93,7.09,5.87,-1.22,Oceania,Quốc Gia
Micronesia (country),FSM,2032,117470,111183,-6287,-5.35,7.16,5.96,-1.2,Oceania,Quốc Gia
Micronesia (country),FSM,2033,118034,111209,-6825,-5.78,7.23,6.05,-1.18,Oceania,Quốc Gia
Micronesia (country),FSM,2034,118593,111236,-7357,-6.2,7.31,6.13,-1.18,Oceania,Quốc Gia
Micronesia (country),FSM,2035,119158,111262,-7896,-6.63,7.39,6.22,-1.17,Oceania,Quốc Gia
Micronesia (country),FSM,2036,119689,111288,-8401,-7.02,7.41,6.31,-1.1,Oceania,Quốc Gia
Micronesia (country),FSM,2037,120223,111314,-8909,-7.41,7.42,6.39,-1.03,Oceania,Quốc Gia
Micronesia (country),FSM,2038,120746,111341,-9405,-7.79,7.46,6.48,-0.98,Oceania,Quốc Gia
Micronesia (country),FSM,2039,121224,111367,-9857,-8.13,7.49,6.57,-0.92,Oceania,Quốc Gia
Micronesia (country),FSM,2040,121689,111393,-10296,-8.46,7.53,6.65,-0.88,Oceania,Quốc Gia
Micronesia (country),FSM,2041,122170,111419,-10751,-8.8,7.55,6.74,-0.81,Oceania,Quốc Gia
Micronesia (country),FSM,2042,122638,111446,-11192,-9.13,7.55,6.83,-0.72,Oceania,Quốc Gia
Micronesia (country),FSM,2043,123116,111472,-11644,-9.46,7.53,6.91,-0.62,Oceania,Quốc Gia
Micronesia (country),FSM,2044,123609,111498,-12111,-9.8,7.53,7.0,-0.53,Oceania,Quốc Gia
Micronesia (country),FSM,2045,124075,111524,-12551,-10.12,7.55,7.09,-0.46,Oceania,Quốc Gia
Micronesia (country),FSM,2046,124551,111551,-13000,-10.44,7.57,7.17,-0.4,Oceania,Quốc Gia
Micronesia (country),FSM,2047,125025,111577,-13448,-10.76,7.58,7.26,-0.32,Oceania,Quốc Gia
Micronesia (country),FSM,2048,125501,111603,-13898,-11.07,7.62,7.35,-0.27,Oceania,Quốc Gia
Micronesia (country),FSM,2049,125969,111629,-14340,-11.38,7.67,7.43,-0.24,Oceania,Quốc Gia
Micronesia (country),FSM,2050,126420,111656,-14764,-11.68,7.73,7.52,-0.21,Oceania,Quốc Gia
Moldova,MDA,2027,2932389,2761248,-171141,-5.84,17.88,16.2,-1.68,Europe,Quốc Gia
Moldova,MDA,2028,2903496,2708440,-195056,-6.72,18.25,16.57,-1.68,Europe,Quốc Gia
Moldova,MDA,2029,2874453,2655633,-218820,-7.61,18.53,16.95,-1.58,Europe,Quốc Gia
Moldova,MDA,2030,2845245,2602825,-242420,-8.52,18.72,17.35,-1.37,Europe,Quốc Gia
Moldova,MDA,2031,2816264,2550018,-266246,-9.45,18.86,17.76,-1.1,Europe,Quốc Gia
Moldova,MDA,2032,2787672,2497211,-290461,-10.42,18.98,18.19,-0.79,Europe,Quốc Gia
Moldova,MDA,2033,2759081,2444403,-314678,-11.41,19.07,18.64,-0.43,Europe,Quốc Gia
Moldova,MDA,2034,2730470,2391596,-338874,-12.41,19.13,19.11,-0.02,Europe,Quốc Gia
Moldova,MDA,2035,2702009,2338788,-363221,-13.44,19.17,19.6,0.43,Europe,Quốc Gia
Moldova,MDA,2036,2674096,2285981,-388115,-14.51,19.22,20.11,0.89,Europe,Quốc Gia
Moldova,MDA,2037,2646892,2233174,-413718,-15.63,19.3,20.65,1.35,Europe,Quốc Gia
Moldova,MDA,2038,2620268,2180366,-439902,-16.79,19.38,21.21,1.83,Europe,Quốc Gia
Moldova,MDA,2039,2594116,2127559,-466557,-17.99,19.47,21.81,2.34,Europe,Quốc Gia
Moldova,MDA,2040,2568812,2074751,-494061,-19.23,19.56,22.43,2.87,Europe,Quốc Gia
Moldova,MDA,2041,2544679,2021944,-522735,-20.54,19.65,23.08,3.43,Europe,Quốc Gia
Moldova,MDA,2042,2521344,1969137,-552207,-21.9,19.74,23.77,4.03,Europe,Quốc Gia
Moldova,MDA,2043,2498526,1916329,-582197,-23.3,19.83,24.5,4.67,Europe,Quốc Gia
Moldova,MDA,2044,2476482,1863522,-612960,-24.75,19.94,25.27,5.33,Europe,Quốc Gia
Moldova,MDA,2045,2454938,1810714,-644224,-26.24,20.1,26.08,5.98,Europe,Quốc Gia
Moldova,MDA,2046,2433769,1757907,-675862,-27.77,20.27,26.94,6.67,Europe,Quốc Gia
Moldova,MDA,2047,2413189,1705100,-708089,-29.34,20.48,27.86,7.38,Europe,Quốc Gia
Moldova,MDA,2048,2392885,1652292,-740593,-30.95,20.77,28.83,8.06,Europe,Quốc Gia
Moldova,MDA,2049,2372358,1599485,-772873,-32.58,21.15,29.87,8.72,Europe,Quốc Gia
Moldova,MDA,2050,2351806,1546677,-805129,-34.23,21.6,30.98,9.38,Europe,Quốc Gia
Monaco,MCO,2027,37891,39357,1466,3.87,35.37,37.48,2.11,Europe,Quốc Gia
Monaco,MCO,2028,37695,39630,1935,5.13,35.28,37.94,2.66,Europe,Quốc Gia
Monaco,MCO,2029,37528,39903,2375,6.33,35.18,38.38,3.2,Europe,Quốc Gia
Monaco,MCO,2030,37392,40177,2785,7.45,35.08,38.83,3.75,Europe,Quốc Gia
Monaco,MCO,2031,37267,40450,3183,8.54,34.97,39.26,4.29,Europe,Quốc Gia
Monaco,MCO,2032,37156,40723,3567,9.6,34.93,39.69,4.76,Europe,Quốc Gia
Monaco,MCO,2033,37065,40996,3931,10.61,34.86,40.11,5.25,Europe,Quốc Gia
Monaco,MCO,2034,36988,41269,4281,11.57,34.65,40.53,5.88,Europe,Quốc Gia
Monaco,MCO,2035,36915,41542,4627,12.53,34.4,40.95,6.55,Europe,Quốc Gia
Monaco,MCO,2036,36847,41816,4969,13.49,34.09,41.35,7.26,Europe,Quốc Gia
Monaco,MCO,2037,36783,42089,5306,14.43,33.73,41.76,8.03,Europe,Quốc Gia
Monaco,MCO,2038,36734,42362,5628,15.32,33.33,42.15,8.82,Europe,Quốc Gia
Monaco,MCO,2039,36695,42635,5940,16.19,32.97,42.54,9.57,Europe,Quốc Gia
Monaco,MCO,2040,36652,42908,6256,17.07,32.6,42.93,10.33,Europe,Quốc Gia
Monaco,MCO,2041,36593,43181,6588,18.0,32.15,43.31,11.16,Europe,Quốc Gia
Monaco,MCO,2042,36565,43454,6889,18.84,31.68,43.69,12.01,Europe,Quốc Gia
Monaco,MCO,2043,36547,43728,7181,19.65,31.24,44.06,12.82,Europe,Quốc Gia
Monaco,MCO,2044,36542,44001,7459,20.41,30.83,44.43,13.6,Europe,Quốc Gia
Monaco,MCO,2045,36548,44274,7726,21.14,30.41,44.79,14.38,Europe,Quốc Gia
Monaco,MCO,2046,36563,44547,7984,21.84,30.0,45.15,15.15,Europe,Quốc Gia
Monaco,MCO,2047,36597,44820,8223,22.47,29.6,45.51,15.91,Europe,Quốc Gia
Monaco,MCO,2048,36647,45093,8446,23.05,29.2,45.86,16.66,Europe,Quốc Gia
Monaco,MCO,2049,36704,45366,8662,23.6,28.8,46.2,17.4,Europe,Quốc Gia
Monaco,MCO,2050,36781,45640,8859,24.09,28.42,46.54,18.12,Europe,Quốc Gia
Mongolia,MNG,2027,3595189,3512963,-82226,-2.29,6.06,4.79,-1.27,Asia,Quốc Gia
Mongolia,MNG,2028,3632659,3553260,-79399,-2.19,6.38,4.83,-1.55,Asia,Quốc Gia
Mongolia,MNG,2029,3669205,3593557,-75648,-2.06,6.71,4.86,-1.85,Asia,Quốc Gia
Mongolia,MNG,2030,3705232,3633854,-71378,-1.93,7.04,4.9,-2.14,Asia,Quốc Gia
Mongolia,MNG,2031,3740970,3674151,-66819,-1.79,7.36,4.93,-2.43,Asia,Quốc Gia
Mongolia,MNG,2032,3776886,3714448,-62438,-1.65,7.67,4.96,-2.71,Asia,Quốc Gia
Mongolia,MNG,2033,3813636,3754745,-58891,-1.54,7.97,5.0,-2.97,Asia,Quốc Gia
Mongolia,MNG,2034,3851300,3795042,-56258,-1.46,8.27,5.03,-3.24,Asia,Quốc Gia
Mongolia,MNG,2035,3889780,3835339,-54441,-1.4,8.56,5.06,-3.5,Asia,Quốc Gia
Mongolia,MNG,2036,3929160,3875636,-53524,-1.36,8.84,5.09,-3.75,Asia,Quốc Gia
Mongolia,MNG,2037,3969716,3915933,-53783,-1.35,9.13,5.12,-4.01,Asia,Quốc Gia
Mongolia,MNG,2038,4011059,3956230,-54829,-1.37,9.41,5.15,-4.26,Asia,Quốc Gia
Mongolia,MNG,2039,4053026,3996527,-56499,-1.39,9.69,5.18,-4.51,Asia,Quốc Gia
Mongolia,MNG,2040,4095554,4036824,-58730,-1.43,9.96,5.2,-4.76,Asia,Quốc Gia
Mongolia,MNG,2041,4138386,4077121,-61265,-1.48,10.23,5.23,-5.0,Asia,Quốc Gia
Mongolia,MNG,2042,4181473,4117418,-64055,-1.53,10.5,5.26,-5.24,Asia,Quốc Gia
Mongolia,MNG,2043,4224216,4157715,-66501,-1.57,10.76,5.28,-5.48,Asia,Quốc Gia
Mongolia,MNG,2044,4266561,4198012,-68549,-1.61,11.01,5.31,-5.7,Asia,Quốc Gia
Mongolia,MNG,2045,4308778,4238309,-70469,-1.64,11.25,5.34,-5.91,Asia,Quốc Gia
Mongolia,MNG,2046,4350077,4278606,-71471,-1.64,11.49,5.36,-6.13,Asia,Quốc Gia
Mongolia,MNG,2047,4389976,4318903,-71073,-1.62,11.73,5.39,-6.34,Asia,Quốc Gia
Mongolia,MNG,2048,4428537,4359200,-69337,-1.57,11.98,5.41,-6.57,Asia,Quốc Gia
Mongolia,MNG,2049,4465792,4399497,-66295,-1.48,12.26,5.43,-6.83,Asia,Quốc Gia
Mongolia,MNG,2050,4501492,4439794,-61698,-1.37,12.56,5.46,-7.1,Asia,Quốc Gia
Montenegro,MNE,2027,622868,621343,-1525,-0.24,19.17,18.38,-0.79,Europe,Quốc Gia
Montenegro,MNE,2028,619501,620901,1400,0.23,19.56,18.66,-0.9,Europe,Quốc Gia
Montenegro,MNE,2029,616060,620460,4400,0.71,19.93,18.94,-0.99,Europe,Quốc Gia
Montenegro,MNE,2030,612562,620018,7456,1.22,20.27,19.22,-1.05,Europe,Quốc Gia
Montenegro,MNE,2031,609026,619577,10551,1.73,20.61,19.5,-1.11,Europe,Quốc Gia
Montenegro,MNE,2032,605404,619135,13731,2.27,20.92,19.78,-1.14,Europe,Quốc Gia
Montenegro,MNE,2033,601713,618693,16980,2.82,21.19,20.06,-1.13,Europe,Quốc Gia
Montenegro,MNE,2034,597957,618252,20295,3.39,21.45,20.34,-1.11,Europe,Quốc Gia
Montenegro,MNE,2035,594142,617810,23668,3.98,21.71,20.63,-1.08,Europe,Quốc Gia
Montenegro,MNE,2036,590263,617369,27106,4.59,21.97,20.91,-1.06,Europe,Quốc Gia
Montenegro,MNE,2037,586349,616927,30578,5.21,22.24,21.19,-1.05,Europe,Quốc Gia
Montenegro,MNE,2038,582396,616485,34089,5.85,22.52,21.48,-1.04,Europe,Quốc Gia
Montenegro,MNE,2039,578425,616044,37619,6.5,22.8,21.76,-1.04,Europe,Quốc Gia
Montenegro,MNE,2040,574440,615602,41162,7.17,23.09,22.05,-1.04,Europe,Quốc Gia
Montenegro,MNE,2041,570439,615161,44722,7.84,23.38,22.33,-1.05,Europe,Quốc Gia
Montenegro,MNE,2042,566431,614719,48288,8.52,23.7,22.62,-1.08,Europe,Quốc Gia
Montenegro,MNE,2043,562395,614278,51883,9.23,24.04,22.9,-1.14,Europe,Quốc Gia
Montenegro,MNE,2044,558325,613836,55511,9.94,24.39,23.19,-1.2,Europe,Quốc Gia
Montenegro,MNE,2045,554233,613394,59161,10.67,24.74,23.48,-1.26,Europe,Quốc Gia
Montenegro,MNE,2046,550116,612953,62837,11.42,25.09,23.76,-1.33,Europe,Quốc Gia
Montenegro,MNE,2047,545944,612511,66567,12.19,25.47,24.05,-1.42,Europe,Quốc Gia
Montenegro,MNE,2048,541748,612070,70322,12.98,25.87,24.34,-1.53,Europe,Quốc Gia
Montenegro,MNE,2049,537548,611628,74080,13.78,26.25,24.63,-1.62,Europe,Quốc Gia
Montenegro,MNE,2050,533299,611186,77887,14.6,26.6,24.92,-1.68,Europe,Quốc Gia
Montserrat,MSR,2027,4326,3714,-612,-14.15,20.48,19.1,-1.38,North America,Quốc Gia
Montserrat,MSR,2028,4289,3632,-657,-15.32,21.08,19.43,-1.65,North America,Quốc Gia
Montserrat,MSR,2029,4256,3550,-706,-16.59,21.5,19.77,-1.73,North America,Quốc Gia
Montserrat,MSR,2030,4225,3468,-757,-17.92,21.7,20.14,-1.56,North America,Quốc Gia
Montserrat,MSR,2031,4196,3386,-810,-19.3,22.07,20.52,-1.55,North America,Quốc Gia
Montserrat,MSR,2032,4170,3304,-866,-20.77,22.64,20.91,-1.73,North America,Quốc Gia
Montserrat,MSR,2033,4132,3222,-910,-22.02,23.11,21.33,-1.78,North America,Quốc Gia
Montserrat,MSR,2034,4100,3140,-960,-23.41,23.46,21.77,-1.69,North America,Quốc Gia
Montserrat,MSR,2035,4073,3058,-1015,-24.92,23.64,22.24,-1.4,North America,Quốc Gia
Montserrat,MSR,2036,4038,2977,-1061,-26.28,23.82,22.73,-1.09,North America,Quốc Gia
Montserrat,MSR,2037,4007,2895,-1112,-27.75,24.18,23.24,-0.94,North America,Quốc Gia
Montserrat,MSR,2038,3984,2813,-1171,-29.39,24.42,23.79,-0.63,North America,Quốc Gia
Montserrat,MSR,2039,3960,2731,-1229,-31.04,24.57,24.37,-0.2,North America,Quốc Gia
Montserrat,MSR,2040,3929,2649,-1280,-32.58,24.69,24.99,0.3,North America,Quốc Gia
Montserrat,MSR,2041,3897,2567,-1330,-34.13,24.71,25.64,0.93,North America,Quốc Gia
Montserrat,MSR,2042,3871,2485,-1386,-35.8,24.88,26.34,1.46,North America,Quốc Gia
Montserrat,MSR,2043,3853,2403,-1450,-37.63,25.2,27.09,1.89,North America,Quốc Gia
Montserrat,MSR,2044,3834,2321,-1513,-39.46,25.38,27.89,2.51,North America,Quốc Gia
Montserrat,MSR,2045,3812,2239,-1573,-41.26,25.34,28.74,3.4,North America,Quốc Gia
Montserrat,MSR,2046,3789,2158,-1631,-43.05,25.2,29.67,4.47,North America,Quốc Gia
Montserrat,MSR,2047,3774,2076,-1698,-44.99,25.01,30.66,5.65,North America,Quốc Gia
Montserrat,MSR,2048,3752,1994,-1758,-46.86,25.05,31.74,6.69,North America,Quốc Gia
Montserrat,MSR,2049,3735,1912,-1823,-48.81,25.52,32.91,7.39,North America,Quốc Gia
Montserrat,MSR,2050,3716,1830,-1886,-50.75,25.91,34.18,8.27,North America,Quốc Gia
Morocco,MAR,2027,39080096,39371473,291377,0.75,9.09,7.76,-1.33,Africa,Quốc Gia
Morocco,MAR,2028,39384126,39777113,392987,1.0,9.41,7.86,-1.55,Africa,Quốc Gia
Morocco,MAR,2029,39674558,40182753,508195,1.28,9.71,7.95,-1.76,Africa,Quốc Gia
Morocco,MAR,2030,39953465,40588393,634928,1.59,10.0,8.05,-1.95,Africa,Quốc Gia
Morocco,MAR,2031,40221740,40994033,772293,1.92,10.3,8.14,-2.16,Africa,Quốc Gia
Morocco,MAR,2032,40477989,41399674,921685,2.28,10.59,8.23,-2.36,Africa,Quốc Gia
Morocco,MAR,2033,40722979,41805314,1082335,2.66,10.86,8.32,-2.54,Africa,Quốc Gia
Morocco,MAR,2034,40957245,42210954,1253709,3.06,11.14,8.4,-2.74,Africa,Quốc Gia
Morocco,MAR,2035,41182096,42616594,1434498,3.48,11.41,8.49,-2.92,Africa,Quốc Gia
Morocco,MAR,2036,41398227,43022234,1624007,3.92,11.69,8.57,-3.12,Africa,Quốc Gia
Morocco,MAR,2037,41604029,43427874,1823845,4.38,11.99,8.65,-3.34,Africa,Quốc Gia
Morocco,MAR,2038,41802271,43833515,2031244,4.86,12.28,8.73,-3.55,Africa,Quốc Gia
Morocco,MAR,2039,41990440,44239155,2248715,5.36,12.58,8.81,-3.77,Africa,Quốc Gia
Morocco,MAR,2040,42168206,44644795,2476589,5.87,12.89,8.89,-4.0,Africa,Quốc Gia
Morocco,MAR,2041,42339043,45050435,2711392,6.4,13.21,8.97,-4.24,Africa,Quốc Gia
Morocco,MAR,2042,42500326,45456075,2955749,6.95,13.53,9.04,-4.49,Africa,Quốc Gia
Morocco,MAR,2043,42650495,45861715,3211220,7.53,13.86,9.11,-4.75,Africa,Quốc Gia
Morocco,MAR,2044,42792503,46267356,3474853,8.12,14.2,9.19,-5.01,Africa,Quốc Gia
Morocco,MAR,2045,42925309,46672996,3747687,8.73,14.54,9.26,-5.28,Africa,Quốc Gia
Morocco,MAR,2046,43046178,47078636,4032458,9.37,14.9,9.33,-5.57,Africa,Quốc Gia
Morocco,MAR,2047,43158169,47484276,4326107,10.02,15.27,9.4,-5.87,Africa,Quốc Gia
Morocco,MAR,2048,43262405,47889916,4627511,10.7,15.64,9.46,-6.18,Africa,Quốc Gia
Morocco,MAR,2049,43355728,48295556,4939828,11.39,16.02,9.53,-6.49,Africa,Quốc Gia
Morocco,MAR,2050,43440432,48701197,5260765,12.11,16.41,9.59,-6.82,Africa,Quốc Gia
Mozambique,MOZ,2027,37668659,35210649,-2458010,-6.53,2.68,2.75,0.07,Africa,Quốc Gia
Mozambique,MOZ,2028,38714098,35856860,-2857238,-7.38,2.65,2.75,0.1,Africa,Quốc Gia
Mozambique,MOZ,2029,39774949,36503071,-3271878,-8.23,2.62,2.75,0.13,Africa,Quốc Gia
Mozambique,MOZ,2030,40846751,37149282,-3697469,-9.05,2.6,2.75,0.15,Africa,Quốc Gia
Mozambique,MOZ,2031,41931253,37795494,-4135759,-9.86,2.58,2.75,0.17,Africa,Quốc Gia
Mozambique,MOZ,2032,43032888,38441705,-4591183,-10.67,2.58,2.75,0.17,Africa,Quốc Gia
Mozambique,MOZ,2033,44144535,39087916,-5056619,-11.45,2.59,2.75,0.16,Africa,Quốc Gia
Mozambique,MOZ,2034,45273524,39734127,-5539397,-12.24,2.61,2.75,0.14,Africa,Quốc Gia
Mozambique,MOZ,2035,46411776,40380339,-6031437,-13.0,2.65,2.75,0.1,Africa,Quốc Gia
Mozambique,MOZ,2036,47548673,41026550,-6522123,-13.72,2.69,2.75,0.06,Africa,Quốc Gia
Mozambique,MOZ,2037,48684566,41672761,-7011805,-14.4,2.73,2.75,0.02,Africa,Quốc Gia
Mozambique,MOZ,2038,49822041,42318972,-7503069,-15.06,2.77,2.75,-0.02,Africa,Quốc Gia
Mozambique,MOZ,2039,50971126,42965183,-8005943,-15.71,2.82,2.75,-0.07,Africa,Quốc Gia
Mozambique,MOZ,2040,52124219,43611395,-8512824,-16.33,2.86,2.75,-0.11,Africa,Quốc Gia
Mozambique,MOZ,2041,53271008,44257606,-9013402,-16.92,2.91,2.75,-0.16,Africa,Quốc Gia
Mozambique,MOZ,2042,54423409,44903817,-9519592,-17.49,2.95,2.75,-0.2,Africa,Quốc Gia
Mozambique,MOZ,2043,55574714,45550028,-10024686,-18.04,3.0,2.75,-0.25,Africa,Quốc Gia
Mozambique,MOZ,2044,56716587,46196240,-10520347,-18.55,3.07,2.75,-0.32,Africa,Quốc Gia
Mozambique,MOZ,2045,57851791,46842451,-11009340,-19.03,3.15,2.75,-0.4,Africa,Quốc Gia
Mozambique,MOZ,2046,58981104,47488662,-11492442,-19.48,3.22,2.75,-0.47,Africa,Quốc Gia
Mozambique,MOZ,2047,60117591,48134873,-11982718,-19.93,3.3,2.75,-0.55,Africa,Quốc Gia
Mozambique,MOZ,2048,61254588,48781085,-12473503,-20.36,3.38,2.75,-0.63,Africa,Quốc Gia
Mozambique,MOZ,2049,62397022,49427296,-12969726,-20.79,3.46,2.75,-0.71,Africa,Quốc Gia
Mozambique,MOZ,2050,63530959,50073507,-13457452,-21.18,3.55,2.75,-0.8,Africa,Quốc Gia
Myanmar,MMR,2027,55502490,55819390,316900,0.57,7.97,6.97,-1.0,Asia,Quốc Gia
Myanmar,MMR,2028,55802774,56216166,413392,0.74,8.19,7.03,-1.16,Asia,Quốc Gia
Myanmar,MMR,2029,56085143,56612942,527799,0.94,8.43,7.09,-1.34,Asia,Quốc Gia
Myanmar,MMR,2030,56351023,57009719,658696,1.17,8.66,7.16,-1.5,Asia,Quốc Gia
Myanmar,MMR,2031,56601628,57406495,804867,1.42,8.9,7.22,-1.68,Asia,Quốc Gia
Myanmar,MMR,2032,56836044,57803271,967227,1.7,9.14,7.28,-1.86,Asia,Quốc Gia
Myanmar,MMR,2033,57054546,58200047,1145501,2.01,9.38,7.34,-2.04,Asia,Quốc Gia
Myanmar,MMR,2034,57257179,58596823,1339644,2.34,9.61,7.4,-2.21,Asia,Quốc Gia
Myanmar,MMR,2035,57444467,58993599,1549132,2.7,9.85,7.46,-2.39,Asia,Quốc Gia
Myanmar,MMR,2036,57616154,59390375,1774221,3.08,10.09,7.52,-2.57,Asia,Quốc Gia
Myanmar,MMR,2037,57773907,59787151,2013244,3.48,10.32,7.57,-2.75,Asia,Quốc Gia
Myanmar,MMR,2038,57919864,60183927,2264063,3.91,10.55,7.63,-2.92,Asia,Quốc Gia
Myanmar,MMR,2039,58052178,60580704,2528526,4.36,10.78,7.69,-3.09,Asia,Quốc Gia
Myanmar,MMR,2040,58169858,60977480,2807622,4.83,11.01,7.74,-3.27,Asia,Quốc Gia
Myanmar,MMR,2041,58274271,61374256,3099985,5.32,11.24,7.79,-3.45,Asia,Quốc Gia
Myanmar,MMR,2042,58365923,61771032,3405109,5.83,11.47,7.85,-3.62,Asia,Quốc Gia
Myanmar,MMR,2043,58443286,62167808,3724522,6.37,11.71,7.9,-3.81,Asia,Quốc Gia
Myanmar,MMR,2044,58506413,62564584,4058171,6.94,11.94,7.95,-3.99,Asia,Quốc Gia
Myanmar,MMR,2045,58558169,62961360,4403191,7.52,12.19,8.0,-4.19,Asia,Quốc Gia
Myanmar,MMR,2046,58596771,63358136,4761365,8.13,12.43,8.05,-4.38,Asia,Quốc Gia
Myanmar,MMR,2047,58620770,63754913,5134143,8.76,12.69,8.1,-4.59,Asia,Quốc Gia
Myanmar,MMR,2048,58632729,64151689,5518960,9.41,12.96,8.15,-4.81,Asia,Quốc Gia
Myanmar,MMR,2049,58633124,64548465,5915341,10.09,13.26,8.2,-5.06,Asia,Quốc Gia
Myanmar,MMR,2050,58623233,64945241,6322008,10.78,13.54,8.25,-5.29,Asia,Quốc Gia
Namibia,NAM,2027,3212907,3043956,-168951,-5.26,4.0,3.68,-0.32,Africa,Quốc Gia
Namibia,NAM,2028,3272162,3091529,-180633,-5.52,4.12,3.69,-0.43,Africa,Quốc Gia
Namibia,NAM,2029,3330816,3139103,-191713,-5.76,4.23,3.7,-0.53,Africa,Quốc Gia
Namibia,NAM,2030,3389957,3186677,-203280,-6.0,4.32,3.71,-0.61,Africa,Quốc Gia
Namibia,NAM,2031,3449505,3234250,-215255,-6.24,4.4,3.72,-0.68,Africa,Quốc Gia
Namibia,NAM,2032,3508242,3281824,-226418,-6.45,4.48,3.73,-0.75,Africa,Quốc Gia
Namibia,NAM,2033,3565345,3329398,-235947,-6.62,4.57,3.74,-0.83,Africa,Quốc Gia
Namibia,NAM,2034,3621825,3376971,-244854,-6.76,4.68,3.75,-0.93,Africa,Quốc Gia
Namibia,NAM,2035,3678885,3424545,-254340,-6.91,4.79,3.76,-1.03,Africa,Quốc Gia
Namibia,NAM,2036,3735936,3472119,-263817,-7.06,4.9,3.77,-1.13,Africa,Quốc Gia
Namibia,NAM,2037,3792804,3519692,-273112,-7.2,5.0,3.77,-1.23,Africa,Quốc Gia
Namibia,NAM,2038,3850307,3567266,-283041,-7.35,5.12,3.78,-1.34,Africa,Quốc Gia
Namibia,NAM,2039,3907178,3614840,-292338,-7.48,5.25,3.79,-1.46,Africa,Quốc Gia
Namibia,NAM,2040,3962411,3662413,-299998,-7.57,5.39,3.8,-1.59,Africa,Quốc Gia
Namibia,NAM,2041,4017686,3709987,-307699,-7.66,5.53,3.81,-1.72,Africa,Quốc Gia
Namibia,NAM,2042,4073354,3757561,-315793,-7.75,5.66,3.81,-1.85,Africa,Quốc Gia
Namibia,NAM,2043,4129571,3805134,-324437,-7.86,5.8,3.82,-1.98,Africa,Quốc Gia
Namibia,NAM,2044,4186109,3852708,-333401,-7.96,5.94,3.83,-2.11,Africa,Quốc Gia
Namibia,NAM,2045,4243355,3900282,-343073,-8.08,6.1,3.83,-2.27,Africa,Quốc Gia
Namibia,NAM,2046,4299964,3947855,-352109,-8.19,6.25,3.84,-2.41,Africa,Quốc Gia
Namibia,NAM,2047,4355503,3995429,-360074,-8.27,6.41,3.84,-2.57,Africa,Quốc Gia
Namibia,NAM,2048,4409454,4043003,-366451,-8.31,6.58,3.85,-2.73,Africa,Quốc Gia
Namibia,NAM,2049,4460503,4090576,-369927,-8.29,6.76,3.86,-2.9,Africa,Quốc Gia
Namibia,NAM,2050,4512303,4138150,-374153,-8.29,6.95,3.86,-3.09,Africa,Quốc Gia
Nauru,NRU,2027,12218,11887,-331,-2.71,3.36,2.41,-0.95,Oceania,Quốc Gia
Nauru,NRU,2028,12318,11956,-362,-2.94,3.47,2.44,-1.03,Oceania,Quốc Gia
Nauru,NRU,2029,12425,12025,-400,-3.22,3.65,2.46,-1.19,Oceania,Quốc Gia
Nauru,NRU,2030,12542,12093,-449,-3.58,3.81,2.49,-1.32,Oceania,Quốc Gia
Nauru,NRU,2031,12668,12162,-506,-3.99,3.98,2.52,-1.46,Oceania,Quốc Gia
Nauru,NRU,2032,12808,12231,-577,-4.5,4.12,2.54,-1.58,Oceania,Quốc Gia
Nauru,NRU,2033,12944,12300,-644,-4.98,4.19,2.57,-1.62,Oceania,Quốc Gia
Nauru,NRU,2034,13094,12369,-725,-5.54,4.24,2.6,-1.64,Oceania,Quốc Gia
Nauru,NRU,2035,13254,12437,-817,-6.16,4.29,2.62,-1.67,Oceania,Quốc Gia
Nauru,NRU,2036,13415,12506,-909,-6.78,4.32,2.65,-1.67,Oceania,Quốc Gia
Nauru,NRU,2037,13565,12575,-990,-7.3,4.35,2.67,-1.68,Oceania,Quốc Gia
Nauru,NRU,2038,13722,12644,-1078,-7.86,4.44,2.7,-1.74,Oceania,Quốc Gia
Nauru,NRU,2039,13882,12712,-1170,-8.43,4.49,2.72,-1.77,Oceania,Quốc Gia
Nauru,NRU,2040,14066,12781,-1285,-9.14,4.53,2.75,-1.78,Oceania,Quốc Gia
Nauru,NRU,2041,14245,12850,-1395,-9.79,4.61,2.77,-1.84,Oceania,Quốc Gia
Nauru,NRU,2042,14428,12919,-1509,-10.46,4.7,2.79,-1.91,Oceania,Quốc Gia
Nauru,NRU,2043,14605,12987,-1618,-11.08,4.81,2.82,-1.99,Oceania,Quốc Gia
Nauru,NRU,2044,14780,13056,-1724,-11.66,4.95,2.84,-2.11,Oceania,Quốc Gia
Nauru,NRU,2045,14947,13125,-1822,-12.19,5.12,2.86,-2.26,Oceania,Quốc Gia
Nauru,NRU,2046,15125,13194,-1931,-12.77,5.31,2.88,-2.43,Oceania,Quốc Gia
Nauru,NRU,2047,15295,13262,-2033,-13.29,5.54,2.91,-2.63,Oceania,Quốc Gia
Nauru,NRU,2048,15459,13331,-2128,-13.77,5.74,2.93,-2.81,Oceania,Quốc Gia
Nauru,NRU,2049,15623,13400,-2223,-14.23,5.98,2.95,-3.03,Oceania,Quốc Gia
Nauru,NRU,2050,15779,13469,-2310,-14.64,6.22,2.97,-3.25,Oceania,Quốc Gia
Nepal,NPL,2027,29727163,30672120,944957,3.18,6.85,6.56,-0.29,Asia,Quốc Gia
Nepal,NPL,2028,29947587,30902882,955295,3.19,6.94,6.64,-0.3,Asia,Quốc Gia
Nepal,NPL,2029,30232114,31133645,901531,2.98,7.02,6.72,-0.3,Asia,Quốc Gia
Nepal,NPL,2030,30509996,31364408,854412,2.8,7.11,6.79,-0.32,Asia,Quốc Gia
Nepal,NPL,2031,30780913,31595171,814258,2.65,7.2,6.87,-0.33,Asia,Quốc Gia
Nepal,NPL,2032,31045411,31825934,780523,2.51,7.3,6.95,-0.35,Asia,Quốc Gia
Nepal,NPL,2033,31304032,32056696,752664,2.4,7.4,7.02,-0.38,Asia,Quốc Gia
Nepal,NPL,2034,31555069,32287459,732390,2.32,7.52,7.09,-0.43,Asia,Quốc Gia
Nepal,NPL,2035,31798002,32518222,720220,2.26,7.68,7.16,-0.52,Asia,Quốc Gia
Nepal,NPL,2036,32033714,32748985,715271,2.23,7.86,7.23,-0.63,Asia,Quốc Gia
Nepal,NPL,2037,32262285,32979747,717462,2.22,8.05,7.3,-0.75,Asia,Quốc Gia
Nepal,NPL,2038,32484802,33210510,725708,2.23,8.23,7.37,-0.86,Asia,Quốc Gia
Nepal,NPL,2039,32700694,33441273,740579,2.26,8.41,7.44,-0.97,Asia,Quốc Gia
Nepal,NPL,2040,32909540,33672036,762496,2.32,8.6,7.51,-1.09,Asia,Quốc Gia
Nepal,NPL,2041,33112252,33902799,790547,2.39,8.8,7.57,-1.23,Asia,Quốc Gia
Nepal,NPL,2042,33309060,34133561,824501,2.48,9.0,7.64,-1.36,Asia,Quốc Gia
Nepal,NPL,2043,33499439,34364324,864885,2.58,9.22,7.7,-1.52,Asia,Quốc Gia
Nepal,NPL,2044,33683329,34595087,911758,2.71,9.44,7.77,-1.67,Asia,Quốc Gia
Nepal,NPL,2045,33861058,34825850,964792,2.85,9.69,7.83,-1.86,Asia,Quốc Gia
Nepal,NPL,2046,34032994,35056613,1023619,3.01,9.94,7.89,-2.05,Asia,Quốc Gia
Nepal,NPL,2047,34197259,35287375,1090116,3.19,10.21,7.95,-2.26,Asia,Quốc Gia
Nepal,NPL,2048,34352077,35518138,1166061,3.39,10.49,8.01,-2.48,Asia,Quốc Gia
Nepal,NPL,2049,34500202,35748901,1248699,3.62,10.78,8.07,-2.71,Asia,Quốc Gia
Nepal,NPL,2050,34642021,35979664,1337643,3.86,11.07,8.13,-2.94,Asia,Quốc Gia
Netherlands,NLD,2027,18538012,18300021,-237991,-1.28,21.67,20.75,-0.92,Europe,Quốc Gia
Netherlands,NLD,2028,18619097,18385789,-233308,-1.25,22.1,20.99,-1.11,Europe,Quốc Gia
Netherlands,NLD,2029,18692512,18471556,-220956,-1.18,22.53,21.23,-1.3,Europe,Quốc Gia
Netherlands,NLD,2030,18757215,18557323,-199892,-1.07,22.96,21.46,-1.5,Europe,Quốc Gia
Netherlands,NLD,2031,18813963,18643091,-170872,-0.91,23.35,21.69,-1.66,Europe,Quốc Gia
Netherlands,NLD,2032,18863759,18728858,-134901,-0.72,23.72,21.92,-1.8,Europe,Quốc Gia
Netherlands,NLD,2033,18908219,18814625,-93594,-0.49,24.07,22.15,-1.92,Europe,Quốc Gia
Netherlands,NLD,2034,18946189,18900392,-45797,-0.24,24.44,22.37,-2.07,Europe,Quốc Gia
Netherlands,NLD,2035,18977357,18986160,8803,0.05,24.82,22.59,-2.23,Europe,Quốc Gia
Netherlands,NLD,2036,19004538,19071927,67389,0.35,25.14,22.82,-2.32,Europe,Quốc Gia
Netherlands,NLD,2037,19026560,19157694,131134,0.69,25.4,23.03,-2.37,Europe,Quốc Gia
Netherlands,NLD,2038,19043263,19243462,200199,1.05,25.58,23.25,-2.33,Europe,Quốc Gia
Netherlands,NLD,2039,19055414,19329229,273815,1.44,25.69,23.47,-2.22,Europe,Quốc Gia
Netherlands,NLD,2040,19062981,19414996,352015,1.85,25.76,23.68,-2.08,Europe,Quốc Gia
Netherlands,NLD,2041,19066146,19500764,434618,2.28,25.79,23.89,-1.9,Europe,Quốc Gia
Netherlands,NLD,2042,19064867,19586531,521664,2.74,25.82,24.1,-1.72,Europe,Quốc Gia
Netherlands,NLD,2043,19060464,19672298,611834,3.21,25.84,24.31,-1.53,Europe,Quốc Gia
Netherlands,NLD,2044,19052667,19758065,705398,3.7,25.88,24.51,-1.37,Europe,Quốc Gia
Netherlands,NLD,2045,19041970,19843833,801863,4.21,25.93,24.72,-1.21,Europe,Quốc Gia
Netherlands,NLD,2046,19030542,19929600,899058,4.72,25.99,24.92,-1.07,Europe,Quốc Gia
Netherlands,NLD,2047,19016286,20015367,999081,5.25,26.04,25.12,-0.92,Europe,Quốc Gia
Netherlands,NLD,2048,18998733,20101135,1102402,5.8,26.09,25.32,-0.77,Europe,Quốc Gia
Netherlands,NLD,2049,18979459,20186902,1207443,6.36,26.15,25.51,-0.64,Europe,Quốc Gia
Netherlands,NLD,2050,18958470,20272669,1314199,6.93,26.22,25.71,-0.51,Europe,Quốc Gia
New Caledonia,NCL,2027,300375,310501,10126,3.37,12.55,11.35,-1.2,Oceania,Quốc Gia
New Caledonia,NCL,2028,302848,313677,10829,3.58,12.97,11.51,-1.46,Oceania,Quốc Gia
New Caledonia,NCL,2029,305262,316852,11590,3.8,13.4,11.67,-1.73,Oceania,Quốc Gia
New Caledonia,NCL,2030,307577,320028,12451,4.05,13.81,11.82,-1.99,Oceania,Quốc Gia
New Caledonia,NCL,2031,309848,323203,13355,4.31,14.24,11.97,-2.27,Oceania,Quốc Gia
New Caledonia,NCL,2032,312048,326379,14331,4.59,14.7,12.11,-2.59,Oceania,Quốc Gia
New Caledonia,NCL,2033,314196,329554,15358,4.89,15.16,12.26,-2.9,Oceania,Quốc Gia
New Caledonia,NCL,2034,316252,332730,16478,5.21,15.64,12.4,-3.24,Oceania,Quốc Gia
New Caledonia,NCL,2035,318244,335905,17661,5.55,16.13,12.53,-3.6,Oceania,Quốc Gia
New Caledonia,NCL,2036,320210,339081,18871,5.89,16.62,12.67,-3.95,Oceania,Quốc Gia
New Caledonia,NCL,2037,322160,342257,20097,6.24,17.11,12.8,-4.31,Oceania,Quốc Gia
New Caledonia,NCL,2038,324056,345432,21376,6.6,17.59,12.93,-4.66,Oceania,Quốc Gia
New Caledonia,NCL,2039,325836,348608,22772,6.99,18.04,13.06,-4.98,Oceania,Quốc Gia
New Caledonia,NCL,2040,327494,351783,24289,7.42,18.44,13.19,-5.25,Oceania,Quốc Gia
New Caledonia,NCL,2041,329093,354959,25866,7.86,18.79,13.31,-5.48,Oceania,Quốc Gia
New Caledonia,NCL,2042,330706,358134,27428,8.29,19.12,13.43,-5.69,Oceania,Quốc Gia
New Caledonia,NCL,2043,332311,361310,28999,8.73,19.44,13.55,-5.89,Oceania,Quốc Gia
New Caledonia,NCL,2044,333782,364485,30703,9.2,19.74,13.67,-6.07,Oceania,Quốc Gia
New Caledonia,NCL,2045,335172,367661,32489,9.69,20.05,13.78,-6.27,Oceania,Quốc Gia
New Caledonia,NCL,2046,336487,370836,34349,10.21,20.37,13.89,-6.48,Oceania,Quốc Gia
New Caledonia,NCL,2047,337645,374012,36367,10.77,20.69,14.01,-6.68,Oceania,Quốc Gia
New Caledonia,NCL,2048,338660,377187,38527,11.38,21.01,14.12,-6.89,Oceania,Quốc Gia
New Caledonia,NCL,2049,339650,380363,40713,11.99,21.3,14.22,-7.08,Oceania,Quốc Gia
New Caledonia,NCL,2050,340592,383538,42946,12.61,21.59,14.33,-7.26,Oceania,Quốc Gia
New Zealand,NZL,2027,5320870,5341833,20963,0.39,18.47,16.84,-1.63,Oceania,Quốc Gia
New Zealand,NZL,2028,5351827,5396258,44431,0.83,18.91,16.98,-1.93,Oceania,Quốc Gia
New Zealand,NZL,2029,5380598,5450682,70084,1.3,19.32,17.12,-2.2,Oceania,Quốc Gia
New Zealand,NZL,2030,5407344,5505107,97763,1.81,19.69,17.25,-2.44,Oceania,Quốc Gia
New Zealand,NZL,2031,5432478,5559531,127053,2.34,20.04,17.39,-2.65,Oceania,Quốc Gia
New Zealand,NZL,2032,5456115,5613956,157841,2.89,20.37,17.52,-2.85,Oceania,Quốc Gia
New Zealand,NZL,2033,5478623,5668381,189758,3.46,20.71,17.64,-3.07,Oceania,Quốc Gia
New Zealand,NZL,2034,5500066,5722805,222739,4.05,21.04,17.77,-3.27,Oceania,Quốc Gia
New Zealand,NZL,2035,5520598,5777230,256632,4.65,21.38,17.89,-3.49,Oceania,Quốc Gia
New Zealand,NZL,2036,5540783,5831654,290871,5.25,21.71,18.02,-3.69,Oceania,Quốc Gia
New Zealand,NZL,2037,5560355,5886079,325724,5.86,22.03,18.13,-3.9,Oceania,Quốc Gia
New Zealand,NZL,2038,5579889,5940504,360615,6.46,22.29,18.25,-4.04,Oceania,Quốc Gia
New Zealand,NZL,2039,5598997,5994928,395931,7.07,22.5,18.37,-4.13,Oceania,Quốc Gia
New Zealand,NZL,2040,5617293,6049353,432060,7.69,22.67,18.48,-4.19,Oceania,Quốc Gia
New Zealand,NZL,2041,5635781,6103778,467997,8.3,22.79,18.59,-4.2,Oceania,Quốc Gia
New Zealand,NZL,2042,5654118,6158202,504084,8.92,22.9,18.7,-4.2,Oceania,Quốc Gia
New Zealand,NZL,2043,5670996,6212627,541631,9.55,23.0,18.8,-4.2,Oceania,Quốc Gia
New Zealand,NZL,2044,5686325,6267051,580726,10.21,23.11,18.91,-4.2,Oceania,Quốc Gia
New Zealand,NZL,2045,5700552,6321476,620924,10.89,23.23,19.01,-4.22,Oceania,Quốc Gia
New Zealand,NZL,2046,5713445,6375901,662456,11.59,23.36,19.11,-4.25,Oceania,Quốc Gia
New Zealand,NZL,2047,5724899,6430325,705426,12.32,23.5,19.21,-4.29,Oceania,Quốc Gia
New Zealand,NZL,2048,5735777,6484750,748973,13.06,23.65,19.31,-4.34,Oceania,Quốc Gia
New Zealand,NZL,2049,5745460,6539174,793714,13.81,23.82,19.41,-4.41,Oceania,Quốc Gia
New Zealand,NZL,2050,5755279,6593599,838320,14.57,23.98,19.5,-4.48,Oceania,Quốc Gia
Nicaragua,NIC,2027,7185719,7108722,-76997,-1.07,6.05,5.6,-0.45,North America,Quốc Gia
Nicaragua,NIC,2028,7272688,7186988,-85700,-1.18,6.23,5.66,-0.57,North America,Quốc Gia
Nicaragua,NIC,2029,7357997,7265254,-92743,-1.26,6.43,5.71,-0.72,North America,Quốc Gia
Nicaragua,NIC,2030,7441606,7343520,-98086,-1.32,6.64,5.76,-0.88,North America,Quốc Gia
Nicaragua,NIC,2031,7523770,7421786,-101984,-1.36,6.85,5.81,-1.04,North America,Quốc Gia
Nicaragua,NIC,2032,7604393,7500052,-104341,-1.37,7.08,5.86,-1.22,North America,Quốc Gia
Nicaragua,NIC,2033,7683384,7578318,-105066,-1.37,7.32,5.91,-1.41,North America,Quốc Gia
Nicaragua,NIC,2034,7760895,7656584,-104311,-1.34,7.57,5.96,-1.61,North America,Quốc Gia
Nicaragua,NIC,2035,7836701,7734850,-101851,-1.3,7.83,6.0,-1.83,North America,Quốc Gia
Nicaragua,NIC,2036,7910780,7813116,-97664,-1.23,8.1,6.05,-2.05,North America,Quốc Gia
Nicaragua,NIC,2037,7983288,7891382,-91906,-1.15,8.37,6.09,-2.28,North America,Quốc Gia
Nicaragua,NIC,2038,8054135,7969648,-84487,-1.05,8.66,6.14,-2.52,North America,Quốc Gia
Nicaragua,NIC,2039,8122954,8047914,-75040,-0.92,8.96,6.18,-2.78,North America,Quốc Gia
Nicaragua,NIC,2040,8189910,8126180,-63730,-0.78,9.27,6.22,-3.05,North America,Quốc Gia
Nicaragua,NIC,2041,8255158,8204446,-50712,-0.61,9.59,6.26,-3.33,North America,Quốc Gia
Nicaragua,NIC,2042,8318512,8282712,-35800,-0.43,9.92,6.3,-3.62,North America,Quốc Gia
Nicaragua,NIC,2043,8380010,8360978,-19032,-0.23,10.25,6.34,-3.91,North America,Quốc Gia
Nicaragua,NIC,2044,8439716,8439244,-472,-0.01,10.6,6.38,-4.22,North America,Quốc Gia
Nicaragua,NIC,2045,8497616,8517510,19894,0.23,10.95,6.42,-4.53,North America,Quốc Gia
Nicaragua,NIC,2046,8553411,8595776,42365,0.5,11.31,6.46,-4.85,North America,Quốc Gia
Nicaragua,NIC,2047,8607281,8674042,66761,0.78,11.68,6.49,-5.19,North America,Quốc Gia
Nicaragua,NIC,2048,8659290,8752308,93018,1.07,12.06,6.53,-5.53,North America,Quốc Gia
Nicaragua,NIC,2049,8708927,8830574,121647,1.4,12.44,6.56,-5.88,North America,Quốc Gia
Nicaragua,NIC,2050,8756437,8908840,152403,1.74,12.83,6.6,-6.23,North America,Quốc Gia
Niger,NER,2027,29723695,27845730,-1877965,-6.32,2.67,2.57,-0.1,Africa,Quốc Gia
Niger,NER,2028,30643568,28454609,-2188959,-7.14,2.69,2.58,-0.11,Africa,Quốc Gia
Niger,NER,2029,31575098,29063489,-2511609,-7.95,2.71,2.58,-0.13,Africa,Quốc Gia
Niger,NER,2030,32518076,29672368,-2845708,-8.75,2.74,2.59,-0.15,Africa,Quốc Gia
Niger,NER,2031,33469621,30281248,-3188373,-9.53,2.76,2.59,-0.17,Africa,Quốc Gia
Niger,NER,2032,34428645,30890127,-3538518,-10.28,2.78,2.6,-0.18,Africa,Quốc Gia
Niger,NER,2033,35397037,31499007,-3898030,-11.01,2.8,2.6,-0.2,Africa,Quốc Gia
Niger,NER,2034,36372382,32107886,-4264496,-11.72,2.83,2.6,-0.23,Africa,Quốc Gia
Niger,NER,2035,37353471,32716766,-4636705,-12.41,2.85,2.61,-0.24,Africa,Quốc Gia
Niger,NER,2036,38340150,33325645,-5014505,-13.08,2.87,2.61,-0.26,Africa,Quốc Gia
Niger,NER,2037,39330379,33934525,-5395854,-13.72,2.9,2.61,-0.29,Africa,Quốc Gia
Niger,NER,2038,40323466,34543404,-5780062,-14.33,2.92,2.62,-0.3,Africa,Quốc Gia
Niger,NER,2039,41318416,35152284,-6166132,-14.92,2.95,2.62,-0.33,Africa,Quốc Gia
Niger,NER,2040,42316741,35761163,-6555578,-15.49,2.99,2.62,-0.37,Africa,Quốc Gia
Niger,NER,2041,43319243,36370043,-6949200,-16.04,3.02,2.63,-0.39,Africa,Quốc Gia
Niger,NER,2042,44326122,36978923,-7347199,-16.58,3.06,2.63,-0.43,Africa,Quốc Gia
Niger,NER,2043,45337259,37587802,-7749457,-17.09,3.1,2.63,-0.47,Africa,Quốc Gia
Niger,NER,2044,46353171,38196682,-8156489,-17.6,3.15,2.64,-0.51,Africa,Quốc Gia
Niger,NER,2045,47374124,38805561,-8568563,-18.09,3.2,2.64,-0.56,Africa,Quốc Gia
Niger,NER,2046,48398004,39414441,-8983563,-18.56,3.25,2.64,-0.61,Africa,Quốc Gia
Niger,NER,2047,49423862,40023320,-9400542,-19.02,3.31,2.64,-0.67,Africa,Quốc Gia
Niger,NER,2048,50452212,40632200,-9820012,-19.46,3.37,2.65,-0.72,Africa,Quốc Gia
Niger,NER,2049,51482570,41241079,-10241491,-19.89,3.42,2.65,-0.77,Africa,Quốc Gia
Niger,NER,2050,52513881,41849959,-10663922,-20.31,3.48,2.65,-0.83,Africa,Quốc Gia
Nigeria,NGA,2027,247374263,243094816,-4279447,-1.73,3.12,3.01,-0.11,Africa,Quốc Gia
Nigeria,NGA,2028,252346133,247402882,-4943251,-1.96,3.14,3.0,-0.14,Africa,Quốc Gia
Nigeria,NGA,2029,257352642,251710948,-5641694,-2.19,3.17,3.0,-0.17,Africa,Quốc Gia
Nigeria,NGA,2030,262380978,256019014,-6361964,-2.42,3.2,3.0,-0.2,Africa,Quốc Gia
Nigeria,NGA,2031,267421084,260327080,-7094004,-2.65,3.23,3.0,-0.23,Africa,Quốc Gia
Nigeria,NGA,2032,272483638,264635146,-7848492,-2.88,3.27,3.0,-0.27,Africa,Quốc Gia
Nigeria,NGA,2033,277555121,268943212,-8611909,-3.1,3.3,3.0,-0.3,Africa,Quốc Gia
Nigeria,NGA,2034,282622393,273251278,-9371115,-3.32,3.34,3.0,-0.34,Africa,Quốc Gia
Nigeria,NGA,2035,287685762,277559344,-10126418,-3.52,3.39,3.0,-0.39,Africa,Quốc Gia
Nigeria,NGA,2036,292739396,281867410,-10871986,-3.71,3.44,3.0,-0.44,Africa,Quốc Gia
Nigeria,NGA,2037,297773241,286175476,-11597765,-3.89,3.49,3.0,-0.49,Africa,Quốc Gia
Nigeria,NGA,2038,302782356,290483542,-12298814,-4.06,3.55,3.0,-0.55,Africa,Quốc Gia
Nigeria,NGA,2039,307764760,294791608,-12973152,-4.22,3.62,3.0,-0.62,Africa,Quốc Gia
Nigeria,NGA,2040,312710408,299099675,-13610733,-4.35,3.69,3.0,-0.69,Africa,Quốc Gia
Nigeria,NGA,2041,317607240,303407741,-14199499,-4.47,3.77,3.0,-0.77,Africa,Quốc Gia
Nigeria,NGA,2042,322450307,307715807,-14734500,-4.57,3.85,3.0,-0.85,Africa,Quốc Gia
Nigeria,NGA,2043,327243947,312023873,-15220074,-4.65,3.94,3.0,-0.94,Africa,Quốc Gia
Nigeria,NGA,2044,331983358,316331939,-15651419,-4.71,4.03,3.0,-1.03,Africa,Quốc Gia
Nigeria,NGA,2045,336662507,320640005,-16022502,-4.76,4.12,3.0,-1.12,Africa,Quốc Gia
Nigeria,NGA,2046,341281763,324948071,-16333692,-4.79,4.21,3.0,-1.21,Africa,Quốc Gia
Nigeria,NGA,2047,345844009,329256137,-16587872,-4.8,4.29,3.0,-1.29,Africa,Quốc Gia
Nigeria,NGA,2048,350347764,333564203,-16783561,-4.79,4.38,3.0,-1.38,Africa,Quốc Gia
Nigeria,NGA,2049,354792423,337872269,-16920154,-4.77,4.46,3.0,-1.46,Africa,Quốc Gia
Nigeria,NGA,2050,359185557,342180335,-17005222,-4.73,4.54,3.0,-1.54,Africa,Quốc Gia
Niue,NIU,2027,1847,1681,-166,-8.99,17.38,17.43,0.05,Oceania,Quốc Gia
Niue,NIU,2028,1851,1667,-184,-9.94,17.5,17.78,0.28,Oceania,Quốc Gia
Niue,NIU,2029,1855,1653,-202,-10.89,17.41,18.15,0.74,Oceania,Quốc Gia
Niue,NIU,2030,1860,1639,-221,-11.88,17.31,18.51,1.2,Oceania,Quốc Gia
Niue,NIU,2031,1862,1625,-237,-12.73,16.97,18.89,1.92,Oceania,Quốc Gia
Niue,NIU,2032,1864,1611,-253,-13.57,16.68,19.27,2.59,Oceania,Quốc Gia
Niue,NIU,2033,1871,1597,-274,-14.64,16.46,19.66,3.2,Oceania,Quốc Gia
Niue,NIU,2034,1883,1583,-300,-15.93,15.93,20.05,4.12,Oceania,Quốc Gia
Niue,NIU,2035,1892,1569,-323,-17.07,15.59,20.46,4.87,Oceania,Quốc Gia
Niue,NIU,2036,1901,1555,-346,-18.2,15.47,20.86,5.39,Oceania,Quốc Gia
Niue,NIU,2037,1906,1541,-365,-19.15,15.32,21.28,5.96,Oceania,Quốc Gia
Niue,NIU,2038,1911,1527,-384,-20.09,15.23,21.71,6.48,Oceania,Quốc Gia
Niue,NIU,2039,1921,1513,-408,-21.24,15.1,22.14,7.04,Oceania,Quốc Gia
Niue,NIU,2040,1924,1499,-425,-22.09,14.97,22.58,7.61,Oceania,Quốc Gia
Niue,NIU,2041,1931,1485,-446,-23.1,14.97,23.03,8.06,Oceania,Quốc Gia
Niue,NIU,2042,1940,1471,-469,-24.18,15.1,23.48,8.38,Oceania,Quốc Gia
Niue,NIU,2043,1949,1457,-492,-25.24,15.19,23.95,8.76,Oceania,Quốc Gia
Niue,NIU,2044,1952,1443,-509,-26.08,14.86,24.42,9.56,Oceania,Quốc Gia
Niue,NIU,2045,1959,1429,-530,-27.05,15.06,24.91,9.85,Oceania,Quốc Gia
Niue,NIU,2046,1964,1415,-549,-27.95,14.87,25.4,10.53,Oceania,Quốc Gia
Niue,NIU,2047,1971,1401,-570,-28.92,14.31,25.91,11.6,Oceania,Quốc Gia
Niue,NIU,2048,1980,1387,-593,-29.95,14.14,26.42,12.28,Oceania,Quốc Gia
Niue,NIU,2049,1980,1373,-607,-30.66,13.89,26.94,13.05,Oceania,Quốc Gia
Niue,NIU,2050,1988,1359,-629,-31.64,14.03,27.48,13.45,Oceania,Quốc Gia
North Korea,PRK,2027,26686504,27033530,347026,1.3,13.32,13.1,-0.22,Asia,Quốc Gia
North Korea,PRK,2028,26729273,27160606,431333,1.61,13.71,13.3,-0.41,Asia,Quốc Gia
North Korea,PRK,2029,26762019,27287681,525662,1.96,14.16,13.51,-0.65,Asia,Quốc Gia
North Korea,PRK,2030,26784906,27414757,629851,2.35,14.63,13.71,-0.92,Asia,Quốc Gia
North Korea,PRK,2031,26797958,27541832,743874,2.78,15.16,13.9,-1.26,Asia,Quốc Gia
North Korea,PRK,2032,26801083,27668908,867825,3.24,15.79,14.1,-1.69,Asia,Quốc Gia
North Korea,PRK,2033,26795073,27795983,1000910,3.74,16.47,14.3,-2.17,Asia,Quốc Gia
North Korea,PRK,2034,26780493,27923059,1142566,4.27,17.13,14.49,-2.64,Asia,Quốc Gia
North Korea,PRK,2035,26757717,28050134,1292417,4.83,17.79,14.68,-3.11,Asia,Quốc Gia
North Korea,PRK,2036,26727320,28177210,1449890,5.42,18.43,14.87,-3.56,Asia,Quốc Gia
North Korea,PRK,2037,26689918,28304286,1614368,6.05,19.06,15.06,-4.0,Asia,Quốc Gia
North Korea,PRK,2038,26646335,28431361,1785026,6.7,19.6,15.24,-4.36,Asia,Quốc Gia
North Korea,PRK,2039,26596976,28558437,1961461,7.37,19.98,15.43,-4.55,Asia,Quốc Gia
North Korea,PRK,2040,26542427,28685512,2143085,8.07,20.26,15.61,-4.65,Asia,Quốc Gia
North Korea,PRK,2041,26483485,28812588,2329103,8.79,20.45,15.79,-4.66,Asia,Quốc Gia
North Korea,PRK,2042,26420821,28939663,2518842,9.53,20.56,15.97,-4.59,Asia,Quốc Gia
North Korea,PRK,2043,26354334,29066739,2712405,10.29,20.64,16.15,-4.49,Asia,Quốc Gia
North Korea,PRK,2044,26284007,29193815,2909808,11.07,20.72,16.33,-4.39,Asia,Quốc Gia
North Korea,PRK,2045,26210206,29320890,3110684,11.87,20.8,16.5,-4.3,Asia,Quốc Gia
North Korea,PRK,2046,26132932,29447966,3315034,12.69,20.9,16.68,-4.22,Asia,Quốc Gia
North Korea,PRK,2047,26052096,29575041,3522945,13.52,21.02,16.85,-4.17,Asia,Quốc Gia
North Korea,PRK,2048,25967591,29702117,3734526,14.38,21.15,17.02,-4.13,Asia,Quốc Gia
North Korea,PRK,2049,25879253,29829192,3949939,15.26,21.27,17.19,-4.08,Asia,Quốc Gia
North Korea,PRK,2050,25787129,29956268,4169139,16.17,21.4,17.35,-4.05,Asia,Quốc Gia
North Macedonia,MKD,2027,1794096,1854986,60890,3.39,19.42,18.14,-1.28,Europe,Quốc Gia
North Macedonia,MKD,2028,1784012,1847276,63264,3.55,19.86,18.5,-1.36,Europe,Quốc Gia
North Macedonia,MKD,2029,1773549,1839566,66017,3.72,20.32,18.86,-1.46,Europe,Quốc Gia
North Macedonia,MKD,2030,1762488,1831856,69368,3.94,20.78,19.22,-1.56,Europe,Quốc Gia
North Macedonia,MKD,2031,1751036,1824146,73110,4.18,21.2,19.59,-1.61,Europe,Quốc Gia
North Macedonia,MKD,2032,1739509,1816436,76927,4.42,21.59,19.96,-1.63,Europe,Quốc Gia
North Macedonia,MKD,2033,1727948,1808725,80777,4.67,21.97,20.34,-1.63,Europe,Quốc Gia
North Macedonia,MKD,2034,1716211,1801015,84804,4.94,22.31,20.71,-1.6,Europe,Quốc Gia
North Macedonia,MKD,2035,1704196,1793305,89109,5.23,22.64,21.09,-1.55,Europe,Quốc Gia
North Macedonia,MKD,2036,1691945,1785595,93650,5.54,22.95,21.47,-1.48,Europe,Quốc Gia
North Macedonia,MKD,2037,1679499,1777885,98386,5.86,23.27,21.86,-1.41,Europe,Quốc Gia
North Macedonia,MKD,2038,1667076,1770175,103099,6.18,23.58,22.25,-1.33,Europe,Quốc Gia
North Macedonia,MKD,2039,1654601,1762465,107864,6.52,23.89,22.64,-1.25,Europe,Quốc Gia
North Macedonia,MKD,2040,1641910,1754754,112844,6.87,24.22,23.04,-1.18,Europe,Quốc Gia
North Macedonia,MKD,2041,1629132,1747044,117912,7.24,24.55,23.44,-1.11,Europe,Quốc Gia
North Macedonia,MKD,2042,1616233,1739334,123101,7.62,24.86,23.84,-1.02,Europe,Quốc Gia
North Macedonia,MKD,2043,1603174,1731624,128450,8.01,25.18,24.25,-0.93,Europe,Quốc Gia
North Macedonia,MKD,2044,1590248,1723914,133666,8.41,25.51,24.66,-0.85,Europe,Quốc Gia
North Macedonia,MKD,2045,1577353,1716204,138851,8.8,25.86,25.08,-0.78,Europe,Quốc Gia
North Macedonia,MKD,2046,1564323,1708493,144170,9.22,26.22,25.49,-0.73,Europe,Quốc Gia
North Macedonia,MKD,2047,1551419,1700783,149364,9.63,26.57,25.92,-0.65,Europe,Quốc Gia
North Macedonia,MKD,2048,1538660,1693073,154413,10.04,26.92,26.34,-0.58,Europe,Quốc Gia
North Macedonia,MKD,2049,1525755,1685363,159608,10.46,27.26,26.77,-0.49,Europe,Quốc Gia
North Macedonia,MKD,2050,1512685,1677653,164968,10.91,27.58,27.21,-0.37,Europe,Quốc Gia
Northern Mariana Islands,MNP,2027,42497,45110,2613,6.15,12.95,8.91,-4.04,Oceania,Quốc Gia
Northern Mariana Islands,MNP,2028,42216,44573,2357,5.58,14.07,9.26,-4.81,Oceania,Quốc Gia
Northern Mariana Islands,MNP,2029,41982,44037,2055,4.89,15.23,9.63,-5.6,Oceania,Quốc Gia
Northern Mariana Islands,MNP,2030,41807,43500,1693,4.05,16.43,10.01,-6.42,Oceania,Quốc Gia
Northern Mariana Islands,MNP,2031,41699,42963,1264,3.03,17.64,10.39,-7.25,Oceania,Quốc Gia
Northern Mariana Islands,MNP,2032,41624,42426,802,1.93,18.85,10.79,-8.06,Oceania,Quốc Gia
Northern Mariana Islands,MNP,2033,41566,41889,323,0.78,20.04,11.19,-8.85,Oceania,Quốc Gia
Northern Mariana Islands,MNP,2034,41578,41352,-226,-0.54,21.18,11.61,-9.57,Oceania,Quốc Gia
Northern Mariana Islands,MNP,2035,41642,40815,-827,-1.99,22.22,12.04,-10.18,Oceania,Quốc Gia
Northern Mariana Islands,MNP,2036,41743,40278,-1465,-3.51,23.14,12.47,-10.67,Oceania,Quốc Gia
Northern Mariana Islands,MNP,2037,41858,39742,-2116,-5.06,23.97,12.92,-11.05,Oceania,Quốc Gia
Northern Mariana Islands,MNP,2038,41962,39205,-2757,-6.57,24.71,13.39,-11.32,Oceania,Quốc Gia
Northern Mariana Islands,MNP,2039,42080,38668,-3412,-8.11,25.34,13.86,-11.48,Oceania,Quốc Gia
Northern Mariana Islands,MNP,2040,42204,38131,-4073,-9.65,25.88,14.35,-11.53,Oceania,Quốc Gia
Northern Mariana Islands,MNP,2041,42321,37594,-4727,-11.17,26.31,14.85,-11.46,Oceania,Quốc Gia
Northern Mariana Islands,MNP,2042,42437,37057,-5380,-12.68,26.66,15.37,-11.29,Oceania,Quốc Gia
Northern Mariana Islands,MNP,2043,42507,36520,-5987,-14.08,26.96,15.9,-11.06,Oceania,Quốc Gia
Northern Mariana Islands,MNP,2044,42586,35984,-6602,-15.5,27.15,16.45,-10.7,Oceania,Quốc Gia
Northern Mariana Islands,MNP,2045,42667,35447,-7220,-16.92,27.25,17.01,-10.24,Oceania,Quốc Gia
Northern Mariana Islands,MNP,2046,42727,34910,-7817,-18.3,27.28,17.6,-9.68,Oceania,Quốc Gia
Northern Mariana Islands,MNP,2047,42759,34373,-8386,-19.61,27.23,18.2,-9.03,Oceania,Quốc Gia
Northern Mariana Islands,MNP,2048,42766,33836,-8930,-20.88,27.14,18.82,-8.32,Oceania,Quốc Gia
Northern Mariana Islands,MNP,2049,42785,33299,-9486,-22.17,26.97,19.45,-7.52,Oceania,Quốc Gia
Northern Mariana Islands,MNP,2050,42785,32762,-10023,-23.43,26.73,20.11,-6.62,Oceania,Quốc Gia
Norway,NOR,2027,5673545,5680160,6615,0.12,19.76,18.08,-1.68,Europe,Quốc Gia
Norway,NOR,2028,5693251,5724235,30984,0.54,20.12,18.18,-1.94,Europe,Quốc Gia
Norway,NOR,2029,5711696,5768310,56614,0.99,20.52,18.27,-2.25,Europe,Quốc Gia
Norway,NOR,2030,5729089,5812385,83296,1.45,20.93,18.36,-2.57,Europe,Quốc Gia
Norway,NOR,2031,5745656,5856460,110804,1.93,21.34,18.44,-2.9,Europe,Quốc Gia
Norway,NOR,2032,5761192,5900535,139343,2.42,21.76,18.53,-3.23,Europe,Quốc Gia
Norway,NOR,2033,5775589,5944610,169021,2.93,22.18,18.62,-3.56,Europe,Quốc Gia
Norway,NOR,2034,5788959,5988685,199726,3.45,22.61,18.7,-3.91,Europe,Quốc Gia
Norway,NOR,2035,5801412,6032760,231348,3.99,23.01,18.78,-4.23,Europe,Quốc Gia
Norway,NOR,2036,5813291,6076835,263544,4.53,23.4,18.86,-4.54,Europe,Quốc Gia
Norway,NOR,2037,5824573,6120911,296338,5.09,23.77,18.94,-4.83,Europe,Quốc Gia
Norway,NOR,2038,5835191,6164986,329795,5.65,24.11,19.02,-5.09,Europe,Quốc Gia
Norway,NOR,2039,5845088,6209061,363973,6.23,24.42,19.1,-5.32,Europe,Quốc Gia
Norway,NOR,2040,5853875,6253136,399261,6.82,24.7,19.18,-5.52,Europe,Quốc Gia
Norway,NOR,2041,5861953,6297211,435258,7.43,24.93,19.26,-5.67,Europe,Quốc Gia
Norway,NOR,2042,5869379,6341286,471907,8.04,25.12,19.33,-5.79,Europe,Quốc Gia
Norway,NOR,2043,5875575,6385361,509786,8.68,25.31,19.4,-5.91,Europe,Quốc Gia
Norway,NOR,2044,5880915,6429436,548521,9.33,25.51,19.48,-6.03,Europe,Quốc Gia
Norway,NOR,2045,5886019,6473511,587492,9.98,25.72,19.55,-6.17,Europe,Quốc Gia
Norway,NOR,2046,5890402,6517586,627184,10.65,25.92,19.62,-6.3,Europe,Quốc Gia
Norway,NOR,2047,5893788,6561661,667873,11.33,26.13,19.69,-6.44,Europe,Quốc Gia
Norway,NOR,2048,5896765,6605736,708971,12.02,26.34,19.76,-6.58,Europe,Quốc Gia
Norway,NOR,2049,5898936,6649812,750876,12.73,26.55,19.83,-6.72,Europe,Quốc Gia
Norway,NOR,2050,5899827,6693887,794060,13.46,26.77,19.89,-6.88,Europe,Quốc Gia
Oman,OMN,2027,5814724,5407479,-407245,-7.0,2.77,2.66,-0.11,Asia,Quốc Gia
Oman,OMN,2028,5929323,5525299,-404024,-6.81,2.82,2.66,-0.16,Asia,Quốc Gia
Oman,OMN,2029,6026183,5643120,-383063,-6.36,2.88,2.66,-0.22,Asia,Quốc Gia
Oman,OMN,2030,6112713,5760940,-351773,-5.75,2.95,2.66,-0.29,Asia,Quốc Gia
Oman,OMN,2031,6194372,5878760,-315612,-5.1,3.01,2.66,-0.35,Asia,Quốc Gia
Oman,OMN,2032,6275470,5996580,-278890,-4.44,3.06,2.67,-0.39,Asia,Quốc Gia
Oman,OMN,2033,6356255,6114401,-241854,-3.8,3.13,2.67,-0.46,Asia,Quốc Gia
Oman,OMN,2034,6436925,6232221,-204704,-3.18,3.2,2.67,-0.53,Asia,Quốc Gia
Oman,OMN,2035,6517804,6350041,-167763,-2.57,3.28,2.67,-0.61,Asia,Quốc Gia
Oman,OMN,2036,6599107,6467862,-131245,-1.99,3.38,2.67,-0.71,Asia,Quốc Gia
Oman,OMN,2037,6681048,6585682,-95366,-1.43,3.48,2.67,-0.81,Asia,Quốc Gia
Oman,OMN,2038,6763788,6703502,-60286,-0.89,3.6,2.68,-0.92,Asia,Quốc Gia
Oman,OMN,2039,6847386,6821323,-26063,-0.38,3.74,2.68,-1.06,Asia,Quốc Gia
Oman,OMN,2040,6931977,6939143,7166,0.1,3.9,2.68,-1.22,Asia,Quốc Gia
Oman,OMN,2041,7017690,7056963,39273,0.56,4.09,2.68,-1.41,Asia,Quốc Gia
Oman,OMN,2042,7104482,7174783,70301,0.99,4.3,2.68,-1.62,Asia,Quốc Gia
Oman,OMN,2043,7192223,7292604,100381,1.4,4.54,2.68,-1.86,Asia,Quốc Gia
Oman,OMN,2044,7280852,7410424,129572,1.78,4.78,2.68,-2.1,Asia,Quốc Gia
Oman,OMN,2045,7370226,7528244,158018,2.14,5.04,2.69,-2.35,Asia,Quốc Gia
Oman,OMN,2046,7460275,7646065,185790,2.49,5.3,2.69,-2.61,Asia,Quốc Gia
Oman,OMN,2047,7550981,7763885,212904,2.82,5.58,2.69,-2.89,Asia,Quốc Gia
Oman,OMN,2048,7642329,7881705,239376,3.13,5.88,2.69,-3.19,Asia,Quốc Gia
Oman,OMN,2049,7734360,7999525,265165,3.43,6.19,2.69,-3.5,Asia,Quốc Gia
Oman,OMN,2050,7826998,8117346,290348,3.71,6.51,2.69,-3.82,Asia,Quốc Gia
Pakistan,PAK,2027,263515822,264583346,1067524,0.41,4.52,4.18,-0.34,Asia,Quốc Gia
Pakistan,PAK,2028,267881918,268616451,734533,0.27,4.6,4.19,-0.41,Asia,Quốc Gia
Pakistan,PAK,2029,272337516,272649557,312041,0.11,4.68,4.21,-0.47,Asia,Quốc Gia
Pakistan,PAK,2030,276883257,276682662,-200595,-0.07,4.75,4.22,-0.53,Asia,Quốc Gia
Pakistan,PAK,2031,281528065,280715768,-812297,-0.29,4.82,4.24,-0.58,Asia,Quốc Gia
Pakistan,PAK,2032,286241136,284748873,-1492263,-0.52,4.88,4.25,-0.63,Asia,Quốc Gia
Pakistan,PAK,2033,291012263,288781979,-2230284,-0.77,4.94,4.26,-0.68,Asia,Quốc Gia
Pakistan,PAK,2034,295820149,292815085,-3005064,-1.02,5.0,4.28,-0.72,Asia,Quốc Gia
Pakistan,PAK,2035,300643513,296848190,-3795323,-1.26,5.05,4.29,-0.76,Asia,Quốc Gia
Pakistan,PAK,2036,305491499,300881296,-4610203,-1.51,5.11,4.3,-0.81,Asia,Quốc Gia
Pakistan,PAK,2037,310353287,304914401,-5438886,-1.75,5.17,4.31,-0.86,Asia,Quốc Gia
Pakistan,PAK,2038,315227704,308947507,-6280197,-1.99,5.23,4.33,-0.9,Asia,Quốc Gia
Pakistan,PAK,2039,320105877,312980612,-7125265,-2.23,5.29,4.34,-0.95,Asia,Quốc Gia
Pakistan,PAK,2040,324937698,317013718,-7923980,-2.44,5.35,4.35,-1.0,Asia,Quốc Gia
Pakistan,PAK,2041,329746472,321046823,-8699649,-2.64,5.42,4.36,-1.06,Asia,Quốc Gia
Pakistan,PAK,2042,334551868,325079929,-9471939,-2.83,5.5,4.37,-1.13,Asia,Quốc Gia
Pakistan,PAK,2043,339334845,329113034,-10221811,-3.01,5.58,4.38,-1.2,Asia,Quốc Gia
Pakistan,PAK,2044,344095461,333146140,-10949321,-3.18,5.66,4.39,-1.27,Asia,Quốc Gia
Pakistan,PAK,2045,348837725,337179245,-11658480,-3.34,5.76,4.4,-1.36,Asia,Quốc Gia
Pakistan,PAK,2046,353552854,341212351,-12340503,-3.49,5.87,4.41,-1.46,Asia,Quốc Gia
Pakistan,PAK,2047,358207154,345245457,-12961697,-3.62,6.0,4.42,-1.58,Asia,Quốc Gia
Pakistan,PAK,2048,362796526,349278562,-13517964,-3.73,6.13,4.43,-1.7,Asia,Quốc Gia
Pakistan,PAK,2049,367344424,353311668,-14032756,-3.82,6.27,4.44,-1.83,Asia,Quốc Gia
Pakistan,PAK,2050,371863799,357344773,-14519026,-3.9,6.42,4.45,-1.97,Asia,Quốc Gia
Palau,PLW,2027,17588,17765,177,1.01,12.92,10.85,-2.07,Oceania,Quốc Gia
Palau,PLW,2028,17528,17733,205,1.17,13.44,11.07,-2.37,Oceania,Quốc Gia
Palau,PLW,2029,17460,17700,240,1.37,13.91,11.29,-2.62,Oceania,Quốc Gia
Palau,PLW,2030,17400,17667,267,1.53,14.4,11.51,-2.89,Oceania,Quốc Gia
Palau,PLW,2031,17323,17635,312,1.8,14.91,11.73,-3.18,Oceania,Quốc Gia
Palau,PLW,2032,17252,17602,350,2.03,15.38,11.96,-3.42,Oceania,Quốc Gia
Palau,PLW,2033,17187,17570,383,2.23,15.83,12.18,-3.65,Oceania,Quốc Gia
Palau,PLW,2034,17116,17537,421,2.46,16.25,12.41,-3.84,Oceania,Quốc Gia
Palau,PLW,2035,17036,17505,469,2.75,16.66,12.64,-4.02,Oceania,Quốc Gia
Palau,PLW,2036,16963,17472,509,3.0,17.03,12.86,-4.17,Oceania,Quốc Gia
Palau,PLW,2037,16881,17439,558,3.31,17.37,13.09,-4.28,Oceania,Quốc Gia
Palau,PLW,2038,16802,17407,605,3.6,17.75,13.32,-4.43,Oceania,Quốc Gia
Palau,PLW,2039,16712,17374,662,3.96,18.13,13.55,-4.58,Oceania,Quốc Gia
Palau,PLW,2040,16627,17342,715,4.3,18.45,13.78,-4.67,Oceania,Quốc Gia
Palau,PLW,2041,16533,17309,776,4.69,18.73,14.01,-4.72,Oceania,Quốc Gia
Palau,PLW,2042,16426,17277,851,5.18,19.0,14.25,-4.75,Oceania,Quốc Gia
Palau,PLW,2043,16325,17244,919,5.63,19.23,14.48,-4.75,Oceania,Quốc Gia
Palau,PLW,2044,16224,17211,987,6.08,19.47,14.71,-4.76,Oceania,Quốc Gia
Palau,PLW,2045,16119,17179,1060,6.58,19.68,14.95,-4.73,Oceania,Quốc Gia
Palau,PLW,2046,15999,17146,1147,7.17,19.82,15.19,-4.63,Oceania,Quốc Gia
Palau,PLW,2047,15885,17114,1229,7.74,19.99,15.42,-4.57,Oceania,Quốc Gia
Palau,PLW,2048,15771,17081,1310,8.31,20.11,15.66,-4.45,Oceania,Quốc Gia
Palau,PLW,2049,15654,17049,1395,8.91,20.23,15.9,-4.33,Oceania,Quốc Gia
Palau,PLW,2050,15537,17016,1479,9.52,20.34,16.14,-4.2,Oceania,Quốc Gia
Palestine,PSE,2027,5800076,5737260,-62816,-1.08,4.08,3.78,-0.3,Asia,Quốc Gia
Palestine,PSE,2028,5906584,5834813,-71771,-1.22,4.21,3.81,-0.4,Asia,Quốc Gia
Palestine,PSE,2029,6013697,5932366,-81331,-1.35,4.35,3.84,-0.51,Asia,Quốc Gia
Palestine,PSE,2030,6122319,6029918,-92401,-1.51,4.49,3.87,-0.62,Asia,Quốc Gia
Palestine,PSE,2031,6232613,6127471,-105142,-1.69,4.63,3.9,-0.73,Asia,Quốc Gia
Palestine,PSE,2032,6344203,6225024,-119179,-1.88,4.77,3.92,-0.85,Asia,Quốc Gia
Palestine,PSE,2033,6458364,6322576,-135788,-2.1,4.91,3.95,-0.96,Asia,Quốc Gia
Palestine,PSE,2034,6574759,6420129,-154630,-2.35,5.05,3.97,-1.08,Asia,Quốc Gia
Palestine,PSE,2035,6692734,6517682,-175052,-2.62,5.19,3.99,-1.2,Asia,Quốc Gia
Palestine,PSE,2036,6811168,6615234,-195934,-2.88,5.33,4.02,-1.31,Asia,Quốc Gia
Palestine,PSE,2037,6929334,6712787,-216547,-3.13,5.47,4.04,-1.43,Asia,Quốc Gia
Palestine,PSE,2038,7048008,6810339,-237669,-3.37,5.61,4.06,-1.55,Asia,Quốc Gia
Palestine,PSE,2039,7168985,6907892,-261093,-3.64,5.76,4.08,-1.68,Asia,Quốc Gia
Palestine,PSE,2040,7291827,7005445,-286382,-3.93,5.91,4.1,-1.81,Asia,Quốc Gia
Palestine,PSE,2041,7414147,7102997,-311150,-4.2,6.07,4.12,-1.95,Asia,Quốc Gia
Palestine,PSE,2042,7536233,7200550,-335683,-4.45,6.24,4.14,-2.1,Asia,Quốc Gia
Palestine,PSE,2043,7657088,7298103,-358985,-4.69,6.42,4.16,-2.26,Asia,Quốc Gia
Palestine,PSE,2044,7776558,7395655,-380903,-4.9,6.6,4.18,-2.42,Asia,Quốc Gia
Palestine,PSE,2045,7895104,7493208,-401896,-5.09,6.8,4.2,-2.6,Asia,Quốc Gia
Palestine,PSE,2046,8010986,7590761,-420225,-5.25,7.0,4.21,-2.79,Asia,Quốc Gia
Palestine,PSE,2047,8123746,7688313,-435433,-5.36,7.22,4.23,-2.99,Asia,Quốc Gia
Palestine,PSE,2048,8234208,7785866,-448342,-5.44,7.46,4.25,-3.21,Asia,Quốc Gia
Palestine,PSE,2049,8343124,7883418,-459706,-5.51,7.71,4.26,-3.45,Asia,Quốc Gia
Palestine,PSE,2050,8451896,7980971,-470925,-5.57,7.98,4.28,-3.7,Asia,Quốc Gia
Panama,PAN,2027,4679239,4708016,28777,0.61,10.31,9.07,-1.24,North America,Quốc Gia
Panama,PAN,2028,4731817,4770703,38886,0.82,10.66,9.17,-1.49,North America,Quốc Gia
Panama,PAN,2029,4783377,4833389,50012,1.05,11.02,9.27,-1.75,North America,Quốc Gia
Panama,PAN,2030,4833855,4896076,62221,1.29,11.39,9.36,-2.03,North America,Quốc Gia
Panama,PAN,2031,4883389,4958762,75373,1.54,11.76,9.45,-2.31,North America,Quốc Gia
Panama,PAN,2032,4932074,5021449,89375,1.81,12.14,9.54,-2.6,North America,Quốc Gia
Panama,PAN,2033,4979811,5084135,104324,2.09,12.52,9.63,-2.89,North America,Quốc Gia
Panama,PAN,2034,5026494,5146822,120328,2.39,12.9,9.71,-3.19,North America,Quốc Gia
Panama,PAN,2035,5072268,5209508,137240,2.71,13.28,9.8,-3.48,North America,Quốc Gia
Panama,PAN,2036,5117124,5272195,155071,3.03,13.67,9.88,-3.79,North America,Quốc Gia
Panama,PAN,2037,5161086,5334881,173795,3.37,14.05,9.96,-4.09,North America,Quốc Gia
Panama,PAN,2038,5204053,5397568,193515,3.72,14.42,10.04,-4.38,North America,Quốc Gia
Panama,PAN,2039,5245902,5460254,214352,4.09,14.79,10.11,-4.68,North America,Quốc Gia
Panama,PAN,2040,5286596,5522941,236345,4.47,15.14,10.19,-4.95,North America,Quốc Gia
Panama,PAN,2041,5326183,5585627,259444,4.87,15.49,10.26,-5.23,North America,Quốc Gia
Panama,PAN,2042,5364670,5648314,283644,5.29,15.82,10.33,-5.49,North America,Quốc Gia
Panama,PAN,2043,5402037,5711001,308964,5.72,16.15,10.4,-5.75,North America,Quốc Gia
Panama,PAN,2044,5438260,5773687,335427,6.17,16.47,10.47,-6.0,North America,Quốc Gia
Panama,PAN,2045,5473282,5836374,363092,6.63,16.8,10.53,-6.27,North America,Quốc Gia
Panama,PAN,2046,5507149,5899060,391911,7.12,17.13,10.6,-6.53,North America,Quốc Gia
Panama,PAN,2047,5539873,5961747,421874,7.62,17.46,10.66,-6.8,North America,Quốc Gia
Panama,PAN,2048,5571404,6024433,453029,8.13,17.8,10.72,-7.08,North America,Quốc Gia
Panama,PAN,2049,5601671,6087120,485449,8.67,18.14,10.78,-7.36,North America,Quốc Gia
Panama,PAN,2050,5630682,6149806,519124,9.22,18.48,10.84,-7.64,North America,Quốc Gia
Papua New Guinea,PNG,2027,11131276,11215113,83837,0.75,3.86,3.3,-0.56,Oceania,Quốc Gia
Papua New Guinea,PNG,2028,11312903,11423996,111093,0.98,4.0,3.32,-0.68,Oceania,Quốc Gia
Papua New Guinea,PNG,2029,11492806,11632878,140072,1.22,4.14,3.33,-0.81,Oceania,Quốc Gia
Papua New Guinea,PNG,2030,11671427,11841761,170334,1.46,4.29,3.35,-0.94,Oceania,Quốc Gia
Papua New Guinea,PNG,2031,11848229,12050643,202414,1.71,4.44,3.36,-1.08,Oceania,Quốc Gia
Papua New Guinea,PNG,2032,12023129,12259525,236396,1.97,4.59,3.37,-1.22,Oceania,Quốc Gia
Papua New Guinea,PNG,2033,12196648,12468408,271760,2.23,4.73,3.39,-1.34,Oceania,Quốc Gia
Papua New Guinea,PNG,2034,12369257,12677290,308033,2.49,4.88,3.4,-1.48,Oceania,Quốc Gia
Papua New Guinea,PNG,2035,12540603,12886172,345569,2.76,5.03,3.41,-1.62,Oceania,Quốc Gia
Papua New Guinea,PNG,2036,12710691,13095055,384364,3.02,5.18,3.42,-1.76,Oceania,Quốc Gia
Papua New Guinea,PNG,2037,12879745,13303937,424192,3.29,5.33,3.44,-1.89,Oceania,Quốc Gia
Papua New Guinea,PNG,2038,13047131,13512820,465689,3.57,5.48,3.45,-2.03,Oceania,Quốc Gia
Papua New Guinea,PNG,2039,13212675,13721702,509027,3.85,5.64,3.46,-2.18,Oceania,Quốc Gia
Papua New Guinea,PNG,2040,13376163,13930584,554421,4.14,5.79,3.47,-2.32,Oceania,Quốc Gia
Papua New Guinea,PNG,2041,13537369,14139467,602098,4.45,5.95,3.48,-2.47,Oceania,Quốc Gia
Papua New Guinea,PNG,2042,13696147,14348349,652202,4.76,6.1,3.49,-2.61,Oceania,Quốc Gia
Papua New Guinea,PNG,2043,13853419,14557232,703813,5.08,6.26,3.5,-2.76,Oceania,Quốc Gia
Papua New Guinea,PNG,2044,14009934,14766114,756180,5.4,6.41,3.51,-2.9,Oceania,Quốc Gia
Papua New Guinea,PNG,2045,14165586,14974996,809410,5.71,6.57,3.52,-3.05,Oceania,Quốc Gia
Papua New Guinea,PNG,2046,14318898,15183879,864981,6.04,6.72,3.53,-3.19,Oceania,Quốc Gia
Papua New Guinea,PNG,2047,14469220,15392761,923541,6.38,6.87,3.54,-3.33,Oceania,Quốc Gia
Papua New Guinea,PNG,2048,14617374,15601644,984270,6.73,7.03,3.54,-3.49,Oceania,Quốc Gia
Papua New Guinea,PNG,2049,14763608,15810526,1046918,7.09,7.19,3.55,-3.64,Oceania,Quốc Gia
Papua New Guinea,PNG,2050,14906592,16019408,1112816,7.47,7.35,3.56,-3.79,Oceania,Quốc Gia
Paraguay,PRY,2027,7175671,7134349,-41322,-0.58,7.12,6.56,-0.56,South America,Quốc Gia
Paraguay,PRY,2028,7254527,7212448,-42079,-0.58,7.35,6.63,-0.72,South America,Quốc Gia
Paraguay,PRY,2029,7331909,7290548,-41361,-0.56,7.58,6.69,-0.89,South America,Quốc Gia
Paraguay,PRY,2030,7407621,7368648,-38973,-0.53,7.81,6.75,-1.06,South America,Quốc Gia
Paraguay,PRY,2031,7481640,7446747,-34893,-0.47,8.04,6.81,-1.23,South America,Quốc Gia
Paraguay,PRY,2032,7554218,7524847,-29371,-0.39,8.26,6.87,-1.39,South America,Quốc Gia
Paraguay,PRY,2033,7625457,7602947,-22510,-0.3,8.47,6.93,-1.54,South America,Quốc Gia
Paraguay,PRY,2034,7695118,7681047,-14071,-0.18,8.68,6.99,-1.69,South America,Quốc Gia
Paraguay,PRY,2035,7763521,7759146,-4375,-0.06,8.87,7.04,-1.83,South America,Quốc Gia
Paraguay,PRY,2036,7830882,7837246,6364,0.08,9.06,7.1,-1.96,South America,Quốc Gia
Paraguay,PRY,2037,7896973,7915346,18373,0.23,9.24,7.15,-2.09,South America,Quốc Gia
Paraguay,PRY,2038,7961862,7993445,31583,0.4,9.42,7.2,-2.22,South America,Quốc Gia
Paraguay,PRY,2039,8025487,8071545,46058,0.57,9.59,7.26,-2.33,South America,Quốc Gia
Paraguay,PRY,2040,8087570,8149645,62075,0.77,9.77,7.31,-2.46,South America,Quốc Gia
Paraguay,PRY,2041,8148406,8227744,79338,0.97,9.95,7.36,-2.59,South America,Quốc Gia
Paraguay,PRY,2042,8208318,8305844,97526,1.19,10.14,7.4,-2.74,South America,Quốc Gia
Paraguay,PRY,2043,8267005,8383944,116939,1.41,10.34,7.45,-2.89,South America,Quốc Gia
Paraguay,PRY,2044,8324328,8462044,137716,1.65,10.56,7.5,-3.06,South America,Quốc Gia
Paraguay,PRY,2045,8380529,8540143,159614,1.9,10.8,7.55,-3.25,South America,Quốc Gia
Paraguay,PRY,2046,8435754,8618243,182489,2.16,11.07,7.59,-3.48,South America,Quốc Gia
Paraguay,PRY,2047,8489457,8696343,206886,2.44,11.37,7.63,-3.74,South America,Quốc Gia
Paraguay,PRY,2048,8541342,8774442,233100,2.73,11.69,7.68,-4.01,South America,Quốc Gia
Paraguay,PRY,2049,8591710,8852542,260832,3.04,12.03,7.72,-4.31,South America,Quốc Gia
Paraguay,PRY,2050,8640471,8930642,290171,3.36,12.39,7.76,-4.63,South America,Quốc Gia
Peru,PER,2027,35255685,34881660,-374025,-1.06,9.95,9.82,-0.13,South America,Quốc Gia
Peru,PER,2028,35578282,35202688,-375594,-1.06,10.2,9.96,-0.24,South America,Quốc Gia
Peru,PER,2029,35890707,35523715,-366992,-1.02,10.45,10.1,-0.35,South America,Quốc Gia
Peru,PER,2030,36193885,35844743,-349142,-0.96,10.71,10.23,-0.48,South America,Quốc Gia
Peru,PER,2031,36488438,36165770,-322668,-0.88,10.99,10.37,-0.62,South America,Quốc Gia
Peru,PER,2032,36774939,36486797,-288142,-0.78,11.27,10.5,-0.77,South America,Quốc Gia
Peru,PER,2033,37054381,36807825,-246556,-0.67,11.56,10.63,-0.93,South America,Quốc Gia
Peru,PER,2034,37326800,37128852,-197948,-0.53,11.87,10.75,-1.12,South America,Quốc Gia
Peru,PER,2035,37591422,37449880,-141542,-0.38,12.19,10.88,-1.31,South America,Quốc Gia
Peru,PER,2036,37848149,37770907,-77242,-0.2,12.52,11.0,-1.52,South America,Quốc Gia
Peru,PER,2037,38096899,38091935,-4964,-0.01,12.87,11.12,-1.75,South America,Quốc Gia
Peru,PER,2038,38337328,38412962,75634,0.2,13.22,11.24,-1.98,South America,Quốc Gia
Peru,PER,2039,38569894,38733989,164095,0.43,13.58,11.35,-2.23,South America,Quốc Gia
Peru,PER,2040,38794649,39055017,260368,0.67,13.94,11.47,-2.47,South America,Quốc Gia
Peru,PER,2041,39011536,39376044,364508,0.93,14.3,11.58,-2.72,South America,Quốc Gia
Peru,PER,2042,39220373,39697072,476699,1.22,14.65,11.69,-2.96,South America,Quốc Gia
Peru,PER,2043,39420650,40018099,597449,1.52,15.01,11.8,-3.21,South America,Quốc Gia
Peru,PER,2044,39612847,40339127,726280,1.83,15.37,11.91,-3.46,South America,Quốc Gia
Peru,PER,2045,39796725,40660154,863429,2.17,15.73,12.01,-3.72,South America,Quốc Gia
Peru,PER,2046,39971720,40981182,1009462,2.53,16.1,12.11,-3.99,South America,Quốc Gia
Peru,PER,2047,40137872,41302209,1164337,2.9,16.47,12.22,-4.25,South America,Quốc Gia
Peru,PER,2048,40294859,41623236,1328377,3.3,16.86,12.32,-4.54,South America,Quốc Gia
Peru,PER,2049,40443275,41944264,1500989,3.71,17.26,12.42,-4.84,South America,Quốc Gia
Peru,PER,2050,40583877,42265291,1681414,4.14,17.67,12.51,-5.16,South America,Quốc Gia
Philippines,PHL,2027,118656418,122583968,3927550,3.31,6.18,5.08,-1.1,Asia,Quốc Gia
Philippines,PHL,2028,119583977,124169922,4585945,3.83,6.4,5.13,-1.27,Asia,Quốc Gia
Philippines,PHL,2029,120502125,125755877,5253752,4.36,6.62,5.19,-1.43,Asia,Quốc Gia
Philippines,PHL,2030,121408890,127341831,5932941,4.89,6.84,5.24,-1.6,Asia,Quốc Gia
Philippines,PHL,2031,122301600,128927786,6626186,5.42,7.05,5.29,-1.76,Asia,Quốc Gia
Philippines,PHL,2032,123180333,130513741,7333408,5.95,7.25,5.34,-1.91,Asia,Quốc Gia
Philippines,PHL,2033,124049029,132099695,8050666,6.49,7.45,5.39,-2.06,Asia,Quốc Gia
Philippines,PHL,2034,124904114,133685650,8781536,7.03,7.66,5.43,-2.23,Asia,Quốc Gia
Philippines,PHL,2035,125740968,135271604,9530636,7.58,7.87,5.48,-2.39,Asia,Quốc Gia
Philippines,PHL,2036,126558221,136857559,10299338,8.14,8.07,5.52,-2.55,Asia,Quốc Gia
Philippines,PHL,2037,127352599,138443513,11090914,8.71,8.27,5.57,-2.7,Asia,Quốc Gia
Philippines,PHL,2038,128118528,140029468,11910940,9.3,8.45,5.61,-2.84,Asia,Quốc Gia
Philippines,PHL,2039,128850039,141615423,12765384,9.91,8.62,5.65,-2.97,Asia,Quốc Gia
Philippines,PHL,2040,129546656,143201377,13654721,10.54,8.8,5.69,-3.11,Asia,Quốc Gia
Philippines,PHL,2041,130209803,144787332,14577529,11.2,8.99,5.73,-3.26,Asia,Quốc Gia
Philippines,PHL,2042,130836997,146373286,15536289,11.87,9.19,5.77,-3.42,Asia,Quốc Gia
Philippines,PHL,2043,131427395,147959241,16531846,12.58,9.4,5.81,-3.59,Asia,Quốc Gia
Philippines,PHL,2044,131979666,149545195,17565529,13.31,9.63,5.84,-3.79,Asia,Quốc Gia
Philippines,PHL,2045,132492031,151131150,18639119,14.07,9.88,5.88,-4.0,Asia,Quốc Gia
Philippines,PHL,2046,132961994,152717105,19755111,14.86,10.13,5.92,-4.21,Asia,Quốc Gia
Philippines,PHL,2047,133385284,154303059,20917775,15.68,10.38,5.95,-4.43,Asia,Quốc Gia
Philippines,PHL,2048,133759428,155889014,22129586,16.54,10.63,5.99,-4.64,Asia,Quốc Gia
Philippines,PHL,2049,134089004,157474968,23385964,17.44,10.89,6.02,-4.87,Asia,Quốc Gia
Philippines,PHL,2050,134373432,159060923,24687491,18.37,11.15,6.05,-5.1,Asia,Quốc Gia
Poland,POL,2027,37695020,38214372,519352,1.38,21.63,19.92,-1.71,Europe,Quốc Gia
Poland,POL,2028,37538255,38213504,675249,1.8,21.96,20.22,-1.74,Europe,Quốc Gia
Poland,POL,2029,37372272,38212635,840363,2.25,22.25,20.52,-1.73,Europe,Quốc Gia
Poland,POL,2030,37198534,38211767,1013233,2.72,22.52,20.82,-1.7,Europe,Quốc Gia
Poland,POL,2031,37018008,38210898,1192890,3.22,22.76,21.12,-1.64,Europe,Quốc Gia
Poland,POL,2032,36831177,38210030,1378853,3.74,22.99,21.42,-1.57,Europe,Quốc Gia
Poland,POL,2033,36639814,38209161,1569347,4.28,23.21,21.72,-1.49,Europe,Quốc Gia
Poland,POL,2034,36443901,38208293,1764392,4.84,23.45,22.02,-1.43,Europe,Quốc Gia
Poland,POL,2035,36243782,38207424,1963642,5.42,23.71,22.32,-1.39,Europe,Quốc Gia
Poland,POL,2036,36038943,38206556,2167613,6.01,24.01,22.62,-1.39,Europe,Quốc Gia
Poland,POL,2037,35829762,38205687,2375925,6.63,24.35,22.92,-1.43,Europe,Quốc Gia
Poland,POL,2038,35617020,38204819,2587799,7.27,24.73,23.22,-1.51,Europe,Quốc Gia
Poland,POL,2039,35400129,38203950,2803821,7.92,25.15,23.52,-1.63,Europe,Quốc Gia
Poland,POL,2040,35179552,38203082,3023530,8.59,25.61,23.82,-1.79,Europe,Quốc Gia
Poland,POL,2041,34956338,38202213,3245875,9.29,26.1,24.12,-1.98,Europe,Quốc Gia
Poland,POL,2042,34729705,38201345,3471640,10.0,26.63,24.42,-2.21,Europe,Quốc Gia
Poland,POL,2043,34499247,38200476,3701229,10.73,27.18,24.72,-2.46,Europe,Quốc Gia
Poland,POL,2044,34266474,38199608,3933134,11.48,27.76,25.02,-2.74,Europe,Quốc Gia
Poland,POL,2045,34031058,38198740,4167682,12.25,28.37,25.32,-3.05,Europe,Quốc Gia
Poland,POL,2046,33792869,38197871,4405002,13.04,29.01,25.62,-3.39,Europe,Quốc Gia
Poland,POL,2047,33552186,38197003,4644817,13.84,29.67,25.92,-3.75,Europe,Quốc Gia
Poland,POL,2048,33309098,38196134,4887036,14.67,30.37,26.22,-4.15,Europe,Quốc Gia
Poland,POL,2049,33063240,38195266,5132026,15.52,31.06,26.52,-4.54,Europe,Quốc Gia
Poland,POL,2050,32814092,38194397,5380305,16.4,31.74,26.82,-4.92,Europe,Quốc Gia
Portugal,PRT,2027,10377983,10505765,127782,1.23,25.76,24.81,-0.95,Europe,Quốc Gia
Portugal,PRT,2028,10358298,10513493,155195,1.5,26.17,25.13,-1.04,Europe,Quốc Gia
Portugal,PRT,2029,10337467,10521222,183755,1.78,26.59,25.45,-1.14,Europe,Quốc Gia
Portugal,PRT,2030,10317937,10528950,211013,2.05,27.0,25.77,-1.23,Europe,Quốc Gia
Portugal,PRT,2031,10298434,10536679,238245,2.31,27.4,26.09,-1.31,Europe,Quốc Gia
Portugal,PRT,2032,10277041,10544407,267366,2.6,27.77,26.41,-1.36,Europe,Quốc Gia
Portugal,PRT,2033,10254659,10552136,297477,2.9,28.12,26.73,-1.39,Europe,Quốc Gia
Portugal,PRT,2034,10231670,10559864,328194,3.21,28.47,27.05,-1.42,Europe,Quốc Gia
Portugal,PRT,2035,10208251,10567593,359342,3.52,28.82,27.37,-1.45,Europe,Quốc Gia
Portugal,PRT,2036,10184664,10575321,390657,3.84,29.19,27.68,-1.51,Europe,Quốc Gia
Portugal,PRT,2037,10160795,10583050,422255,4.16,29.58,28.0,-1.58,Europe,Quốc Gia
Portugal,PRT,2038,10136264,10590778,454514,4.48,29.97,28.32,-1.65,Europe,Quốc Gia
Portugal,PRT,2039,10109981,10598507,488526,4.83,30.36,28.63,-1.73,Europe,Quốc Gia
Portugal,PRT,2040,10082263,10606236,523973,5.2,30.79,28.95,-1.84,Europe,Quốc Gia
Portugal,PRT,2041,10055047,10613964,558917,5.56,31.22,29.26,-1.96,Europe,Quốc Gia
Portugal,PRT,2042,10028284,10621693,593409,5.92,31.62,29.58,-2.04,Europe,Quốc Gia
Portugal,PRT,2043,9999537,10629421,629884,6.3,31.95,29.89,-2.06,Europe,Quốc Gia
Portugal,PRT,2044,9969285,10637150,667865,6.7,32.21,30.21,-2.0,Europe,Quốc Gia
Portugal,PRT,2045,9938394,10644878,706484,7.11,32.43,30.52,-1.91,Europe,Quốc Gia
Portugal,PRT,2046,9906343,10652607,746264,7.53,32.62,30.83,-1.79,Europe,Quốc Gia
Portugal,PRT,2047,9873441,10660335,786894,7.97,32.78,31.15,-1.63,Europe,Quốc Gia
Portugal,PRT,2048,9840573,10668064,827491,8.41,32.88,31.46,-1.42,Europe,Quốc Gia
Portugal,PRT,2049,9806132,10675792,869660,8.87,32.95,31.77,-1.18,Europe,Quốc Gia
Portugal,PRT,2050,9770270,10683521,913251,9.35,32.95,32.08,-0.87,Europe,Quốc Gia
Puerto Rico,PRI,2027,3206102,3229202,23100,0.72,26.37,25.63,-0.74,North America,Quốc Gia
Puerto Rico,PRI,2028,3186515,3208607,22092,0.69,26.96,26.24,-0.72,North America,Quốc Gia
Puerto Rico,PRI,2029,3164802,3188012,23210,0.73,27.56,26.85,-0.71,North America,Quốc Gia
Puerto Rico,PRI,2030,3140736,3167417,26681,0.85,28.15,27.47,-0.68,North America,Quốc Gia
Puerto Rico,PRI,2031,3115199,3146822,31623,1.02,28.72,28.1,-0.62,North America,Quốc Gia
Puerto Rico,PRI,2032,3089389,3126227,36838,1.19,29.25,28.74,-0.51,North America,Quốc Gia
Puerto Rico,PRI,2033,3062558,3105632,43074,1.41,29.75,29.38,-0.37,North America,Quốc Gia
Puerto Rico,PRI,2034,3034643,3085037,50394,1.66,30.25,30.04,-0.21,North America,Quốc Gia
Puerto Rico,PRI,2035,3006448,3064442,57994,1.93,30.74,30.7,-0.04,North America,Quốc Gia
Puerto Rico,PRI,2036,2978269,3043847,65578,2.2,31.2,31.38,0.18,North America,Quốc Gia
Puerto Rico,PRI,2037,2948932,3023252,74320,2.52,31.63,32.06,0.43,North America,Quốc Gia
Puerto Rico,PRI,2038,2917957,3002657,84700,2.9,32.05,32.75,0.7,North America,Quốc Gia
Puerto Rico,PRI,2039,2886183,2982062,95879,3.32,32.47,33.45,0.98,North America,Quốc Gia
Puerto Rico,PRI,2040,2853786,2961467,107681,3.77,32.88,34.16,1.28,North America,Quốc Gia
Puerto Rico,PRI,2041,2820817,2940872,120055,4.26,33.29,34.88,1.59,North America,Quốc Gia
Puerto Rico,PRI,2042,2787585,2920277,132692,4.76,33.69,35.61,1.92,North America,Quốc Gia
Puerto Rico,PRI,2043,2753963,2899682,145719,5.29,34.11,36.35,2.24,North America,Quốc Gia
Puerto Rico,PRI,2044,2719773,2879087,159314,5.86,34.53,37.1,2.57,North America,Quốc Gia
Puerto Rico,PRI,2045,2684936,2858492,173556,6.46,34.95,37.87,2.92,North America,Quốc Gia
Puerto Rico,PRI,2046,2649243,2837896,188653,7.12,35.35,38.64,3.29,North America,Quốc Gia
Puerto Rico,PRI,2047,2613237,2817301,204064,7.81,35.71,39.43,3.72,North America,Quốc Gia
Puerto Rico,PRI,2048,2577331,2796706,219375,8.51,36.04,40.22,4.18,North America,Quốc Gia
Puerto Rico,PRI,2049,2540702,2776111,235409,9.27,36.37,41.03,4.66,North America,Quốc Gia
Puerto Rico,PRI,2050,2503988,2755516,251528,10.05,36.68,41.85,5.17,North America,Quốc Gia
Qatar,QAT,2027,3220920,3415888,194968,6.05,1.74,1.37,-0.37,Asia,Quốc Gia
Qatar,QAT,2028,3261634,3515830,254196,7.79,1.76,1.37,-0.39,Asia,Quốc Gia
Qatar,QAT,2029,3299084,3615771,316687,9.6,1.78,1.38,-0.4,Asia,Quốc Gia
Qatar,QAT,2030,3333615,3715713,382098,11.46,1.78,1.38,-0.4,Asia,Quốc Gia
Qatar,QAT,2031,3367301,3815654,448353,13.31,1.78,1.38,-0.4,Asia,Quốc Gia
Qatar,QAT,2032,3401899,3915596,513697,15.1,1.77,1.38,-0.39,Asia,Quốc Gia
Qatar,QAT,2033,3437432,4015537,578105,16.82,1.77,1.39,-0.38,Asia,Quốc Gia
Qatar,QAT,2034,3473903,4115479,641576,18.47,1.78,1.39,-0.39,Asia,Quốc Gia
Qatar,QAT,2035,3511260,4215421,704161,20.05,1.8,1.39,-0.41,Asia,Quốc Gia
Qatar,QAT,2036,3549526,4315362,765836,21.58,1.82,1.39,-0.43,Asia,Quốc Gia
Qatar,QAT,2037,3588724,4415304,826580,23.03,1.85,1.4,-0.45,Asia,Quốc Gia
Qatar,QAT,2038,3628804,4515245,886441,24.43,1.88,1.4,-0.48,Asia,Quốc Gia
Qatar,QAT,2039,3669751,4615187,945436,25.76,1.91,1.4,-0.51,Asia,Quốc Gia
Qatar,QAT,2040,3711508,4715129,1003621,27.04,1.96,1.4,-0.56,Asia,Quốc Gia
Qatar,QAT,2041,3754029,4815070,1061041,28.26,2.03,1.4,-0.63,Asia,Quốc Gia
Qatar,QAT,2042,3797271,4915012,1117741,29.44,2.1,1.41,-0.69,Asia,Quốc Gia
Qatar,QAT,2043,3841198,5014953,1173755,30.56,2.18,1.41,-0.77,Asia,Quốc Gia
Qatar,QAT,2044,3885746,5114895,1229149,31.63,2.28,1.41,-0.87,Asia,Quốc Gia
Qatar,QAT,2045,3930898,5214836,1283938,32.66,2.41,1.41,-1.0,Asia,Quốc Gia
Qatar,QAT,2046,3976604,5314778,1338174,33.65,2.55,1.41,-1.14,Asia,Quốc Gia
Qatar,QAT,2047,4022821,5414720,1391899,34.6,2.68,1.41,-1.27,Asia,Quốc Gia
Qatar,QAT,2048,4069565,5514661,1445096,35.51,2.82,1.41,-1.41,Asia,Quốc Gia
Qatar,QAT,2049,4116777,5614603,1497826,36.38,2.91,1.42,-1.49,Asia,Quốc Gia
Qatar,QAT,2050,4164465,5714544,1550079,37.22,2.97,1.42,-1.55,Asia,Quốc Gia
Reunion,REU,2027,890212,911547,21335,2.4,17.53,14.72,-2.81,Africa,Quốc Gia
Reunion,REU,2028,893956,916990,23034,2.58,18.28,14.97,-3.31,Africa,Quốc Gia
Reunion,REU,2029,897518,922432,24914,2.78,19.07,15.22,-3.85,Africa,Quốc Gia
Reunion,REU,2030,900873,927875,27002,3.0,19.85,15.46,-4.39,Africa,Quốc Gia
Reunion,REU,2031,904263,933317,29054,3.21,20.56,15.7,-4.86,Africa,Quốc Gia
Reunion,REU,2032,907647,938759,31112,3.43,21.23,15.94,-5.29,Africa,Quốc Gia
Reunion,REU,2033,910821,944202,33381,3.66,21.87,16.18,-5.69,Africa,Quốc Gia
Reunion,REU,2034,913797,949644,35847,3.92,22.48,16.41,-6.07,Africa,Quốc Gia
Reunion,REU,2035,916705,955087,38382,4.19,23.0,16.64,-6.36,Africa,Quốc Gia
Reunion,REU,2036,919624,960529,40905,4.45,23.46,16.87,-6.59,Africa,Quốc Gia
Reunion,REU,2037,922373,965971,43598,4.73,23.91,17.09,-6.82,Africa,Quốc Gia
Reunion,REU,2038,924933,971414,46481,5.03,24.3,17.32,-6.98,Africa,Quốc Gia
Reunion,REU,2039,927296,976856,49560,5.34,24.63,17.54,-7.09,Africa,Quốc Gia
Reunion,REU,2040,929479,982299,52820,5.68,24.95,17.75,-7.2,Africa,Quốc Gia
Reunion,REU,2041,931612,987741,56129,6.02,25.22,17.97,-7.25,Africa,Quốc Gia
Reunion,REU,2042,933669,993183,59514,6.37,25.42,18.18,-7.24,Africa,Quốc Gia
Reunion,REU,2043,935665,998626,62961,6.73,25.59,18.39,-7.2,Africa,Quốc Gia
Reunion,REU,2044,937463,1004068,66605,7.1,25.77,18.6,-7.17,Africa,Quốc Gia
Reunion,REU,2045,938891,1009511,70620,7.52,25.97,18.81,-7.16,Africa,Quốc Gia
Reunion,REU,2046,939906,1014953,75047,7.98,26.17,19.01,-7.16,Africa,Quốc Gia
Reunion,REU,2047,940778,1020395,79617,8.46,26.3,19.22,-7.08,Africa,Quốc Gia
Reunion,REU,2048,941356,1025838,84482,8.97,26.39,19.42,-6.97,Africa,Quốc Gia
Reunion,REU,2049,941556,1031280,89724,9.53,26.51,19.61,-6.9,Africa,Quốc Gia
Reunion,REU,2050,941421,1036723,95302,10.12,26.6,19.81,-6.79,Africa,Quốc Gia
Romania,ROU,2027,18691561,18448653,-242908,-1.3,20.29,21.02,0.73,Europe,Quốc Gia
Romania,ROU,2028,18581886,18320039,-261847,-1.41,20.34,21.35,1.01,Europe,Quốc Gia
Romania,ROU,2029,18471043,18191425,-279618,-1.51,20.36,21.7,1.34,Europe,Quốc Gia
Romania,ROU,2030,18359505,18062811,-296694,-1.62,20.37,22.04,1.67,Europe,Quốc Gia
Romania,ROU,2031,18247765,17934196,-313569,-1.72,20.4,22.39,1.99,Europe,Quốc Gia
Romania,ROU,2032,18135671,17805582,-330089,-1.82,20.79,22.75,1.96,Europe,Quốc Gia
Romania,ROU,2033,18022868,17676968,-345900,-1.92,21.59,23.11,1.52,Europe,Quốc Gia
Romania,ROU,2034,17909240,17548354,-360886,-2.02,22.33,23.48,1.15,Europe,Quốc Gia
Romania,ROU,2035,17794421,17419740,-374681,-2.11,22.89,23.85,0.96,Europe,Quốc Gia
Romania,ROU,2036,17678049,17291126,-386923,-2.19,23.34,24.23,0.89,Europe,Quốc Gia
Romania,ROU,2037,17561288,17162512,-398776,-2.27,23.73,24.62,0.89,Europe,Quốc Gia
Romania,ROU,2038,17443922,17033898,-410024,-2.35,24.08,25.01,0.93,Europe,Quốc Gia
Romania,ROU,2039,17326563,16905283,-421280,-2.43,24.47,25.4,0.93,Europe,Quốc Gia
Romania,ROU,2040,17209716,16776669,-433047,-2.52,24.9,25.8,0.9,Europe,Quốc Gia
Romania,ROU,2041,17091778,16648055,-443723,-2.6,25.33,26.21,0.88,Europe,Quốc Gia
Romania,ROU,2042,16973748,16519441,-454307,-2.68,25.77,26.63,0.86,Europe,Quốc Gia
Romania,ROU,2043,16856341,16390827,-465514,-2.76,26.2,27.05,0.85,Europe,Quốc Gia
Romania,ROU,2044,16738280,16262213,-476067,-2.84,26.6,27.47,0.87,Europe,Quốc Gia
Romania,ROU,2045,16620322,16133599,-486723,-2.93,26.96,27.91,0.95,Europe,Quốc Gia
Romania,ROU,2046,16502989,16004985,-498004,-3.02,27.27,28.35,1.08,Europe,Quốc Gia
Romania,ROU,2047,16384826,15876370,-508456,-3.1,27.47,28.8,1.33,Europe,Quốc Gia
Romania,ROU,2048,16265698,15747756,-517942,-3.18,27.51,29.25,1.74,Europe,Quốc Gia
Romania,ROU,2049,16146364,15619142,-527222,-3.27,27.56,29.72,2.16,Europe,Quốc Gia
Romania,ROU,2050,16027269,15490528,-536741,-3.35,27.77,30.19,2.42,Europe,Quốc Gia
Russia,RUS,2027,143044122,144248266,1204144,0.84,18.8,16.58,-2.22,Europe,Quốc Gia
Russia,RUS,2028,142669792,144168798,1499006,1.05,19.18,16.75,-2.43,Europe,Quốc Gia
Russia,RUS,2029,142285058,144089331,1804273,1.27,19.5,16.91,-2.59,Europe,Quốc Gia
Russia,RUS,2030,141889417,144009864,2120447,1.49,19.76,17.07,-2.69,Europe,Quốc Gia
Russia,RUS,2031,141475451,143930397,2454946,1.74,19.94,17.23,-2.71,Europe,Quốc Gia
Russia,RUS,2032,141060374,143850929,2790555,1.98,20.05,17.4,-2.65,Europe,Quốc Gia
Russia,RUS,2033,140664600,143771462,3106862,2.21,20.15,17.56,-2.59,Europe,Quốc Gia
Russia,RUS,2034,140280786,143691995,3411209,2.43,20.24,17.72,-2.52,Europe,Quốc Gia
Russia,RUS,2035,139909638,143612528,3702890,2.65,20.39,17.89,-2.5,Europe,Quốc Gia
Russia,RUS,2036,139551519,143533061,3981542,2.85,20.57,18.05,-2.52,Europe,Quốc Gia
Russia,RUS,2037,139204860,143453593,4248733,3.05,20.73,18.22,-2.51,Europe,Quốc Gia
Russia,RUS,2038,138876800,143374126,4497326,3.24,20.9,18.38,-2.52,Europe,Quốc Gia
Russia,RUS,2039,138567317,143294659,4727342,3.41,21.07,18.54,-2.53,Europe,Quốc Gia
Russia,RUS,2040,138281831,143215192,4933361,3.57,21.26,18.71,-2.55,Europe,Quốc Gia
Russia,RUS,2041,138021762,143135724,5113962,3.71,21.46,18.87,-2.59,Europe,Quốc Gia
Russia,RUS,2042,137782740,143056257,5273517,3.83,21.65,19.04,-2.61,Europe,Quốc Gia
Russia,RUS,2043,137557901,142976790,5418889,3.94,21.84,19.2,-2.64,Europe,Quốc Gia
Russia,RUS,2044,137345007,142897323,5552316,4.04,22.06,19.37,-2.69,Europe,Quốc Gia
Russia,RUS,2045,137152207,142817856,5665649,4.13,22.33,19.53,-2.8,Europe,Quốc Gia
Russia,RUS,2046,136973710,142738388,5764678,4.21,22.54,19.7,-2.84,Europe,Quốc Gia
Russia,RUS,2047,136789406,142658921,5869515,4.29,22.73,19.87,-2.86,Europe,Quốc Gia
Russia,RUS,2048,136585975,142579454,5993479,4.39,23.05,20.03,-3.02,Europe,Quốc Gia
Russia,RUS,2049,136368396,142499987,6131591,4.5,23.41,20.2,-3.21,Europe,Quốc Gia
Russia,RUS,2050,136132783,142420519,6287736,4.62,23.79,20.36,-3.43,Europe,Quốc Gia
Rwanda,RWA,2027,15214331,14849889,-364442,-2.4,4.17,3.76,-0.41,Africa,Quốc Gia
Rwanda,RWA,2028,15536468,15106335,-430133,-2.77,4.21,3.79,-0.42,Africa,Quốc Gia
Rwanda,RWA,2029,15844656,15362781,-481875,-3.04,4.23,3.82,-0.41,Africa,Quốc Gia
Rwanda,RWA,2030,16154704,15619226,-535478,-3.31,4.24,3.85,-0.39,Africa,Quốc Gia
Rwanda,RWA,2031,16473112,15875672,-597440,-3.63,4.24,3.88,-0.36,Africa,Quốc Gia
Rwanda,RWA,2032,16771828,16132117,-639711,-3.81,4.26,3.91,-0.35,Africa,Quốc Gia
Rwanda,RWA,2033,17073482,16388563,-684919,-4.01,4.28,3.94,-0.34,Africa,Quốc Gia
Rwanda,RWA,2034,17402258,16645009,-757249,-4.35,4.31,3.96,-0.35,Africa,Quốc Gia
Rwanda,RWA,2035,17746323,16901454,-844869,-4.76,4.34,3.99,-0.35,Africa,Quốc Gia
Rwanda,RWA,2036,18076776,17157900,-918876,-5.08,4.37,4.01,-0.36,Africa,Quốc Gia
Rwanda,RWA,2037,18395846,17414346,-981500,-5.34,4.4,4.04,-0.36,Africa,Quốc Gia
Rwanda,RWA,2038,18729786,17670791,-1058995,-5.65,4.43,4.06,-0.37,Africa,Quốc Gia
Rwanda,RWA,2039,19076791,17927237,-1149554,-6.03,4.46,4.08,-0.38,Africa,Quốc Gia
Rwanda,RWA,2040,19440770,18183683,-1257087,-6.47,4.5,4.11,-0.39,Africa,Quốc Gia
Rwanda,RWA,2041,19806178,18440128,-1366050,-6.9,4.57,4.13,-0.44,Africa,Quốc Gia
Rwanda,RWA,2042,20153988,18696574,-1457414,-7.23,4.67,4.15,-0.52,Africa,Quốc Gia
Rwanda,RWA,2043,20500834,18953019,-1547815,-7.55,4.8,4.17,-0.63,Africa,Quốc Gia
Rwanda,RWA,2044,20837088,19209465,-1627623,-7.81,4.96,4.19,-0.77,Africa,Quốc Gia
Rwanda,RWA,2045,21152659,19465911,-1686748,-7.97,5.15,4.21,-0.94,Africa,Quốc Gia
Rwanda,RWA,2046,21459154,19722356,-1736798,-8.09,5.35,4.23,-1.12,Africa,Quốc Gia
Rwanda,RWA,2047,21764588,19978802,-1785786,-8.21,5.56,4.25,-1.31,Africa,Quốc Gia
Rwanda,RWA,2048,22086120,20235248,-1850872,-8.38,5.77,4.26,-1.51,Africa,Quốc Gia
Rwanda,RWA,2049,22403897,20491693,-1912204,-8.54,5.98,4.28,-1.7,Africa,Quốc Gia
Rwanda,RWA,2050,22707905,20748139,-1959766,-8.63,6.19,4.3,-1.89,Africa,Quốc Gia
Saint Barthelemy,BLM,2027,11692,11781,89,0.76,19.12,15.57,-3.55,North America,Quốc Gia
Saint Barthelemy,BLM,2028,11819,11953,134,1.13,19.72,15.75,-3.97,North America,Quốc Gia
Saint Barthelemy,BLM,2029,11938,12126,188,1.57,20.3,15.93,-4.37,North America,Quốc Gia
Saint Barthelemy,BLM,2030,12035,12298,263,2.19,20.81,16.1,-4.71,North America,Quốc Gia
Saint Barthelemy,BLM,2031,12125,12470,345,2.85,21.33,16.27,-5.06,North America,Quốc Gia
Saint Barthelemy,BLM,2032,12213,12643,430,3.52,21.88,16.43,-5.45,North America,Quốc Gia
Saint Barthelemy,BLM,2033,12285,12815,530,4.31,22.42,16.59,-5.83,North America,Quốc Gia
Saint Barthelemy,BLM,2034,12341,12987,646,5.23,22.91,16.74,-6.17,North America,Quốc Gia
Saint Barthelemy,BLM,2035,12404,13159,755,6.09,23.31,16.89,-6.42,North America,Quốc Gia
Saint Barthelemy,BLM,2036,12465,13332,867,6.96,23.68,17.04,-6.64,North America,Quốc Gia
Saint Barthelemy,BLM,2037,12516,13504,988,7.89,24.04,17.18,-6.86,North America,Quốc Gia
Saint Barthelemy,BLM,2038,12573,13676,1103,8.77,24.4,17.32,-7.08,North America,Quốc Gia
Saint Barthelemy,BLM,2039,12623,13849,1226,9.71,24.64,17.46,-7.18,North America,Quốc Gia
Saint Barthelemy,BLM,2040,12660,14021,1361,10.75,24.84,17.59,-7.25,North America,Quốc Gia
Saint Barthelemy,BLM,2041,12700,14193,1493,11.76,25.05,17.72,-7.33,North America,Quốc Gia
Saint Barthelemy,BLM,2042,12732,14366,1634,12.83,25.15,17.85,-7.3,North America,Quốc Gia
Saint Barthelemy,BLM,2043,12758,14538,1780,13.95,25.19,17.97,-7.22,North America,Quốc Gia
Saint Barthelemy,BLM,2044,12790,14710,1920,15.01,25.3,18.09,-7.21,North America,Quốc Gia
Saint Barthelemy,BLM,2045,12821,14883,2062,16.08,25.42,18.21,-7.21,North America,Quốc Gia
Saint Barthelemy,BLM,2046,12836,15055,2219,17.29,25.54,18.32,-7.22,North America,Quốc Gia
Saint Barthelemy,BLM,2047,12834,15227,2393,18.65,25.63,18.44,-7.19,North America,Quốc Gia
Saint Barthelemy,BLM,2048,12833,15399,2566,20.0,25.75,18.55,-7.2,North America,Quốc Gia
Saint Barthelemy,BLM,2049,12827,15572,2745,21.4,25.87,18.65,-7.22,North America,Quốc Gia
Saint Barthelemy,BLM,2050,12810,15744,2934,22.9,26.02,18.76,-7.26,North America,Quốc Gia
Saint Helena,SHN,2027,5119,5083,-36,-0.7,28.65,29.72,1.07,Africa,Quốc Gia
Saint Helena,SHN,2028,5063,5051,-12,-0.24,29.18,30.5,1.32,Africa,Quốc Gia
Saint Helena,SHN,2029,5007,5018,11,0.22,29.84,31.29,1.45,Africa,Quốc Gia
Saint Helena,SHN,2030,4955,4986,31,0.63,30.22,32.1,1.88,Africa,Quốc Gia
Saint Helena,SHN,2031,4899,4953,54,1.1,30.33,32.91,2.58,Africa,Quốc Gia
Saint Helena,SHN,2032,4846,4921,75,1.55,30.91,33.74,2.83,Africa,Quốc Gia
Saint Helena,SHN,2033,4790,4889,99,2.07,31.48,34.57,3.09,Africa,Quốc Gia
Saint Helena,SHN,2034,4735,4856,121,2.56,32.04,35.42,3.38,Africa,Quốc Gia
Saint Helena,SHN,2035,4680,4824,144,3.08,32.53,36.28,3.75,Africa,Quốc Gia
Saint Helena,SHN,2036,4632,4791,159,3.43,32.95,37.15,4.2,Africa,Quốc Gia
Saint Helena,SHN,2037,4584,4759,175,3.82,33.14,38.03,4.89,Africa,Quốc Gia
Saint Helena,SHN,2038,4528,4727,199,4.39,33.33,38.92,5.59,Africa,Quốc Gia
Saint Helena,SHN,2039,4482,4694,212,4.73,33.32,39.83,6.51,Africa,Quốc Gia
Saint Helena,SHN,2040,4437,4662,225,5.07,33.3,40.75,7.45,Africa,Quốc Gia
Saint Helena,SHN,2041,4388,4630,242,5.52,33.52,41.68,8.16,Africa,Quốc Gia
Saint Helena,SHN,2042,4349,4597,248,5.7,33.25,42.63,9.38,Africa,Quốc Gia
Saint Helena,SHN,2043,4301,4565,264,6.14,32.95,43.58,10.63,Africa,Quốc Gia
Saint Helena,SHN,2044,4255,4532,277,6.51,32.59,44.56,11.97,Africa,Quốc Gia
Saint Helena,SHN,2045,4213,4500,287,6.81,32.18,45.54,13.36,Africa,Quốc Gia
Saint Helena,SHN,2046,4163,4468,305,7.33,32.01,46.54,14.53,Africa,Quốc Gia
Saint Helena,SHN,2047,4117,4435,318,7.72,32.08,47.56,15.48,Africa,Quốc Gia
Saint Helena,SHN,2048,4078,4403,325,7.97,32.34,48.59,16.25,Africa,Quốc Gia
Saint Helena,SHN,2049,4034,4370,336,8.33,32.47,49.63,17.16,Africa,Quốc Gia
Saint Helena,SHN,2050,3992,4338,346,8.67,32.23,50.69,18.46,Africa,Quốc Gia
Saint Kitts and Nevis,KNA,2027,47074,48128,1054,2.24,12.57,9.9,-2.67,North America,Quốc Gia
Saint Kitts and Nevis,KNA,2028,47118,48248,1130,2.4,12.99,9.98,-3.01,North America,Quốc Gia
Saint Kitts and Nevis,KNA,2029,47137,48368,1231,2.61,13.43,10.06,-3.37,North America,Quốc Gia
Saint Kitts and Nevis,KNA,2030,47157,48489,1332,2.82,13.89,10.14,-3.75,North America,Quốc Gia
Saint Kitts and Nevis,KNA,2031,47150,48609,1459,3.09,14.34,10.22,-4.12,North America,Quốc Gia
Saint Kitts and Nevis,KNA,2032,47130,48729,1599,3.39,14.69,10.3,-4.39,North America,Quốc Gia
Saint Kitts and Nevis,KNA,2033,47091,48849,1758,3.73,14.98,10.38,-4.6,North America,Quốc Gia
Saint Kitts and Nevis,KNA,2034,47032,48970,1938,4.12,15.26,10.46,-4.8,North America,Quốc Gia
Saint Kitts and Nevis,KNA,2035,46955,49090,2135,4.55,15.57,10.54,-5.03,North America,Quốc Gia
Saint Kitts and Nevis,KNA,2036,46849,49210,2361,5.04,15.91,10.62,-5.29,North America,Quốc Gia
Saint Kitts and Nevis,KNA,2037,46741,49331,2590,5.54,16.23,10.7,-5.53,North America,Quốc Gia
Saint Kitts and Nevis,KNA,2038,46618,49451,2833,6.08,16.52,10.78,-5.74,North America,Quốc Gia
Saint Kitts and Nevis,KNA,2039,46487,49571,3084,6.63,16.8,10.85,-5.95,North America,Quốc Gia
Saint Kitts and Nevis,KNA,2040,46339,49691,3352,7.23,17.12,10.93,-6.19,North America,Quốc Gia
Saint Kitts and Nevis,KNA,2041,46178,49812,3634,7.87,17.44,11.01,-6.43,North America,Quốc Gia
Saint Kitts and Nevis,KNA,2042,46007,49932,3925,8.53,17.71,11.08,-6.63,North America,Quốc Gia
Saint Kitts and Nevis,KNA,2043,45807,50052,4245,9.27,17.95,11.16,-6.79,North America,Quốc Gia
Saint Kitts and Nevis,KNA,2044,45603,50173,4570,10.02,18.24,11.23,-7.01,North America,Quốc Gia
Saint Kitts and Nevis,KNA,2045,45386,50293,4907,10.81,18.59,11.31,-7.28,North America,Quốc Gia
Saint Kitts and Nevis,KNA,2046,45171,50413,5242,11.6,18.96,11.39,-7.57,North America,Quốc Gia
Saint Kitts and Nevis,KNA,2047,44949,50533,5584,12.42,19.35,11.46,-7.89,North America,Quốc Gia
Saint Kitts and Nevis,KNA,2048,44722,50654,5932,13.26,19.73,11.53,-8.2,North America,Quốc Gia
Saint Kitts and Nevis,KNA,2049,44501,50774,6273,14.1,20.14,11.61,-8.53,North America,Quốc Gia
Saint Kitts and Nevis,KNA,2050,44274,50894,6620,14.95,20.58,11.68,-8.9,North America,Quốc Gia
Saint Lucia,LCA,2027,180779,185715,4936,2.73,10.75,9.65,-1.1,North America,Quốc Gia
Saint Lucia,LCA,2028,181012,186739,5727,3.16,11.18,9.76,-1.42,North America,Quốc Gia
Saint Lucia,LCA,2029,181205,187762,6557,3.62,11.63,9.88,-1.75,North America,Quốc Gia
Saint Lucia,LCA,2030,181369,188785,7416,4.09,12.1,9.99,-2.11,North America,Quốc Gia
Saint Lucia,LCA,2031,181471,189808,8337,4.59,12.58,10.1,-2.48,North America,Quốc Gia
Saint Lucia,LCA,2032,181503,190831,9328,5.14,13.04,10.21,-2.83,North America,Quốc Gia
Saint Lucia,LCA,2033,181467,191854,10387,5.72,13.5,10.32,-3.18,North America,Quốc Gia
Saint Lucia,LCA,2034,181360,192877,11517,6.35,13.95,10.42,-3.53,North America,Quốc Gia
Saint Lucia,LCA,2035,181185,193900,12715,7.02,14.39,10.53,-3.86,North America,Quốc Gia
Saint Lucia,LCA,2036,180957,194923,13966,7.72,14.81,10.63,-4.18,North America,Quốc Gia
Saint Lucia,LCA,2037,180643,195946,15303,8.47,15.24,10.74,-4.5,North America,Quốc Gia
Saint Lucia,LCA,2038,180236,196969,16733,9.28,15.64,10.84,-4.8,North America,Quốc Gia
Saint Lucia,LCA,2039,179785,197992,18207,10.13,16.04,10.94,-5.1,North America,Quốc Gia
Saint Lucia,LCA,2040,179302,199015,19713,10.99,16.42,11.04,-5.38,North America,Quốc Gia
Saint Lucia,LCA,2041,178763,200038,21275,11.9,16.8,11.14,-5.66,North America,Quốc Gia
Saint Lucia,LCA,2042,178193,201061,22868,12.83,17.17,11.24,-5.93,North America,Quốc Gia
Saint Lucia,LCA,2043,177598,202084,24486,13.79,17.53,11.34,-6.19,North America,Quốc Gia
Saint Lucia,LCA,2044,176944,203107,26163,14.79,17.88,11.43,-6.45,North America,Quốc Gia
Saint Lucia,LCA,2045,176250,204130,27880,15.82,18.25,11.53,-6.72,North America,Quốc Gia
Saint Lucia,LCA,2046,175525,205153,29628,16.88,18.64,11.62,-7.02,North America,Quốc Gia
Saint Lucia,LCA,2047,174731,206176,31445,18.0,19.05,11.71,-7.34,North America,Quốc Gia
Saint Lucia,LCA,2048,173881,207199,33318,19.16,19.48,11.81,-7.67,North America,Quốc Gia
Saint Lucia,LCA,2049,172997,208222,35225,20.36,19.93,11.9,-8.03,North America,Quốc Gia
Saint Lucia,LCA,2050,172086,209245,37159,21.59,20.4,11.99,-8.41,North America,Quốc Gia
Saint Martin (French part),MAF,2027,23017,32235,9218,40.05,22.35,15.87,-6.48,North America,Quốc Gia
Saint Martin (French part),MAF,2028,22255,32220,9965,44.78,23.74,16.35,-7.39,North America,Quốc Gia
Saint Martin (French part),MAF,2029,21625,32206,10581,48.93,25.09,16.83,-8.26,North America,Quốc Gia
Saint Martin (French part),MAF,2030,21091,32191,11100,52.63,26.39,17.31,-9.08,North America,Quốc Gia
Saint Martin (French part),MAF,2031,20632,32176,11544,55.95,27.64,17.78,-9.86,North America,Quốc Gia
Saint Martin (French part),MAF,2032,20250,32162,11912,58.82,28.77,18.26,-10.51,North America,Quốc Gia
Saint Martin (French part),MAF,2033,19907,32147,12240,61.49,29.79,18.74,-11.05,North America,Quốc Gia
Saint Martin (French part),MAF,2034,19625,32132,12507,63.73,30.75,19.22,-11.53,North America,Quốc Gia
Saint Martin (French part),MAF,2035,19422,32117,12695,65.36,31.53,19.7,-11.83,North America,Quốc Gia
Saint Martin (French part),MAF,2036,19272,32103,12831,66.58,32.22,20.18,-12.04,North America,Quốc Gia
Saint Martin (French part),MAF,2037,19164,32088,12924,67.44,32.86,20.66,-12.2,North America,Quốc Gia
Saint Martin (French part),MAF,2038,19078,32073,12995,68.12,33.35,21.14,-12.21,North America,Quốc Gia
Saint Martin (French part),MAF,2039,19014,32059,13045,68.61,33.65,21.63,-12.02,North America,Quốc Gia
Saint Martin (French part),MAF,2040,18951,32044,13093,69.09,33.92,22.11,-11.81,North America,Quốc Gia
Saint Martin (French part),MAF,2041,18894,32029,13135,69.52,34.05,22.59,-11.46,North America,Quốc Gia
Saint Martin (French part),MAF,2042,18864,32015,13151,69.71,34.02,23.07,-10.95,North America,Quốc Gia
Saint Martin (French part),MAF,2043,18850,32000,13150,69.76,33.9,23.56,-10.34,North America,Quốc Gia
Saint Martin (French part),MAF,2044,18847,31985,13138,69.71,33.77,24.04,-9.73,North America,Quốc Gia
Saint Martin (French part),MAF,2045,18844,31970,13126,69.66,33.63,24.53,-9.1,North America,Quốc Gia
Saint Martin (French part),MAF,2046,18829,31956,13127,69.72,33.53,25.01,-8.52,North America,Quốc Gia
Saint Martin (French part),MAF,2047,18814,31941,13127,69.77,33.4,25.5,-7.9,North America,Quốc Gia
Saint Martin (French part),MAF,2048,18819,31926,13107,69.65,33.17,25.98,-7.19,North America,Quốc Gia
Saint Martin (French part),MAF,2049,18834,31912,13078,69.44,32.87,26.47,-6.4,North America,Quốc Gia
Saint Martin (French part),MAF,2050,18821,31897,13076,69.48,32.55,26.96,-5.59,North America,Quốc Gia
Saint Pierre and Miquelon,SPM,2027,5475,5617,142,2.59,22.06,20.86,-1.2,North America,Quốc Gia
Saint Pierre and Miquelon,SPM,2028,5422,5591,169,3.12,23.0,21.23,-1.77,North America,Quốc Gia
Saint Pierre and Miquelon,SPM,2029,5367,5565,198,3.69,23.74,21.59,-2.15,North America,Quốc Gia
Saint Pierre and Miquelon,SPM,2030,5312,5539,227,4.27,24.4,21.97,-2.43,North America,Quốc Gia
Saint Pierre and Miquelon,SPM,2031,5256,5513,257,4.89,25.1,22.35,-2.75,North America,Quốc Gia
Saint Pierre and Miquelon,SPM,2032,5208,5487,279,5.36,25.98,22.73,-3.25,North America,Quốc Gia
Saint Pierre and Miquelon,SPM,2033,5158,5461,303,5.87,27.08,23.11,-3.97,North America,Quốc Gia
Saint Pierre and Miquelon,SPM,2034,5100,5435,335,6.57,28.12,23.5,-4.62,North America,Quốc Gia
Saint Pierre and Miquelon,SPM,2035,5054,5409,355,7.02,29.03,23.89,-5.14,North America,Quốc Gia
Saint Pierre and Miquelon,SPM,2036,5009,5383,374,7.47,29.85,24.28,-5.57,North America,Quốc Gia
Saint Pierre and Miquelon,SPM,2037,4962,5357,395,7.96,30.49,24.68,-5.81,North America,Quốc Gia
Saint Pierre and Miquelon,SPM,2038,4916,5331,415,8.44,31.19,25.09,-6.1,North America,Quốc Gia
Saint Pierre and Miquelon,SPM,2039,4868,5305,437,8.98,31.6,25.49,-6.11,North America,Quốc Gia
Saint Pierre and Miquelon,SPM,2040,4822,5279,457,9.48,32.09,25.9,-6.19,North America,Quốc Gia
Saint Pierre and Miquelon,SPM,2041,4773,5253,480,10.06,32.71,26.32,-6.39,North America,Quốc Gia
Saint Pierre and Miquelon,SPM,2042,4725,5227,502,10.62,33.1,26.74,-6.36,North America,Quốc Gia
Saint Pierre and Miquelon,SPM,2043,4675,5201,526,11.25,33.39,27.16,-6.23,North America,Quốc Gia
Saint Pierre and Miquelon,SPM,2044,4632,5175,543,11.72,33.59,27.59,-6.0,North America,Quốc Gia
Saint Pierre and Miquelon,SPM,2045,4577,5149,572,12.5,33.84,28.02,-5.82,North America,Quốc Gia
Saint Pierre and Miquelon,SPM,2046,4512,5123,611,13.54,34.18,28.46,-5.72,North America,Quốc Gia
Saint Pierre and Miquelon,SPM,2047,4461,5097,636,14.26,34.51,28.9,-5.61,North America,Quốc Gia
Saint Pierre and Miquelon,SPM,2048,4407,5071,664,15.07,34.95,29.34,-5.61,North America,Quốc Gia
Saint Pierre and Miquelon,SPM,2049,4344,5045,701,16.14,35.3,29.79,-5.51,North America,Quốc Gia
Saint Pierre and Miquelon,SPM,2050,4284,5019,735,17.16,35.43,30.25,-5.18,North America,Quốc Gia
Saint Vincent and the Grenadines,VCT,2027,98602,100676,2074,2.1,13.06,12.14,-0.92,North America,Quốc Gia
Saint Vincent and the Grenadines,VCT,2028,97999,100208,2209,2.25,13.5,12.36,-1.14,North America,Quốc Gia
Saint Vincent and the Grenadines,VCT,2029,97421,99741,2320,2.38,13.94,12.58,-1.36,North America,Quốc Gia
Saint Vincent and the Grenadines,VCT,2030,96865,99274,2409,2.49,14.37,12.79,-1.58,North America,Quốc Gia
Saint Vincent and the Grenadines,VCT,2031,96349,98806,2457,2.55,14.79,13.01,-1.78,North America,Quốc Gia
Saint Vincent and the Grenadines,VCT,2032,95841,98339,2498,2.61,15.16,13.24,-1.92,North America,Quốc Gia
Saint Vincent and the Grenadines,VCT,2033,95372,97872,2500,2.62,15.47,13.46,-2.01,North America,Quốc Gia
Saint Vincent and the Grenadines,VCT,2034,94926,97404,2478,2.61,15.73,13.69,-2.04,North America,Quốc Gia
Saint Vincent and the Grenadines,VCT,2035,94496,96937,2441,2.58,15.97,13.92,-2.05,North America,Quốc Gia
Saint Vincent and the Grenadines,VCT,2036,94087,96470,2383,2.53,16.23,14.15,-2.08,North America,Quốc Gia
Saint Vincent and the Grenadines,VCT,2037,93711,96003,2292,2.45,16.49,14.38,-2.11,North America,Quốc Gia
Saint Vincent and the Grenadines,VCT,2038,93349,95535,2186,2.34,16.73,14.62,-2.11,North America,Quốc Gia
Saint Vincent and the Grenadines,VCT,2039,92995,95068,2073,2.23,16.94,14.86,-2.08,North America,Quốc Gia
Saint Vincent and the Grenadines,VCT,2040,92659,94601,1942,2.1,17.14,15.1,-2.04,North America,Quốc Gia
Saint Vincent and the Grenadines,VCT,2041,92340,94133,1793,1.94,17.37,15.34,-2.03,North America,Quốc Gia
Saint Vincent and the Grenadines,VCT,2042,92004,93666,1662,1.81,17.58,15.59,-1.99,North America,Quốc Gia
Saint Vincent and the Grenadines,VCT,2043,91652,93199,1547,1.69,17.79,15.83,-1.96,North America,Quốc Gia
Saint Vincent and the Grenadines,VCT,2044,91318,92731,1413,1.55,18.0,16.08,-1.92,North America,Quốc Gia
Saint Vincent and the Grenadines,VCT,2045,90965,92264,1299,1.43,18.2,16.34,-1.86,North America,Quốc Gia
Saint Vincent and the Grenadines,VCT,2046,90585,91797,1212,1.34,18.39,16.59,-1.8,North America,Quốc Gia
Saint Vincent and the Grenadines,VCT,2047,90186,91330,1144,1.27,18.58,16.85,-1.73,North America,Quốc Gia
Saint Vincent and the Grenadines,VCT,2048,89776,90862,1086,1.21,18.79,17.11,-1.68,North America,Quốc Gia
Saint Vincent and the Grenadines,VCT,2049,89371,90395,1024,1.15,18.98,17.37,-1.61,North America,Quốc Gia
Saint Vincent and the Grenadines,VCT,2050,88949,89928,979,1.1,19.15,17.64,-1.51,North America,Quốc Gia
Samoa,WSM,2027,221785,220933,-852,-0.38,6.4,5.72,-0.68,Oceania,Quốc Gia
Samoa,WSM,2028,223116,222426,-690,-0.31,6.59,5.76,-0.83,Oceania,Quốc Gia
Samoa,WSM,2029,224516,223920,-596,-0.27,6.76,5.8,-0.96,Oceania,Quốc Gia
Samoa,WSM,2030,225982,225413,-569,-0.25,6.91,5.84,-1.07,Oceania,Quốc Gia
Samoa,WSM,2031,227595,226906,-689,-0.3,7.06,5.87,-1.19,Oceania,Quốc Gia
Samoa,WSM,2032,229312,228399,-913,-0.4,7.21,5.91,-1.3,Oceania,Quốc Gia
Samoa,WSM,2033,231124,229893,-1231,-0.53,7.36,5.95,-1.41,Oceania,Quốc Gia
Samoa,WSM,2034,233072,231386,-1686,-0.72,7.51,5.99,-1.52,Oceania,Quốc Gia
Samoa,WSM,2035,235187,232879,-2308,-0.98,7.67,6.02,-1.65,Oceania,Quốc Gia
Samoa,WSM,2036,237428,234372,-3056,-1.29,7.83,6.06,-1.77,Oceania,Quốc Gia
Samoa,WSM,2037,239744,235865,-3879,-1.62,7.96,6.09,-1.87,Oceania,Quốc Gia
Samoa,WSM,2038,242170,237359,-4811,-1.99,8.06,6.13,-1.93,Oceania,Quốc Gia
Samoa,WSM,2039,244667,238852,-5815,-2.38,8.12,6.16,-1.96,Oceania,Quốc Gia
Samoa,WSM,2040,247209,240345,-6864,-2.78,8.15,6.2,-1.95,Oceania,Quốc Gia
Samoa,WSM,2041,249810,241838,-7972,-3.19,8.16,6.23,-1.93,Oceania,Quốc Gia
Samoa,WSM,2042,252442,243332,-9110,-3.61,8.16,6.26,-1.9,Oceania,Quốc Gia
Samoa,WSM,2043,255039,244825,-10214,-4.0,8.17,6.3,-1.87,Oceania,Quốc Gia
Samoa,WSM,2044,257625,246318,-11307,-4.39,8.18,6.33,-1.85,Oceania,Quốc Gia
Samoa,WSM,2045,260266,247811,-12455,-4.79,8.2,6.36,-1.84,Oceania,Quốc Gia
Samoa,WSM,2046,262865,249304,-13561,-5.16,8.19,6.39,-1.8,Oceania,Quốc Gia
Samoa,WSM,2047,265381,250798,-14583,-5.5,8.15,6.42,-1.73,Oceania,Quốc Gia
Samoa,WSM,2048,267852,252291,-15561,-5.81,8.13,6.45,-1.68,Oceania,Quốc Gia
Samoa,WSM,2049,270308,253784,-16524,-6.11,8.12,6.48,-1.64,Oceania,Quốc Gia
Samoa,WSM,2050,272728,255277,-17451,-6.4,8.11,6.51,-1.6,Oceania,Quốc Gia
San Marino,SMR,2027,33662,36469,2807,8.34,24.59,21.6,-2.99,Europe,Quốc Gia
San Marino,SMR,2028,33708,36810,3102,9.2,25.48,21.78,-3.7,Europe,Quốc Gia
San Marino,SMR,2029,33741,37152,3411,10.11,26.41,21.95,-4.46,Europe,Quốc Gia
San Marino,SMR,2030,33761,37493,3732,11.05,27.31,22.11,-5.2,Europe,Quốc Gia
San Marino,SMR,2031,33775,37835,4060,12.02,28.22,22.28,-5.94,Europe,Quốc Gia
San Marino,SMR,2032,33796,38176,4380,12.96,29.14,22.44,-6.7,Europe,Quốc Gia
San Marino,SMR,2033,33815,38518,4703,13.91,30.01,22.6,-7.41,Europe,Quốc Gia
San Marino,SMR,2034,33822,38859,5037,14.89,30.86,22.75,-8.11,Europe,Quốc Gia
San Marino,SMR,2035,33849,39200,5351,15.81,31.63,22.91,-8.72,Europe,Quốc Gia
San Marino,SMR,2036,33886,39542,5656,16.69,32.32,23.06,-9.26,Europe,Quốc Gia
San Marino,SMR,2037,33919,39883,5964,17.58,32.99,23.2,-9.79,Europe,Quốc Gia
San Marino,SMR,2038,33965,40225,6260,18.43,33.66,23.35,-10.31,Europe,Quốc Gia
San Marino,SMR,2039,33993,40566,6573,19.34,34.3,23.49,-10.81,Europe,Quốc Gia
San Marino,SMR,2040,33990,40908,6918,20.35,34.87,23.63,-11.24,Europe,Quốc Gia
San Marino,SMR,2041,33989,41249,7260,21.36,35.44,23.77,-11.67,Europe,Quốc Gia
San Marino,SMR,2042,34004,41590,7586,22.31,35.91,23.9,-12.01,Europe,Quốc Gia
San Marino,SMR,2043,34013,41932,7919,23.28,36.26,24.04,-12.22,Europe,Quốc Gia
San Marino,SMR,2044,33985,42273,8288,24.39,36.54,24.17,-12.37,Europe,Quốc Gia
San Marino,SMR,2045,33944,42615,8671,25.55,36.72,24.3,-12.42,Europe,Quốc Gia
San Marino,SMR,2046,33906,42956,9050,26.69,36.8,24.42,-12.38,Europe,Quốc Gia
San Marino,SMR,2047,33865,43298,9433,27.85,36.83,24.55,-12.28,Europe,Quốc Gia
San Marino,SMR,2048,33818,43639,9821,29.04,36.86,24.67,-12.19,Europe,Quốc Gia
San Marino,SMR,2049,33763,43981,10218,30.26,36.84,24.79,-12.05,Europe,Quốc Gia
San Marino,SMR,2050,33719,44322,10603,31.45,36.73,24.91,-11.82,Europe,Quốc Gia
Sao Tome and Principe,STP,2027,249796,243681,-6115,-2.45,4.06,3.72,-0.34,Africa,Quốc Gia
Sao Tome and Principe,STP,2028,254670,247273,-7397,-2.9,4.12,3.71,-0.41,Africa,Quốc Gia
Sao Tome and Principe,STP,2029,259611,250865,-8746,-3.37,4.18,3.71,-0.47,Africa,Quốc Gia
Sao Tome and Principe,STP,2030,264574,254457,-10117,-3.82,4.23,3.7,-0.53,Africa,Quốc Gia
Sao Tome and Principe,STP,2031,269580,258050,-11530,-4.28,4.28,3.69,-0.59,Africa,Quốc Gia
Sao Tome and Principe,STP,2032,274657,261642,-13015,-4.74,4.34,3.69,-0.65,Africa,Quốc Gia
Sao Tome and Principe,STP,2033,279775,265234,-14541,-5.2,4.4,3.68,-0.72,Africa,Quốc Gia
Sao Tome and Principe,STP,2034,284925,268826,-16099,-5.65,4.48,3.67,-0.81,Africa,Quốc Gia
Sao Tome and Principe,STP,2035,290097,272418,-17679,-6.09,4.56,3.67,-0.89,Africa,Quốc Gia
Sao Tome and Principe,STP,2036,295285,276011,-19274,-6.53,4.66,3.66,-1.0,Africa,Quốc Gia
Sao Tome and Principe,STP,2037,300454,279603,-20851,-6.94,4.75,3.65,-1.1,Africa,Quốc Gia
Sao Tome and Principe,STP,2038,305606,283195,-22411,-7.33,4.84,3.65,-1.19,Africa,Quốc Gia
Sao Tome and Principe,STP,2039,310745,286787,-23958,-7.71,4.95,3.64,-1.31,Africa,Quốc Gia
Sao Tome and Principe,STP,2040,315850,290379,-25471,-8.06,5.07,3.64,-1.43,Africa,Quốc Gia
Sao Tome and Principe,STP,2041,320891,293971,-26920,-8.39,5.21,3.63,-1.58,Africa,Quốc Gia
Sao Tome and Principe,STP,2042,325904,297564,-28340,-8.7,5.36,3.63,-1.73,Africa,Quốc Gia
Sao Tome and Principe,STP,2043,330925,301156,-29769,-9.0,5.52,3.62,-1.9,Africa,Quốc Gia
Sao Tome and Principe,STP,2044,335937,304748,-31189,-9.28,5.68,3.62,-2.06,Africa,Quốc Gia
Sao Tome and Principe,STP,2045,340929,308340,-32589,-9.56,5.85,3.61,-2.24,Africa,Quốc Gia
Sao Tome and Principe,STP,2046,345901,311932,-33969,-9.82,6.02,3.61,-2.41,Africa,Quốc Gia
Sao Tome and Principe,STP,2047,350776,315525,-35251,-10.05,6.2,3.6,-2.6,Africa,Quốc Gia
Sao Tome and Principe,STP,2048,355586,319117,-36469,-10.26,6.38,3.6,-2.78,Africa,Quốc Gia
Sao Tome and Principe,STP,2049,360372,322709,-37663,-10.45,6.55,3.59,-2.96,Africa,Quốc Gia
Sao Tome and Principe,STP,2050,365120,326301,-38819,-10.63,6.69,3.59,-3.1,Africa,Quốc Gia
Saudi Arabia,SAU,2027,35759237,36953510,1194273,3.34,3.29,2.71,-0.58,Asia,Quốc Gia
Saudi Arabia,SAU,2028,36344486,37691887,1347401,3.71,3.42,2.72,-0.7,Asia,Quốc Gia
Saudi Arabia,SAU,2029,36910752,38430265,1519513,4.12,3.55,2.73,-0.82,Asia,Quốc Gia
Saudi Arabia,SAU,2030,37443759,39168642,1724883,4.61,3.69,2.74,-0.95,Asia,Quốc Gia
Saudi Arabia,SAU,2031,37956085,39907020,1950935,5.14,3.84,2.75,-1.09,Asia,Quốc Gia
Saudi Arabia,SAU,2032,38468943,40645397,2176454,5.66,4.0,2.76,-1.24,Asia,Quốc Gia
Saudi Arabia,SAU,2033,38982386,41383775,2401389,6.16,4.16,2.76,-1.4,Asia,Quốc Gia
Saudi Arabia,SAU,2034,39496948,42122153,2625205,6.65,4.31,2.77,-1.54,Asia,Quốc Gia
Saudi Arabia,SAU,2035,40012641,42860530,2847889,7.12,4.47,2.78,-1.69,Asia,Quốc Gia
Saudi Arabia,SAU,2036,40529062,43598908,3069846,7.57,4.63,2.79,-1.84,Asia,Quốc Gia
Saudi Arabia,SAU,2037,41045447,44337285,3291838,8.02,4.78,2.79,-1.99,Asia,Quốc Gia
Saudi Arabia,SAU,2038,41561632,45075663,3514031,8.45,4.95,2.8,-2.15,Asia,Quốc Gia
Saudi Arabia,SAU,2039,42077223,45814040,3736817,8.88,5.14,2.81,-2.33,Asia,Quốc Gia
Saudi Arabia,SAU,2040,42592198,46552418,3960220,9.3,5.33,2.81,-2.52,Asia,Quốc Gia
Saudi Arabia,SAU,2041,43106703,47290795,4184092,9.71,5.55,2.82,-2.73,Asia,Quốc Gia
Saudi Arabia,SAU,2042,43620251,48029173,4408922,10.11,5.79,2.83,-2.96,Asia,Quốc Gia
Saudi Arabia,SAU,2043,44132849,48767550,4634701,10.5,6.05,2.83,-3.22,Asia,Quốc Gia
Saudi Arabia,SAU,2044,44644902,49505928,4861026,10.89,6.32,2.84,-3.48,Asia,Quốc Gia
Saudi Arabia,SAU,2045,45156462,50244306,5087844,11.27,6.61,2.84,-3.77,Asia,Quốc Gia
Saudi Arabia,SAU,2046,45666809,50982683,5315874,11.64,6.91,2.85,-4.06,Asia,Quốc Gia
Saudi Arabia,SAU,2047,46175486,51721061,5545575,12.01,7.22,2.86,-4.36,Asia,Quốc Gia
Saudi Arabia,SAU,2048,46682890,52459438,5776548,12.37,7.54,2.86,-4.68,Asia,Quốc Gia
Saudi Arabia,SAU,2049,47189054,53197816,6008762,12.73,7.87,2.87,-5.0,Asia,Quốc Gia
Saudi Arabia,SAU,2050,47693912,53936193,6242281,13.09,8.19,2.87,-5.32,Asia,Quốc Gia
Senegal,SEN,2027,19807248,18984518,-822730,-4.15,3.71,3.64,-0.07,Africa,Quốc Gia
Senegal,SEN,2028,20254567,19322341,-932226,-4.6,3.76,3.65,-0.11,Africa,Quốc Gia
Senegal,SEN,2029,20706634,19660163,-1046471,-5.05,3.81,3.65,-0.16,Africa,Quốc Gia
Senegal,SEN,2030,21163195,19997986,-1165209,-5.51,3.86,3.66,-0.2,Africa,Quốc Gia
Senegal,SEN,2031,21623715,20335809,-1287906,-5.96,3.92,3.66,-0.26,Africa,Quốc Gia
Senegal,SEN,2032,22085934,20673632,-1412302,-6.39,3.98,3.67,-0.31,Africa,Quốc Gia
Senegal,SEN,2033,22548838,21011455,-1537383,-6.82,4.05,3.68,-0.37,Africa,Quốc Gia
Senegal,SEN,2034,23012025,21349278,-1662747,-7.23,4.11,3.68,-0.43,Africa,Quốc Gia
Senegal,SEN,2035,23476598,21687101,-1789497,-7.62,4.18,3.69,-0.49,Africa,Quốc Gia
Senegal,SEN,2036,23942227,22024924,-1917303,-8.01,4.25,3.69,-0.56,Africa,Quốc Gia
Senegal,SEN,2037,24407581,22362747,-2044834,-8.38,4.33,3.7,-0.63,Africa,Quốc Gia
Senegal,SEN,2038,24872518,22700569,-2171949,-8.73,4.41,3.7,-0.71,Africa,Quốc Gia
Senegal,SEN,2039,25335998,23038392,-2297606,-9.07,4.5,3.71,-0.79,Africa,Quốc Gia
Senegal,SEN,2040,25797513,23376215,-2421298,-9.39,4.6,3.71,-0.89,Africa,Quốc Gia
Senegal,SEN,2041,26257471,23714038,-2543433,-9.69,4.7,3.71,-0.99,Africa,Quốc Gia
Senegal,SEN,2042,26716432,24051861,-2664571,-9.97,4.81,3.72,-1.09,Africa,Quốc Gia
Senegal,SEN,2043,27174903,24389684,-2785219,-10.25,4.93,3.72,-1.21,Africa,Quốc Gia
Senegal,SEN,2044,27633005,24727507,-2905498,-10.51,5.05,3.73,-1.32,Africa,Quốc Gia
Senegal,SEN,2045,28089703,25065330,-3024373,-10.77,5.18,3.73,-1.45,Africa,Quốc Gia
Senegal,SEN,2046,28546288,25403152,-3143136,-11.01,5.32,3.74,-1.58,Africa,Quốc Gia
Senegal,SEN,2047,29002009,25740975,-3261034,-11.24,5.47,3.74,-1.73,Africa,Quốc Gia
Senegal,SEN,2048,29457241,26078798,-3378443,-11.47,5.62,3.74,-1.88,Africa,Quốc Gia
Senegal,SEN,2049,29911849,26416621,-3495228,-11.69,5.79,3.75,-2.04,Africa,Quốc Gia
Senegal,SEN,2050,30364953,26754444,-3610509,-11.89,5.96,3.75,-2.21,Africa,Quốc Gia
Serbia,SRB,2027,6597536,6668952,71416,1.08,23.65,23.31,-0.34,Europe,Quốc Gia
Serbia,SRB,2028,6552473,6630552,78079,1.19,23.9,23.65,-0.25,Europe,Quốc Gia
Serbia,SRB,2029,6507082,6592153,85071,1.31,24.11,23.99,-0.12,Europe,Quốc Gia
Serbia,SRB,2030,6461202,6553753,92551,1.43,24.29,24.33,0.04,Europe,Quốc Gia
Serbia,SRB,2031,6414880,6515354,100474,1.57,24.48,24.68,0.2,Europe,Quốc Gia
Serbia,SRB,2032,6368269,6476954,108685,1.71,24.65,25.04,0.39,Europe,Quốc Gia
Serbia,SRB,2033,6321231,6438555,117324,1.86,24.82,25.39,0.57,Europe,Quốc Gia
Serbia,SRB,2034,6273954,6400155,126201,2.01,24.98,25.76,0.78,Europe,Quốc Gia
Serbia,SRB,2035,6226576,6361756,135180,2.17,25.14,26.12,0.98,Europe,Quốc Gia
Serbia,SRB,2036,6179056,6323356,144300,2.34,25.3,26.49,1.19,Europe,Quốc Gia
Serbia,SRB,2037,6131346,6284957,153611,2.51,25.5,26.87,1.37,Europe,Quốc Gia
Serbia,SRB,2038,6083448,6246557,163109,2.68,25.69,27.25,1.56,Europe,Quốc Gia
Serbia,SRB,2039,6035403,6208158,172755,2.86,25.9,27.63,1.73,Europe,Quốc Gia
Serbia,SRB,2040,5987463,6169758,182295,3.04,26.15,28.02,1.87,Europe,Quốc Gia
Serbia,SRB,2041,5939714,6131359,191645,3.23,26.43,28.42,1.99,Europe,Quốc Gia
Serbia,SRB,2042,5892176,6092960,200784,3.41,26.71,28.82,2.11,Europe,Quốc Gia
Serbia,SRB,2043,5845239,6054560,209321,3.58,26.99,29.22,2.23,Europe,Quốc Gia
Serbia,SRB,2044,5798970,6016161,217191,3.75,27.28,29.63,2.35,Europe,Quốc Gia
Serbia,SRB,2045,5753264,5977761,224497,3.9,27.56,30.04,2.48,Europe,Quốc Gia
Serbia,SRB,2046,5708140,5939362,231222,4.05,27.83,30.46,2.63,Europe,Quốc Gia
Serbia,SRB,2047,5663612,5900962,237350,4.19,28.11,30.89,2.78,Europe,Quốc Gia
Serbia,SRB,2048,5619619,5862563,242944,4.32,28.4,31.32,2.92,Europe,Quốc Gia
Serbia,SRB,2049,5576029,5824163,248134,4.45,28.72,31.76,3.04,Europe,Quốc Gia
Serbia,SRB,2050,5532862,5785764,252902,4.57,29.01,32.2,3.19,Europe,Quốc Gia
Seychelles,SYC,2027,136914,131733,-5181,-3.78,9.26,8.01,-1.25,Africa,Quốc Gia
Seychelles,SYC,2028,138529,133566,-4963,-3.58,9.59,8.03,-1.56,Africa,Quốc Gia
Seychelles,SYC,2029,139741,135399,-4342,-3.11,9.95,8.05,-1.9,Africa,Quốc Gia
Seychelles,SYC,2030,140412,137232,-3180,-2.26,10.31,8.07,-2.24,Africa,Quốc Gia
Seychelles,SYC,2031,140793,139065,-1728,-1.23,10.71,8.09,-2.62,Africa,Quốc Gia
Seychelles,SYC,2032,141132,140899,-233,-0.17,11.1,8.11,-2.99,Africa,Quốc Gia
Seychelles,SYC,2033,141426,142732,1306,0.92,11.48,8.13,-3.35,Africa,Quốc Gia
Seychelles,SYC,2034,141682,144565,2883,2.03,11.86,8.15,-3.71,Africa,Quốc Gia
Seychelles,SYC,2035,141908,146398,4490,3.16,12.25,8.17,-4.08,Africa,Quốc Gia
Seychelles,SYC,2036,142096,148231,6135,4.32,12.64,8.18,-4.46,Africa,Quốc Gia
Seychelles,SYC,2037,142252,150064,7812,5.49,13.05,8.2,-4.85,Africa,Quốc Gia
Seychelles,SYC,2038,142381,151897,9516,6.68,13.44,8.22,-5.22,Africa,Quốc Gia
Seychelles,SYC,2039,142473,153730,11257,7.9,13.85,8.23,-5.62,Africa,Quốc Gia
Seychelles,SYC,2040,142555,155563,13008,9.12,14.27,8.25,-6.02,Africa,Quốc Gia
Seychelles,SYC,2041,142611,157397,14786,10.37,14.68,8.26,-6.42,Africa,Quốc Gia
Seychelles,SYC,2042,142632,159230,16598,11.64,15.08,8.28,-6.8,Africa,Quốc Gia
Seychelles,SYC,2043,142630,161063,18433,12.92,15.51,8.29,-7.22,Africa,Quốc Gia
Seychelles,SYC,2044,142593,162896,20303,14.24,16.0,8.31,-7.69,Africa,Quốc Gia
Seychelles,SYC,2045,142537,164729,22192,15.57,16.51,8.32,-8.19,Africa,Quốc Gia
Seychelles,SYC,2046,142450,166562,24112,16.93,17.02,8.33,-8.69,Africa,Quốc Gia
Seychelles,SYC,2047,142325,168395,26070,18.32,17.51,8.35,-9.16,Africa,Quốc Gia
Seychelles,SYC,2048,142163,170228,28065,19.74,17.97,8.36,-9.61,Africa,Quốc Gia
Seychelles,SYC,2049,141970,172061,30091,21.2,18.47,8.37,-10.1,Africa,Quốc Gia
Seychelles,SYC,2050,141756,173894,32138,22.67,19.01,8.38,-10.63,Africa,Quốc Gia
Sierra Leone,SLE,2027,9174703,9020021,-154682,-1.69,3.38,3.13,-0.25,Africa,Quốc Gia
Sierra Leone,SLE,2028,9349029,9180326,-168703,-1.8,3.43,3.13,-0.3,Africa,Quốc Gia
Sierra Leone,SLE,2029,9520819,9340631,-180188,-1.89,3.49,3.12,-0.37,Africa,Quốc Gia
Sierra Leone,SLE,2030,9694859,9500936,-193923,-2.0,3.56,3.11,-0.45,Africa,Quốc Gia
Sierra Leone,SLE,2031,9870303,9661241,-209062,-2.12,3.62,3.11,-0.51,Africa,Quốc Gia
Sierra Leone,SLE,2032,10047201,9821546,-225655,-2.25,3.69,3.1,-0.59,Africa,Quốc Gia
Sierra Leone,SLE,2033,10221015,9981851,-239164,-2.34,3.76,3.1,-0.66,Africa,Quốc Gia
Sierra Leone,SLE,2034,10391493,10142156,-249337,-2.4,3.83,3.09,-0.74,Africa,Quốc Gia
Sierra Leone,SLE,2035,10563172,10302461,-260711,-2.47,3.91,3.08,-0.83,Africa,Quốc Gia
Sierra Leone,SLE,2036,10734350,10462766,-271584,-2.53,3.99,3.08,-0.91,Africa,Quốc Gia
Sierra Leone,SLE,2037,10902271,10623071,-279200,-2.56,4.07,3.07,-1.0,Africa,Quốc Gia
Sierra Leone,SLE,2038,11066151,10783376,-282775,-2.56,4.15,3.07,-1.08,Africa,Quốc Gia
Sierra Leone,SLE,2039,11230070,10943682,-286388,-2.55,4.24,3.06,-1.18,Africa,Quốc Gia
Sierra Leone,SLE,2040,11398401,11103987,-294414,-2.58,4.33,3.06,-1.27,Africa,Quốc Gia
Sierra Leone,SLE,2041,11566221,11264292,-301929,-2.61,4.43,3.05,-1.38,Africa,Quốc Gia
Sierra Leone,SLE,2042,11728797,11424597,-304200,-2.59,4.53,3.05,-1.48,Africa,Quốc Gia
Sierra Leone,SLE,2043,11887943,11584902,-303041,-2.55,4.64,3.04,-1.6,Africa,Quốc Gia
Sierra Leone,SLE,2044,12049434,11745207,-304227,-2.52,4.75,3.04,-1.71,Africa,Quốc Gia
Sierra Leone,SLE,2045,12208882,11905512,-303370,-2.48,4.86,3.04,-1.82,Africa,Quốc Gia
Sierra Leone,SLE,2046,12363456,12065817,-297639,-2.41,4.98,3.03,-1.95,Africa,Quốc Gia
Sierra Leone,SLE,2047,12512749,12226122,-286627,-2.29,5.1,3.03,-2.07,Africa,Quốc Gia
Sierra Leone,SLE,2048,12659620,12386427,-273193,-2.16,5.23,3.02,-2.21,Africa,Quốc Gia
Sierra Leone,SLE,2049,12805145,12546732,-258413,-2.02,5.36,3.02,-2.34,Africa,Quốc Gia
Sierra Leone,SLE,2050,12948331,12707037,-241294,-1.86,5.5,3.02,-2.48,Africa,Quốc Gia
Singapore,SGP,2027,5939547,6251430,311883,5.25,15.27,12.58,-2.69,Asia,Quốc Gia
Singapore,SGP,2028,5973347,6332959,359612,6.02,15.81,12.74,-3.07,Asia,Quốc Gia
Singapore,SGP,2029,6004084,6414489,410405,6.84,16.33,12.9,-3.43,Asia,Quốc Gia
Singapore,SGP,2030,6031378,6496019,464641,7.7,16.85,13.05,-3.8,Asia,Quốc Gia
Singapore,SGP,2031,6058406,6577549,519143,8.57,17.34,13.2,-4.14,Asia,Quốc Gia
Singapore,SGP,2032,6085224,6659079,573855,9.43,17.79,13.34,-4.45,Asia,Quốc Gia
Singapore,SGP,2033,6111156,6740609,629453,10.3,18.21,13.49,-4.72,Asia,Quốc Gia
Singapore,SGP,2034,6134779,6822139,687360,11.2,18.62,13.62,-5.0,Asia,Quốc Gia
Singapore,SGP,2035,6153230,6903669,750439,12.2,19.03,13.76,-5.27,Asia,Quốc Gia
Singapore,SGP,2036,6166850,6985199,818349,13.27,19.49,13.89,-5.6,Asia,Quốc Gia
Singapore,SGP,2037,6178218,7066729,888511,14.38,19.97,14.02,-5.95,Asia,Quốc Gia
Singapore,SGP,2038,6188055,7148258,960203,15.52,20.46,14.15,-6.31,Asia,Quốc Gia
Singapore,SGP,2039,6193912,7229788,1035876,16.72,20.94,14.27,-6.67,Asia,Quốc Gia
Singapore,SGP,2040,6194787,7311318,1116531,18.02,21.39,14.39,-7.0,Asia,Quốc Gia
Singapore,SGP,2041,6191329,7392848,1201519,19.41,21.85,14.51,-7.34,Asia,Quốc Gia
Singapore,SGP,2042,6185388,7474378,1288990,20.84,22.33,14.63,-7.7,Asia,Quốc Gia
Singapore,SGP,2043,6178275,7555908,1377633,22.3,22.8,14.74,-8.06,Asia,Quốc Gia
Singapore,SGP,2044,6168176,7637438,1469262,23.82,23.29,14.85,-8.44,Asia,Quốc Gia
Singapore,SGP,2045,6156190,7718968,1562778,25.39,23.81,14.96,-8.85,Asia,Quốc Gia
Singapore,SGP,2046,6143601,7800498,1656897,26.97,24.35,15.06,-9.29,Asia,Quốc Gia
Singapore,SGP,2047,6128159,7882028,1753869,28.62,24.92,15.17,-9.75,Asia,Quốc Gia
Singapore,SGP,2048,6113206,7963558,1850352,30.27,25.49,15.27,-10.22,Asia,Quốc Gia
Singapore,SGP,2049,6098705,8045087,1946382,31.91,26.06,15.37,-10.69,Asia,Quốc Gia
Singapore,SGP,2050,6081693,8126617,2044924,33.62,26.65,15.47,-11.18,Asia,Quốc Gia
Sint Maarten (Dutch part),SXM,2027,44967,43401,-1566,-3.48,15.7,13.21,-2.49,North America,Quốc Gia
Sint Maarten (Dutch part),SXM,2028,45448,43853,-1595,-3.51,16.4,13.49,-2.91,North America,Quốc Gia
Sint Maarten (Dutch part),SXM,2029,45913,44305,-1608,-3.5,17.15,13.77,-3.38,North America,Quốc Gia
Sint Maarten (Dutch part),SXM,2030,46358,44757,-1601,-3.45,17.91,14.04,-3.87,North America,Quốc Gia
Sint Maarten (Dutch part),SXM,2031,46772,45209,-1563,-3.34,18.64,14.31,-4.33,North America,Quốc Gia
Sint Maarten (Dutch part),SXM,2032,47171,45662,-1509,-3.2,19.3,14.57,-4.73,North America,Quốc Gia
Sint Maarten (Dutch part),SXM,2033,47556,46114,-1442,-3.03,19.93,14.83,-5.1,North America,Quốc Gia
Sint Maarten (Dutch part),SXM,2034,47911,46566,-1345,-2.81,20.47,15.08,-5.39,North America,Quốc Gia
Sint Maarten (Dutch part),SXM,2035,48274,47018,-1256,-2.6,20.94,15.33,-5.61,North America,Quốc Gia
Sint Maarten (Dutch part),SXM,2036,48607,47470,-1137,-2.34,21.36,15.57,-5.79,North America,Quốc Gia
Sint Maarten (Dutch part),SXM,2037,48925,47922,-1003,-2.05,21.74,15.81,-5.93,North America,Quốc Gia
Sint Maarten (Dutch part),SXM,2038,49227,48374,-853,-1.73,22.1,16.04,-6.06,North America,Quốc Gia
Sint Maarten (Dutch part),SXM,2039,49496,48827,-669,-1.35,22.42,16.27,-6.15,North America,Quốc Gia
Sint Maarten (Dutch part),SXM,2040,49750,49279,-471,-0.95,22.67,16.49,-6.18,North America,Quốc Gia
Sint Maarten (Dutch part),SXM,2041,49987,49731,-256,-0.51,22.92,16.72,-6.2,North America,Quốc Gia
Sint Maarten (Dutch part),SXM,2042,50168,50183,15,0.03,23.15,16.93,-6.22,North America,Quốc Gia
Sint Maarten (Dutch part),SXM,2043,50335,50635,300,0.6,23.32,17.14,-6.18,North America,Quốc Gia
Sint Maarten (Dutch part),SXM,2044,50496,51087,591,1.17,23.45,17.35,-6.1,North America,Quốc Gia
Sint Maarten (Dutch part),SXM,2045,50643,51539,896,1.77,23.55,17.56,-5.99,North America,Quốc Gia
Sint Maarten (Dutch part),SXM,2046,50784,51991,1207,2.38,23.63,17.76,-5.87,North America,Quốc Gia
Sint Maarten (Dutch part),SXM,2047,50915,52444,1529,3.0,23.72,17.96,-5.76,North America,Quốc Gia
Sint Maarten (Dutch part),SXM,2048,51009,52896,1887,3.7,23.82,18.15,-5.67,North America,Quốc Gia
Sint Maarten (Dutch part),SXM,2049,51036,53348,2312,4.53,23.95,18.35,-5.6,North America,Quốc Gia
Sint Maarten (Dutch part),SXM,2050,51040,53800,2760,5.41,24.09,18.53,-5.56,North America,Quốc Gia
Slovakia,SVK,2027,5441441,5480008,38567,0.71,19.9,18.2,-1.7,Europe,Quốc Gia
Slovakia,SVK,2028,5429799,5484204,54405,1.0,20.29,18.46,-1.83,Europe,Quốc Gia
Slovakia,SVK,2029,5416437,5488400,71963,1.33,20.71,18.72,-1.99,Europe,Quốc Gia
Slovakia,SVK,2030,5401393,5492596,91203,1.69,21.1,18.98,-2.12,Europe,Quốc Gia
Slovakia,SVK,2031,5384895,5496792,111897,2.08,21.45,19.24,-2.21,Europe,Quốc Gia
Slovakia,SVK,2032,5367128,5500988,133860,2.49,21.75,19.51,-2.24,Europe,Quốc Gia
Slovakia,SVK,2033,5348223,5505184,156961,2.93,22.01,19.77,-2.24,Europe,Quốc Gia
Slovakia,SVK,2034,5328287,5509380,181093,3.4,22.28,20.02,-2.26,Europe,Quốc Gia
Slovakia,SVK,2035,5307350,5513576,206226,3.89,22.59,20.28,-2.31,Europe,Quốc Gia
Slovakia,SVK,2036,5285479,5517772,232293,4.39,22.91,20.54,-2.37,Europe,Quốc Gia
Slovakia,SVK,2037,5262938,5521968,259030,4.92,23.28,20.8,-2.48,Europe,Quốc Gia
Slovakia,SVK,2038,5239778,5526164,286386,5.47,23.72,21.06,-2.66,Europe,Quốc Gia
Slovakia,SVK,2039,5216127,5530360,314233,6.02,24.23,21.32,-2.91,Europe,Quốc Gia
Slovakia,SVK,2040,5192015,5534556,342541,6.6,24.78,21.57,-3.21,Europe,Quốc Gia
Slovakia,SVK,2041,5167475,5538752,371277,7.18,25.34,21.83,-3.51,Europe,Quốc Gia
Slovakia,SVK,2042,5142692,5542948,400256,7.78,25.91,22.09,-3.82,Europe,Quốc Gia
Slovakia,SVK,2043,5117640,5547144,429504,8.39,26.48,22.34,-4.14,Europe,Quốc Gia
Slovakia,SVK,2044,5092331,5551340,459009,9.01,27.06,22.6,-4.46,Europe,Quốc Gia
Slovakia,SVK,2045,5066916,5555536,488620,9.64,27.6,22.86,-4.74,Europe,Quốc Gia
Slovakia,SVK,2046,5041379,5559732,518353,10.28,28.1,23.11,-4.99,Europe,Quốc Gia
Slovakia,SVK,2047,5015613,5563927,548314,10.93,28.58,23.36,-5.22,Europe,Quốc Gia
Slovakia,SVK,2048,4989623,5568123,578500,11.59,29.06,23.62,-5.44,Europe,Quốc Gia
Slovakia,SVK,2049,4963256,5572319,609063,12.27,29.55,23.87,-5.68,Europe,Quốc Gia
Slovakia,SVK,2050,4936493,5576515,640022,12.97,30.03,24.13,-5.9,Europe,Quốc Gia
Slovenia,SVN,2027,2111538,2124992,13454,0.64,23.12,22.16,-0.96,Europe,Quốc Gia
Slovenia,SVN,2028,2107832,2129963,22131,1.05,23.59,22.45,-1.14,Europe,Quốc Gia
Slovenia,SVN,2029,2103527,2134934,31407,1.49,24.05,22.74,-1.31,Europe,Quốc Gia
Slovenia,SVN,2030,2098963,2139905,40942,1.95,24.54,23.04,-1.5,Europe,Quốc Gia
Slovenia,SVN,2031,2094077,2144876,50799,2.43,25.04,23.33,-1.71,Europe,Quốc Gia
Slovenia,SVN,2032,2089054,2149847,60793,2.91,25.5,23.61,-1.89,Europe,Quốc Gia
Slovenia,SVN,2033,2083974,2154818,70844,3.4,25.91,23.9,-2.01,Europe,Quốc Gia
Slovenia,SVN,2034,2078930,2159789,80859,3.89,26.27,24.19,-2.08,Europe,Quốc Gia
Slovenia,SVN,2035,2073837,2164760,90923,4.38,26.59,24.47,-2.12,Europe,Quốc Gia
Slovenia,SVN,2036,2068480,2169731,101251,4.89,26.91,24.76,-2.15,Europe,Quốc Gia
Slovenia,SVN,2037,2062855,2174702,111847,5.42,27.27,25.04,-2.23,Europe,Quốc Gia
Slovenia,SVN,2038,2057381,2179674,122293,5.94,27.63,25.32,-2.31,Europe,Quốc Gia
Slovenia,SVN,2039,2052079,2184645,132566,6.46,27.99,25.6,-2.39,Europe,Quốc Gia
Slovenia,SVN,2040,2046759,2189616,142857,6.98,28.35,25.88,-2.47,Europe,Quốc Gia
Slovenia,SVN,2041,2041318,2194587,153269,7.51,28.74,26.16,-2.58,Europe,Quốc Gia
Slovenia,SVN,2042,2035412,2199558,164146,8.06,29.14,26.43,-2.71,Europe,Quốc Gia
Slovenia,SVN,2043,2029195,2204529,175334,8.64,29.53,26.71,-2.82,Europe,Quốc Gia
Slovenia,SVN,2044,2022817,2209500,186683,9.23,29.92,26.98,-2.94,Europe,Quốc Gia
Slovenia,SVN,2045,2016290,2214471,198181,9.83,30.32,27.25,-3.07,Europe,Quốc Gia
Slovenia,SVN,2046,2009696,2219442,209746,10.44,30.68,27.52,-3.16,Europe,Quốc Gia
Slovenia,SVN,2047,2002989,2224413,221424,11.05,31.0,27.79,-3.21,Europe,Quốc Gia
Slovenia,SVN,2048,1996187,2229384,233197,11.68,31.26,28.06,-3.2,Europe,Quốc Gia
Slovenia,SVN,2049,1989122,2234355,245233,12.33,31.48,28.33,-3.15,Europe,Quốc Gia
Slovenia,SVN,2050,1981554,2239326,257772,13.01,31.68,28.59,-3.09,Europe,Quốc Gia
Solomon Islands,SLB,2027,878106,837622,-40484,-4.61,3.77,3.68,-0.09,Oceania,Quốc Gia
Solomon Islands,SLB,2028,898083,852845,-45238,-5.04,3.84,3.68,-0.16,Oceania,Quốc Gia
Solomon Islands,SLB,2029,918163,868067,-50096,-5.46,3.92,3.69,-0.23,Oceania,Quốc Gia
Solomon Islands,SLB,2030,938349,883289,-55060,-5.87,4.0,3.69,-0.31,Oceania,Quốc Gia
Solomon Islands,SLB,2031,958625,898511,-60114,-6.27,4.1,3.7,-0.4,Oceania,Quốc Gia
Solomon Islands,SLB,2032,978987,913733,-65254,-6.67,4.2,3.71,-0.49,Oceania,Quốc Gia
Solomon Islands,SLB,2033,999325,928955,-70370,-7.04,4.31,3.71,-0.6,Oceania,Quốc Gia
Solomon Islands,SLB,2034,1019545,944177,-75368,-7.39,4.44,3.72,-0.72,Oceania,Quốc Gia
Solomon Islands,SLB,2035,1039666,959400,-80266,-7.72,4.58,3.72,-0.86,Oceania,Quốc Gia
Solomon Islands,SLB,2036,1059532,974622,-84910,-8.01,4.73,3.72,-1.01,Oceania,Quốc Gia
Solomon Islands,SLB,2037,1079097,989844,-89253,-8.27,4.89,3.73,-1.16,Oceania,Quốc Gia
Solomon Islands,SLB,2038,1098296,1005066,-93230,-8.49,5.05,3.73,-1.32,Oceania,Quốc Gia
Solomon Islands,SLB,2039,1117098,1020288,-96810,-8.67,5.22,3.74,-1.48,Oceania,Quốc Gia
Solomon Islands,SLB,2040,1135458,1035510,-99948,-8.8,5.39,3.74,-1.65,Oceania,Quốc Gia
Solomon Islands,SLB,2041,1153462,1050732,-102730,-8.91,5.56,3.74,-1.82,Oceania,Quốc Gia
Solomon Islands,SLB,2042,1171347,1065955,-105392,-9.0,5.73,3.75,-1.98,Oceania,Quốc Gia
Solomon Islands,SLB,2043,1189126,1081177,-107949,-9.08,5.89,3.75,-2.14,Oceania,Quốc Gia
Solomon Islands,SLB,2044,1206742,1096399,-110343,-9.14,6.05,3.76,-2.29,Oceania,Quốc Gia
Solomon Islands,SLB,2045,1224202,1111621,-112581,-9.2,6.22,3.76,-2.46,Oceania,Quốc Gia
Solomon Islands,SLB,2046,1241505,1126843,-114662,-9.24,6.38,3.76,-2.62,Oceania,Quốc Gia
Solomon Islands,SLB,2047,1258625,1142065,-116560,-9.26,6.55,3.77,-2.78,Oceania,Quốc Gia
Solomon Islands,SLB,2048,1275594,1157287,-118307,-9.27,6.71,3.77,-2.94,Oceania,Quốc Gia
Solomon Islands,SLB,2049,1292429,1172509,-119920,-9.28,6.89,3.77,-3.12,Oceania,Quốc Gia
Solomon Islands,SLB,2050,1309112,1187732,-121380,-9.27,7.07,3.78,-3.29,Oceania,Quốc Gia
Somalia,SOM,2027,20959061,19391428,-1567633,-7.48,2.66,2.5,-0.16,Africa,Quốc Gia
Somalia,SOM,2028,21601817,19787765,-1814052,-8.4,2.68,2.5,-0.18,Africa,Quốc Gia
Somalia,SOM,2029,22247722,20184103,-2063619,-9.28,2.7,2.5,-0.2,Africa,Quốc Gia
Somalia,SOM,2030,22915050,20580440,-2334610,-10.19,2.72,2.5,-0.22,Africa,Quốc Gia
Somalia,SOM,2031,23589801,20976777,-2613024,-11.08,2.74,2.5,-0.24,Africa,Quốc Gia
Somalia,SOM,2032,24258797,21373114,-2885683,-11.9,2.76,2.5,-0.26,Africa,Quốc Gia
Somalia,SOM,2033,24921838,21769451,-3152387,-12.65,2.78,2.5,-0.28,Africa,Quốc Gia
Somalia,SOM,2034,25593675,22165789,-3427886,-13.39,2.8,2.5,-0.3,Africa,Quốc Gia
Somalia,SOM,2035,26294951,22562126,-3732825,-14.2,2.83,2.5,-0.33,Africa,Quốc Gia
Somalia,SOM,2036,27009207,22958463,-4050744,-15.0,2.85,2.5,-0.35,Africa,Quốc Gia
Somalia,SOM,2037,27731179,23354800,-4376379,-15.78,2.87,2.5,-0.37,Africa,Quốc Gia
Somalia,SOM,2038,28455762,23751137,-4704625,-16.53,2.9,2.5,-0.4,Africa,Quốc Gia
Somalia,SOM,2039,29167907,24147475,-5020432,-17.21,2.93,2.5,-0.43,Africa,Quốc Gia
Somalia,SOM,2040,29896296,24543812,-5352484,-17.9,2.96,2.5,-0.46,Africa,Quốc Gia
Somalia,SOM,2041,30635966,24940149,-5695817,-18.59,2.99,2.5,-0.49,Africa,Quốc Gia
Somalia,SOM,2042,31350037,25336486,-6013551,-19.18,3.03,2.5,-0.53,Africa,Quốc Gia
Somalia,SOM,2043,32057991,25732823,-6325168,-19.73,3.08,2.5,-0.58,Africa,Quốc Gia
Somalia,SOM,2044,32780428,26129161,-6651267,-20.29,3.13,2.49,-0.64,Africa,Quốc Gia
Somalia,SOM,2045,33510174,26525498,-6984676,-20.84,3.18,2.49,-0.69,Africa,Quốc Gia
Somalia,SOM,2046,34248041,26921835,-7326206,-21.39,3.24,2.49,-0.75,Africa,Quốc Gia
Somalia,SOM,2047,34996377,27318172,-7678205,-21.94,3.3,2.49,-0.81,Africa,Quốc Gia
Somalia,SOM,2048,35743972,27714509,-8029463,-22.46,3.37,2.49,-0.88,Africa,Quốc Gia
Somalia,SOM,2049,36474695,28110846,-8363849,-22.93,3.44,2.49,-0.95,Africa,Quốc Gia
Somalia,SOM,2050,37206509,28507184,-8699325,-23.38,3.51,2.49,-1.02,Africa,Quốc Gia
South Africa,ZAF,2027,66143019,64967970,-1175049,-1.78,7.25,6.53,-0.72,Africa,Quốc Gia
South Africa,ZAF,2028,66830386,65640835,-1189551,-1.78,7.43,6.58,-0.85,Africa,Quốc Gia
South Africa,ZAF,2029,67506850,66313701,-1193149,-1.77,7.6,6.63,-0.97,Africa,Quốc Gia
South Africa,ZAF,2030,68161358,66986567,-1174791,-1.72,7.75,6.68,-1.07,Africa,Quốc Gia
South Africa,ZAF,2031,68798575,67659432,-1139143,-1.66,7.88,6.73,-1.15,Africa,Quốc Gia
South Africa,ZAF,2032,69426441,68332298,-1094143,-1.58,8.0,6.78,-1.22,Africa,Quốc Gia
South Africa,ZAF,2033,70040487,69005163,-1035324,-1.48,8.12,6.83,-1.29,Africa,Quốc Gia
South Africa,ZAF,2034,70641571,69678029,-963542,-1.36,8.24,6.87,-1.37,Africa,Quốc Gia
South Africa,ZAF,2035,71234750,70350894,-883856,-1.24,8.37,6.92,-1.45,Africa,Quốc Gia
South Africa,ZAF,2036,71816373,71023760,-792613,-1.1,8.5,6.96,-1.54,Africa,Quốc Gia
South Africa,ZAF,2037,72387809,71696625,-691184,-0.95,8.62,7.0,-1.62,Africa,Quốc Gia
South Africa,ZAF,2038,72949612,72369491,-580121,-0.8,8.74,7.05,-1.69,Africa,Quốc Gia
South Africa,ZAF,2039,73496152,73042356,-453796,-0.62,8.86,7.09,-1.77,Africa,Quốc Gia
South Africa,ZAF,2040,74035616,73715222,-320394,-0.43,8.99,7.13,-1.86,Africa,Quốc Gia
South Africa,ZAF,2041,74575447,74388088,-187359,-0.25,9.13,7.17,-1.96,Africa,Quốc Gia
South Africa,ZAF,2042,75111901,75060953,-50948,-0.07,9.28,7.21,-2.07,Africa,Quốc Gia
South Africa,ZAF,2043,75641515,75733819,92304,0.12,9.46,7.25,-2.21,Africa,Quốc Gia
South Africa,ZAF,2044,76164464,76406684,242220,0.32,9.66,7.29,-2.37,Africa,Quốc Gia
South Africa,ZAF,2045,76681451,77079550,398099,0.52,9.88,7.32,-2.56,Africa,Quốc Gia
South Africa,ZAF,2046,77199545,77752415,552870,0.72,10.13,7.36,-2.77,Africa,Quốc Gia
South Africa,ZAF,2047,77716653,78425281,708628,0.91,10.38,7.4,-2.98,Africa,Quốc Gia
South Africa,ZAF,2048,78215326,79098146,882820,1.13,10.65,7.43,-3.22,Africa,Quốc Gia
South Africa,ZAF,2049,78699585,79771012,1071427,1.36,10.94,7.47,-3.47,Africa,Quốc Gia
South Africa,ZAF,2050,79177332,80443878,1266546,1.6,11.23,7.5,-3.73,Africa,Quốc Gia
South Korea,KOR,2027,51518848,53033538,1514690,2.94,22.43,19.01,-3.42,Asia,Quốc Gia
South Korea,KOR,2028,51423419,53266211,1842792,3.58,23.35,19.4,-3.95,Asia,Quốc Gia
South Korea,KOR,2029,51314011,53498883,2184872,4.26,24.19,19.79,-4.4,Asia,Quốc Gia
South Korea,KOR,2030,51188577,53731556,2542979,4.97,25.03,20.18,-4.85,Asia,Quốc Gia
South Korea,KOR,2031,51048176,53964229,2916053,5.71,25.87,20.56,-5.31,Asia,Quốc Gia
South Korea,KOR,2032,50891288,54196901,3305613,6.5,26.71,20.94,-5.77,Asia,Quốc Gia
South Korea,KOR,2033,50714303,54429574,3715271,7.33,27.62,21.31,-6.31,Asia,Quốc Gia
South Korea,KOR,2034,50516808,54662247,4145439,8.21,28.58,21.68,-6.9,Asia,Quốc Gia
South Korea,KOR,2035,50300724,54894919,4594195,9.13,29.52,22.05,-7.47,Asia,Quốc Gia
South Korea,KOR,2036,50066539,55127592,5061053,10.11,30.47,22.42,-8.05,Asia,Quốc Gia
South Korea,KOR,2037,49813423,55360265,5546842,11.14,31.37,22.78,-8.59,Asia,Quốc Gia
South Korea,KOR,2038,49541164,55592937,6051773,12.22,32.22,23.14,-9.08,Asia,Quốc Gia
South Korea,KOR,2039,49251889,55825610,6573721,13.35,33.03,23.5,-9.53,Asia,Quốc Gia
South Korea,KOR,2040,48948683,56058283,7109600,14.52,33.75,23.85,-9.9,Asia,Quốc Gia
South Korea,KOR,2041,48630423,56290955,7660532,15.75,34.36,24.2,-10.16,Asia,Quốc Gia
South Korea,KOR,2042,48299739,56523628,8223889,17.03,34.93,24.55,-10.38,Asia,Quốc Gia
South Korea,KOR,2043,47959040,56756301,8797261,18.34,35.49,24.89,-10.6,Asia,Quốc Gia
South Korea,KOR,2044,47603369,56988973,9385604,19.72,36.1,25.24,-10.86,Asia,Quốc Gia
South Korea,KOR,2045,47232950,57221646,9988696,21.15,36.8,25.57,-11.23,Asia,Quốc Gia
South Korea,KOR,2046,46850900,57454318,10603418,22.63,37.5,25.91,-11.59,Asia,Quốc Gia
South Korea,KOR,2047,46452064,57686991,11234927,24.19,38.17,26.25,-11.92,Asia,Quốc Gia
South Korea,KOR,2048,46033797,57919664,11885867,25.82,38.76,26.58,-12.18,Asia,Quốc Gia
South Korea,KOR,2049,45597288,58152336,12555048,27.53,39.21,26.91,-12.3,Asia,Quốc Gia
South Korea,KOR,2050,45143134,58385009,13241875,29.33,39.56,27.23,-12.33,Asia,Quốc Gia
South Sudan,SSD,2027,12687306,12971707,284401,2.24,3.25,2.83,-0.42,Africa,Quốc Gia
South Sudan,SSD,2028,12941508,13210297,268789,2.08,3.34,2.83,-0.51,Africa,Quốc Gia
South Sudan,SSD,2029,13198085,13448888,250803,1.9,3.43,2.84,-0.59,Africa,Quốc Gia
South Sudan,SSD,2030,13457451,13687478,230027,1.71,3.52,2.85,-0.67,Africa,Quốc Gia
South Sudan,SSD,2031,13725418,13926069,200651,1.46,3.62,2.86,-0.76,Africa,Quốc Gia
South Sudan,SSD,2032,13996348,14164659,168311,1.2,3.73,2.86,-0.87,Africa,Quốc Gia
South Sudan,SSD,2033,14261765,14403250,141485,0.99,3.84,2.87,-0.97,Africa,Quốc Gia
South Sudan,SSD,2034,14527553,14641840,114287,0.79,3.96,2.88,-1.08,Africa,Quốc Gia
South Sudan,SSD,2035,14798607,14880431,81824,0.55,4.09,2.88,-1.21,Africa,Quốc Gia
South Sudan,SSD,2036,15070103,15119021,48918,0.32,4.23,2.89,-1.34,Africa,Quốc Gia
South Sudan,SSD,2037,15335706,15357612,21906,0.14,4.38,2.9,-1.48,Africa,Quốc Gia
South Sudan,SSD,2038,15595974,15596202,228,0.0,4.53,2.9,-1.63,Africa,Quốc Gia
South Sudan,SSD,2039,15850702,15834793,-15909,-0.1,4.68,2.91,-1.77,Africa,Quốc Gia
South Sudan,SSD,2040,16101476,16073383,-28093,-0.17,4.84,2.91,-1.93,Africa,Quốc Gia
South Sudan,SSD,2041,16350155,16311974,-38181,-0.23,4.99,2.92,-2.07,Africa,Quốc Gia
South Sudan,SSD,2042,16593367,16550564,-42803,-0.26,5.14,2.92,-2.22,Africa,Quốc Gia
South Sudan,SSD,2043,16829215,16789155,-40060,-0.24,5.28,2.93,-2.35,Africa,Quốc Gia
South Sudan,SSD,2044,17060182,17027745,-32437,-0.19,5.41,2.93,-2.48,Africa,Quốc Gia
South Sudan,SSD,2045,17286418,17266336,-20082,-0.12,5.54,2.94,-2.6,Africa,Quốc Gia
South Sudan,SSD,2046,17509697,17504926,-4771,-0.03,5.65,2.94,-2.71,Africa,Quốc Gia
South Sudan,SSD,2047,17728337,17743517,15180,0.09,5.75,2.95,-2.8,Africa,Quốc Gia
South Sudan,SSD,2048,17938442,17982107,43665,0.24,5.82,2.95,-2.87,Africa,Quốc Gia
South Sudan,SSD,2049,18142899,18220698,77799,0.43,5.88,2.96,-2.92,Africa,Quốc Gia
South Sudan,SSD,2050,18341975,18459288,117313,0.64,5.91,2.96,-2.95,Africa,Quốc Gia
Spain,ESP,2027,47802269,49805051,2002782,4.19,22.68,20.78,-1.9,Europe,Quốc Gia
Spain,ESP,2028,47748559,50091510,2342951,4.91,23.26,20.94,-2.32,Europe,Quốc Gia
Spain,ESP,2029,47685769,50377970,2692201,5.65,23.89,21.09,-2.8,Europe,Quốc Gia
Spain,ESP,2030,47610524,50664429,3053905,6.41,24.55,21.24,-3.31,Europe,Quốc Gia
Spain,ESP,2031,47523494,50950888,3427394,7.21,25.21,21.39,-3.82,Europe,Quốc Gia
Spain,ESP,2032,47433517,51237348,3803831,8.02,25.88,21.54,-4.34,Europe,Quốc Gia
Spain,ESP,2033,47344052,51523807,4179755,8.83,26.53,21.68,-4.85,Europe,Quốc Gia
Spain,ESP,2034,47252139,51810266,4558127,9.65,27.18,21.82,-5.36,Europe,Quốc Gia
Spain,ESP,2035,47154200,52096726,4942526,10.48,27.83,21.97,-5.86,Europe,Quốc Gia
Spain,ESP,2036,47049467,52383185,5333718,11.34,28.48,22.11,-6.37,Europe,Quốc Gia
Spain,ESP,2037,46940800,52669644,5728844,12.2,29.14,22.25,-6.89,Europe,Quốc Gia
Spain,ESP,2038,46830191,52956104,6125913,13.08,29.81,22.38,-7.43,Europe,Quốc Gia
Spain,ESP,2039,46714651,53242563,6527912,13.97,30.5,22.52,-7.98,Europe,Quốc Gia
Spain,ESP,2040,46591674,53529022,6937348,14.89,31.19,22.65,-8.54,Europe,Quốc Gia
Spain,ESP,2041,46463101,53815482,7352381,15.82,31.89,22.79,-9.1,Europe,Quốc Gia
Spain,ESP,2042,46327607,54101941,7774334,16.78,32.57,22.92,-9.65,Europe,Quốc Gia
Spain,ESP,2043,46187926,54388400,8200474,17.75,33.21,23.05,-10.16,Europe,Quốc Gia
Spain,ESP,2044,46041017,54674860,8633843,18.75,33.8,23.18,-10.62,Europe,Quốc Gia
Spain,ESP,2045,45879960,54961319,9081359,19.79,34.35,23.3,-11.05,Europe,Quốc Gia
Spain,ESP,2046,45708979,55247778,9538799,20.87,34.83,23.43,-11.4,Europe,Quốc Gia
Spain,ESP,2047,45529634,55534238,10004604,21.97,35.21,23.56,-11.65,Europe,Quốc Gia
Spain,ESP,2048,45342103,55820697,10478594,23.11,35.53,23.68,-11.85,Europe,Quốc Gia
Spain,ESP,2049,45140659,56107156,10966497,24.29,35.79,23.8,-11.99,Europe,Quốc Gia
Spain,ESP,2050,44928562,56393616,11465054,25.52,36.0,23.92,-12.08,Europe,Quốc Gia
Sri Lanka,LKA,2027,23461562,23814215,352653,1.5,13.19,11.74,-1.45,Asia,Quốc Gia
Sri Lanka,LKA,2028,23569176,23990764,421588,1.79,13.53,11.91,-1.62,Asia,Quốc Gia
Sri Lanka,LKA,2029,23670632,24167312,496680,2.1,13.85,12.07,-1.78,Asia,Quốc Gia
Sri Lanka,LKA,2030,23767958,24343861,575903,2.42,14.17,12.24,-1.93,Asia,Quốc Gia
Sri Lanka,LKA,2031,23861633,24520409,658776,2.76,14.48,12.4,-2.08,Asia,Quốc Gia
Sri Lanka,LKA,2032,23951252,24696958,745706,3.11,14.79,12.55,-2.24,Asia,Quốc Gia
Sri Lanka,LKA,2033,24037617,24873507,835890,3.48,15.1,12.71,-2.39,Asia,Quốc Gia
Sri Lanka,LKA,2034,24119298,25050055,930757,3.86,15.39,12.86,-2.53,Asia,Quốc Gia
Sri Lanka,LKA,2035,24196477,25226604,1030127,4.26,15.68,13.02,-2.66,Asia,Quốc Gia
Sri Lanka,LKA,2036,24269521,25403152,1133631,4.67,15.95,13.17,-2.78,Asia,Quốc Gia
Sri Lanka,LKA,2037,24339993,25579701,1239708,5.09,16.2,13.31,-2.89,Asia,Quốc Gia
Sri Lanka,LKA,2038,24407043,25756249,1349206,5.53,16.43,13.46,-2.97,Asia,Quốc Gia
Sri Lanka,LKA,2039,24469401,25932798,1463397,5.98,16.66,13.6,-3.06,Asia,Quốc Gia
Sri Lanka,LKA,2040,24526699,26109347,1582648,6.45,16.9,13.74,-3.16,Asia,Quốc Gia
Sri Lanka,LKA,2041,24578643,26285895,1707252,6.95,17.17,13.88,-3.29,Asia,Quốc Gia
Sri Lanka,LKA,2042,24625363,26462444,1837081,7.46,17.49,14.02,-3.47,Asia,Quốc Gia
Sri Lanka,LKA,2043,24666659,26638992,1972333,8.0,17.84,14.16,-3.68,Asia,Quốc Gia
Sri Lanka,LKA,2044,24702864,26815541,2112677,8.55,18.22,14.29,-3.93,Asia,Quốc Gia
Sri Lanka,LKA,2045,24736437,26992089,2255652,9.12,18.62,14.42,-4.2,Asia,Quốc Gia
Sri Lanka,LKA,2046,24765737,27168638,2402901,9.7,19.0,14.55,-4.45,Asia,Quốc Gia
Sri Lanka,LKA,2047,24786707,27345187,2558480,10.32,19.36,14.68,-4.68,Asia,Quốc Gia
Sri Lanka,LKA,2048,24800753,27521735,2720982,10.97,19.69,14.81,-4.88,Asia,Quốc Gia
Sri Lanka,LKA,2049,24809172,27698284,2889112,11.65,19.99,14.94,-5.05,Asia,Quốc Gia
Sri Lanka,LKA,2050,24813694,27874832,3061138,12.34,20.27,15.06,-5.21,Asia,Quốc Gia
Sudan,SDN,2027,54724214,52398661,-2325553,-4.25,3.55,3.05,-0.5,Africa,Quốc Gia
Sudan,SDN,2028,55993831,53320320,-2673511,-4.77,3.63,3.05,-0.58,Africa,Quốc Gia
Sudan,SDN,2029,57275440,54241979,-3033461,-5.3,3.7,3.06,-0.64,Africa,Quốc Gia
Sudan,SDN,2030,58571622,55163637,-3407985,-5.82,3.78,3.06,-0.72,Africa,Quốc Gia
Sudan,SDN,2031,59872934,56085296,-3787638,-6.33,3.85,3.07,-0.78,Africa,Quốc Gia
Sudan,SDN,2032,61179473,57006955,-4172518,-6.82,3.92,3.07,-0.85,Africa,Quốc Gia
Sudan,SDN,2033,62497203,57928614,-4568589,-7.31,3.99,3.08,-0.91,Africa,Quốc Gia
Sudan,SDN,2034,63822353,58850273,-4972080,-7.79,4.06,3.08,-0.98,Africa,Quốc Gia
Sudan,SDN,2035,65148316,59771931,-5376385,-8.25,4.13,3.09,-1.04,Africa,Quốc Gia
Sudan,SDN,2036,66470017,60693590,-5776427,-8.69,4.21,3.09,-1.12,Africa,Quốc Gia
Sudan,SDN,2037,67791239,61615249,-6175990,-9.11,4.29,3.1,-1.19,Africa,Quốc Gia
Sudan,SDN,2038,69107710,62536908,-6570802,-9.51,4.35,3.1,-1.25,Africa,Quốc Gia
Sudan,SDN,2039,70416628,63458566,-6958062,-9.88,4.41,3.11,-1.3,Africa,Quốc Gia
Sudan,SDN,2040,71730602,64380225,-7350377,-10.25,4.46,3.11,-1.35,Africa,Quốc Gia
Sudan,SDN,2041,73056212,65301884,-7754328,-10.61,4.52,3.11,-1.41,Africa,Quốc Gia
Sudan,SDN,2042,74387560,66223543,-8164017,-10.97,4.57,3.12,-1.45,Africa,Quốc Gia
Sudan,SDN,2043,75723669,67145202,-8578467,-11.33,4.64,3.12,-1.52,Africa,Quốc Gia
Sudan,SDN,2044,77066453,68066860,-8999593,-11.68,4.71,3.12,-1.59,Africa,Quốc Gia
Sudan,SDN,2045,78415204,68988519,-9426685,-12.02,4.8,3.13,-1.67,Africa,Quốc Gia
Sudan,SDN,2046,79767269,69910178,-9857091,-12.36,4.89,3.13,-1.76,Africa,Quốc Gia
Sudan,SDN,2047,81115240,70831837,-10283403,-12.68,4.99,3.13,-1.86,Africa,Quốc Gia
Sudan,SDN,2048,82463201,71753496,-10709705,-12.99,5.09,3.14,-1.95,Africa,Quốc Gia
Sudan,SDN,2049,83828354,72675154,-11153200,-13.3,5.19,3.14,-2.05,Africa,Quốc Gia
Sudan,SDN,2050,85206382,73596813,-11609569,-13.63,5.3,3.14,-2.16,Africa,Quốc Gia
Suriname,SUR,2027,650572,661173,10601,1.63,8.84,7.85,-0.99,South America,Quốc Gia
Suriname,SUR,2028,655790,668011,12221,1.86,9.19,7.94,-1.25,South America,Quốc Gia
Suriname,SUR,2029,660801,674848,14047,2.13,9.55,8.03,-1.52,South America,Quốc Gia
Suriname,SUR,2030,665658,681685,16027,2.41,9.91,8.12,-1.79,South America,Quốc Gia
Suriname,SUR,2031,670428,688522,18094,2.7,10.26,8.2,-2.06,South America,Quốc Gia
Suriname,SUR,2032,675077,695359,20282,3.0,10.59,8.29,-2.3,South America,Quốc Gia
Suriname,SUR,2033,679581,702197,22616,3.33,10.9,8.37,-2.53,South America,Quốc Gia
Suriname,SUR,2034,683919,709034,25115,3.67,11.19,8.45,-2.74,South America,Quốc Gia
Suriname,SUR,2035,688197,715871,27674,4.02,11.49,8.53,-2.96,South America,Quốc Gia
Suriname,SUR,2036,692350,722708,30358,4.38,11.78,8.61,-3.17,South America,Quốc Gia
Suriname,SUR,2037,696219,729545,33326,4.79,12.08,8.68,-3.4,South America,Quốc Gia
Suriname,SUR,2038,699915,736382,36467,5.21,12.37,8.76,-3.61,South America,Quốc Gia
Suriname,SUR,2039,703574,743220,39646,5.63,12.62,8.83,-3.79,South America,Quốc Gia
Suriname,SUR,2040,707159,750057,42898,6.07,12.84,8.9,-3.94,South America,Quốc Gia
Suriname,SUR,2041,710624,756894,46270,6.51,13.01,8.97,-4.04,South America,Quốc Gia
Suriname,SUR,2042,713906,763731,49825,6.98,13.16,9.04,-4.12,South America,Quốc Gia
Suriname,SUR,2043,717006,770568,53562,7.47,13.32,9.11,-4.21,South America,Quốc Gia
Suriname,SUR,2044,719926,777406,57480,7.98,13.49,9.18,-4.31,South America,Quốc Gia
Suriname,SUR,2045,722766,784243,61477,8.51,13.68,9.25,-4.43,South America,Quốc Gia
Suriname,SUR,2046,725330,791080,65750,9.06,13.9,9.31,-4.59,South America,Quốc Gia
Suriname,SUR,2047,727735,797917,70182,9.64,14.14,9.37,-4.77,South America,Quốc Gia
Suriname,SUR,2048,730046,804754,74708,10.23,14.41,9.44,-4.97,South America,Quốc Gia
Suriname,SUR,2049,732029,811591,79562,10.87,14.68,9.5,-5.18,South America,Quốc Gia
Suriname,SUR,2050,733907,818429,84522,11.52,14.94,9.56,-5.38,South America,Quốc Gia
Sweden,SWE,2027,10741255,10688896,-52359,-0.49,21.25,20.8,-0.45,Europe,Quốc Gia
Sweden,SWE,2028,10778309,10756022,-22287,-0.21,21.49,20.9,-0.59,Europe,Quốc Gia
Sweden,SWE,2029,10811696,10823148,11452,0.11,21.78,21.01,-0.77,Europe,Quốc Gia
Sweden,SWE,2030,10841809,10890274,48465,0.45,22.11,21.11,-1.0,Europe,Quốc Gia
Sweden,SWE,2031,10868788,10957400,88612,0.82,22.44,21.22,-1.22,Europe,Quốc Gia
Sweden,SWE,2032,10894151,11024526,130375,1.2,22.75,21.32,-1.43,Europe,Quốc Gia
Sweden,SWE,2033,10918926,11091652,172726,1.58,23.01,21.42,-1.59,Europe,Quốc Gia
Sweden,SWE,2034,10942387,11158778,216391,1.98,23.22,21.52,-1.7,Europe,Quốc Gia
Sweden,SWE,2035,10964976,11225904,260928,2.38,23.41,21.62,-1.79,Europe,Quốc Gia
Sweden,SWE,2036,10987684,11293030,305346,2.78,23.61,21.72,-1.89,Europe,Quốc Gia
Sweden,SWE,2037,11009958,11360156,350198,3.18,23.82,21.81,-2.01,Europe,Quốc Gia
Sweden,SWE,2038,11031982,11427282,395300,3.58,24.02,21.91,-2.11,Europe,Quốc Gia
Sweden,SWE,2039,11054785,11494408,439623,3.98,24.21,22.0,-2.21,Europe,Quốc Gia
Sweden,SWE,2040,11078605,11561534,482929,4.36,24.38,22.1,-2.28,Europe,Quốc Gia
Sweden,SWE,2041,11102632,11628660,526028,4.74,24.5,22.19,-2.31,Europe,Quốc Gia
Sweden,SWE,2042,11127415,11695786,568371,5.11,24.6,22.28,-2.32,Europe,Quốc Gia
Sweden,SWE,2043,11153132,11762912,609780,5.47,24.69,22.37,-2.32,Europe,Quốc Gia
Sweden,SWE,2044,11178419,11830038,651619,5.83,24.78,22.46,-2.32,Europe,Quốc Gia
Sweden,SWE,2045,11202873,11897164,694291,6.2,24.91,22.54,-2.37,Europe,Quốc Gia
Sweden,SWE,2046,11226265,11964290,738025,6.57,25.05,22.63,-2.42,Europe,Quốc Gia
Sweden,SWE,2047,11248721,12031416,782695,6.96,25.17,22.72,-2.45,Europe,Quốc Gia
Sweden,SWE,2048,11270143,12098542,828399,7.35,25.31,22.8,-2.51,Europe,Quốc Gia
Sweden,SWE,2049,11290350,12165668,875318,7.75,25.46,22.89,-2.57,Europe,Quốc Gia
Sweden,SWE,2050,11309632,12232794,923162,8.16,25.64,22.97,-2.67,Europe,Quốc Gia
Switzerland,CHE,2027,9043904,9083434,39530,0.44,21.36,19.94,-1.42,Europe,Quốc Gia
Switzerland,CHE,2028,9076508,9152824,76316,0.84,21.9,20.08,-1.82,Europe,Quốc Gia
Switzerland,CHE,2029,9104951,9222213,117262,1.29,22.49,20.22,-2.27,Europe,Quốc Gia
Switzerland,CHE,2030,9130290,9291603,161313,1.77,23.09,20.35,-2.74,Europe,Quốc Gia
Switzerland,CHE,2031,9154023,9360992,206969,2.26,23.66,20.49,-3.17,Europe,Quốc Gia
Switzerland,CHE,2032,9174691,9430382,255691,2.79,24.22,20.62,-3.6,Europe,Quốc Gia
Switzerland,CHE,2033,9192387,9499772,307385,3.34,24.75,20.75,-4.0,Europe,Quốc Gia
Switzerland,CHE,2034,9209206,9569161,359955,3.91,25.25,20.87,-4.38,Europe,Quốc Gia
Switzerland,CHE,2035,9224223,9638551,414328,4.49,25.71,21.0,-4.71,Europe,Quốc Gia
Switzerland,CHE,2036,9236745,9707940,471195,5.1,26.14,21.12,-5.02,Europe,Quốc Gia
Switzerland,CHE,2037,9247908,9777330,529422,5.72,26.54,21.24,-5.3,Europe,Quốc Gia
Switzerland,CHE,2038,9257648,9846719,589071,6.36,26.89,21.36,-5.53,Europe,Quốc Gia
Switzerland,CHE,2039,9266358,9916109,649751,7.01,27.21,21.48,-5.73,Europe,Quốc Gia
Switzerland,CHE,2040,9276175,9985498,709323,7.65,27.5,21.6,-5.9,Europe,Quốc Gia
Switzerland,CHE,2041,9285144,10054888,769744,8.29,27.78,21.71,-6.07,Europe,Quốc Gia
Switzerland,CHE,2042,9293496,10124278,830782,8.94,28.05,21.83,-6.22,Europe,Quốc Gia
Switzerland,CHE,2043,9302065,10193667,891602,9.58,28.31,21.94,-6.37,Europe,Quốc Gia
Switzerland,CHE,2044,9309177,10263057,953880,10.25,28.58,22.05,-6.53,Europe,Quốc Gia
Switzerland,CHE,2045,9315494,10332446,1016952,10.92,28.86,22.16,-6.7,Europe,Quốc Gia
Switzerland,CHE,2046,9321377,10401836,1080459,11.59,29.15,22.26,-6.89,Europe,Quốc Gia
Switzerland,CHE,2047,9327869,10471225,1143356,12.26,29.43,22.37,-7.06,Europe,Quốc Gia
Switzerland,CHE,2048,9334800,10540615,1205815,12.92,29.69,22.47,-7.22,Europe,Quốc Gia
Switzerland,CHE,2049,9339961,10610005,1270044,13.6,29.93,22.58,-7.35,Europe,Quốc Gia
Switzerland,CHE,2050,9342590,10679394,1336804,14.31,30.17,22.68,-7.49,Europe,Quốc Gia
Syria,SYR,2027,27261542,24723671,-2537871,-9.31,5.07,4.7,-0.37,Asia,Quốc Gia
Syria,SYR,2028,28006556,25010486,-2996070,-10.7,5.2,4.74,-0.46,Asia,Quốc Gia
Syria,SYR,2029,28719306,25297300,-3422006,-11.92,5.33,4.78,-0.55,Asia,Quốc Gia
Syria,SYR,2030,29395542,25584115,-3811427,-12.97,5.47,4.81,-0.66,Asia,Quốc Gia
Syria,SYR,2031,30029822,25870930,-4158892,-13.85,5.62,4.85,-0.77,Asia,Quốc Gia
Syria,SYR,2032,30633659,26157744,-4475915,-14.61,5.77,4.88,-0.89,Asia,Quốc Gia
Syria,SYR,2033,31212475,26444559,-4767916,-15.28,5.93,4.92,-1.01,Asia,Quốc Gia
Syria,SYR,2034,31768135,26731373,-5036762,-15.85,6.09,4.95,-1.14,Asia,Quốc Gia
Syria,SYR,2035,32294789,27018188,-5276601,-16.34,6.26,4.98,-1.28,Asia,Quốc Gia
Syria,SYR,2036,32788150,27305003,-5483147,-16.72,6.43,5.02,-1.41,Asia,Quốc Gia
Syria,SYR,2037,33258404,27591817,-5666587,-17.04,6.6,5.05,-1.55,Asia,Quốc Gia
Syria,SYR,2038,33710716,27878632,-5832084,-17.3,6.78,5.08,-1.7,Asia,Quốc Gia
Syria,SYR,2039,34131236,28165447,-5965789,-17.48,6.97,5.11,-1.86,Asia,Quốc Gia
Syria,SYR,2040,34533183,28452261,-6080922,-17.61,7.16,5.14,-2.02,Asia,Quốc Gia
Syria,SYR,2041,34916933,28739076,-6177857,-17.69,7.36,5.17,-2.19,Asia,Quốc Gia
Syria,SYR,2042,35279859,29025891,-6253968,-17.73,7.56,5.19,-2.37,Asia,Quốc Gia
Syria,SYR,2043,35623321,29312705,-6310616,-17.71,7.78,5.22,-2.56,Asia,Quốc Gia
Syria,SYR,2044,35944391,29599520,-6344871,-17.65,7.99,5.25,-2.74,Asia,Quốc Gia
Syria,SYR,2045,36265292,29886335,-6378957,-17.59,8.21,5.28,-2.93,Asia,Quốc Gia
Syria,SYR,2046,36583258,30173149,-6410109,-17.52,8.42,5.3,-3.12,Asia,Quốc Gia
Syria,SYR,2047,36878638,30459964,-6418674,-17.4,8.63,5.33,-3.3,Asia,Quốc Gia
Syria,SYR,2048,37171026,30746778,-6424248,-17.28,8.84,5.35,-3.49,Asia,Quốc Gia
Syria,SYR,2049,37477685,31033593,-6444092,-17.19,9.05,5.38,-3.67,Asia,Quốc Gia
Syria,SYR,2050,37793375,31320408,-6472967,-17.13,9.26,5.4,-3.86,Asia,Quốc Gia
Taiwan,TWN,2027,22908338,23914342,1006004,4.39,21.8,18.34,-3.46,Asia,Quốc Gia
Taiwan,TWN,2028,22803796,23972399,1168603,5.12,22.69,18.7,-3.99,Asia,Quốc Gia
Taiwan,TWN,2029,22698328,24030455,1332127,5.87,23.57,19.05,-4.52,Asia,Quốc Gia
Taiwan,TWN,2030,22589952,24088512,1498560,6.63,24.41,19.4,-5.01,Asia,Quốc Gia
Taiwan,TWN,2031,22477193,24146569,1669376,7.43,25.24,19.75,-5.49,Asia,Quốc Gia
Taiwan,TWN,2032,22360542,24204625,1844083,8.25,26.02,20.1,-5.92,Asia,Quốc Gia
Taiwan,TWN,2033,22240588,24262682,2022094,9.09,26.76,20.45,-6.31,Asia,Quốc Gia
Taiwan,TWN,2034,22115329,24320738,2205409,9.97,27.53,20.79,-6.74,Asia,Quốc Gia
Taiwan,TWN,2035,21984720,24378795,2394075,10.89,28.29,21.13,-7.16,Asia,Quốc Gia
Taiwan,TWN,2036,21849947,24436851,2586904,11.84,29.01,21.48,-7.53,Asia,Quốc Gia
Taiwan,TWN,2037,21709389,24494908,2785519,12.83,29.66,21.82,-7.84,Asia,Quốc Gia
Taiwan,TWN,2038,21563595,24552964,2989369,13.86,30.28,22.15,-8.13,Asia,Quốc Gia
Taiwan,TWN,2039,21413103,24611021,3197918,14.93,30.87,22.49,-8.38,Asia,Quốc Gia
Taiwan,TWN,2040,21257133,24669077,3411944,16.05,31.48,22.83,-8.65,Asia,Quốc Gia
Taiwan,TWN,2041,21095738,24727134,3631396,17.21,32.2,23.16,-9.04,Asia,Quốc Gia
Taiwan,TWN,2042,20928647,24785190,3856543,18.43,32.96,23.49,-9.47,Asia,Quốc Gia
Taiwan,TWN,2043,20756526,24843247,4086721,19.69,33.69,23.82,-9.87,Asia,Quốc Gia
Taiwan,TWN,2044,20580532,24901303,4320771,20.99,34.47,24.15,-10.32,Asia,Quốc Gia
Taiwan,TWN,2045,20399185,24959360,4560175,22.35,35.27,24.48,-10.79,Asia,Quốc Gia
Taiwan,TWN,2046,20213914,25017416,4803502,23.76,36.06,24.81,-11.25,Asia,Quốc Gia
Taiwan,TWN,2047,20025034,25075473,5050439,25.22,36.83,25.13,-11.7,Asia,Quốc Gia
Taiwan,TWN,2048,19831995,25133529,5301534,26.73,37.54,25.45,-12.09,Asia,Quốc Gia
Taiwan,TWN,2049,19635199,25191586,5556387,28.3,38.15,25.77,-12.38,Asia,Quốc Gia
Taiwan,TWN,2050,19434600,25249642,5815042,29.92,38.65,26.09,-12.56,Asia,Quốc Gia
Tajikistan,TJK,2027,11168388,10796971,-371417,-3.33,4.51,3.44,-1.07,Asia,Quốc Gia
Tajikistan,TJK,2028,11356922,10962829,-394093,-3.47,4.72,3.44,-1.28,Asia,Quốc Gia
Tajikistan,TJK,2029,11545279,11128687,-416592,-3.61,4.93,3.44,-1.49,Asia,Quốc Gia
Tajikistan,TJK,2030,11733068,11294544,-438524,-3.74,5.12,3.44,-1.68,Asia,Quốc Gia
Tajikistan,TJK,2031,11920474,11460402,-460072,-3.86,5.29,3.44,-1.85,Asia,Quốc Gia
Tajikistan,TJK,2032,12110150,11626259,-483891,-4.0,5.45,3.44,-2.01,Asia,Quốc Gia
Tajikistan,TJK,2033,12302291,11792117,-510174,-4.15,5.61,3.44,-2.17,Asia,Quốc Gia
Tajikistan,TJK,2034,12496890,11957974,-538916,-4.31,5.75,3.44,-2.31,Asia,Quốc Gia
Tajikistan,TJK,2035,12695589,12123832,-571757,-4.5,5.89,3.44,-2.45,Asia,Quốc Gia
Tajikistan,TJK,2036,12899097,12289689,-609408,-4.72,6.02,3.44,-2.58,Asia,Quốc Gia
Tajikistan,TJK,2037,13104342,12455547,-648795,-4.95,6.13,3.44,-2.69,Asia,Quốc Gia
Tajikistan,TJK,2038,13308240,12621405,-686835,-5.16,6.23,3.44,-2.79,Asia,Quốc Gia
Tajikistan,TJK,2039,13511374,12787262,-724112,-5.36,6.33,3.44,-2.89,Asia,Quốc Gia
Tajikistan,TJK,2040,13713950,12953120,-760830,-5.55,6.42,3.44,-2.98,Asia,Quốc Gia
Tajikistan,TJK,2041,13915192,13118977,-796215,-5.72,6.52,3.44,-3.08,Asia,Quốc Gia
Tajikistan,TJK,2042,14115139,13284835,-830304,-5.88,6.61,3.44,-3.17,Asia,Quốc Gia
Tajikistan,TJK,2043,14311602,13450692,-860910,-6.02,6.71,3.44,-3.27,Asia,Quốc Gia
Tajikistan,TJK,2044,14504869,13616550,-888319,-6.12,6.82,3.44,-3.38,Asia,Quốc Gia
Tajikistan,TJK,2045,14694863,13782408,-912455,-6.21,6.95,3.44,-3.51,Asia,Quốc Gia
Tajikistan,TJK,2046,14879392,13948265,-931127,-6.26,7.09,3.44,-3.65,Asia,Quốc Gia
Tajikistan,TJK,2047,15059874,14114123,-945751,-6.28,7.24,3.44,-3.8,Asia,Quốc Gia
Tajikistan,TJK,2048,15236599,14279980,-956619,-6.28,7.41,3.44,-3.97,Asia,Quốc Gia
Tajikistan,TJK,2049,15408036,14445838,-962198,-6.24,7.61,3.44,-4.17,Asia,Quốc Gia
Tajikistan,TJK,2050,15574648,14611695,-962953,-6.18,7.85,3.44,-4.41,Asia,Quốc Gia
Tanzania,TZA,2027,74604809,69963472,-4641337,-6.22,3.03,3.02,-0.01,Africa,Quốc Gia
Tanzania,TZA,2028,76670488,71301401,-5369087,-7.0,3.02,3.02,0.0,Africa,Quốc Gia
Tanzania,TZA,2029,78773197,72639329,-6133868,-7.79,3.02,3.03,0.01,Africa,Quốc Gia
Tanzania,TZA,2030,80913123,73977258,-6935865,-8.57,3.03,3.03,0.0,Africa,Quốc Gia
Tanzania,TZA,2031,83087934,75315186,-7772748,-9.35,3.04,3.03,-0.01,Africa,Quốc Gia
Tanzania,TZA,2032,85293133,76653114,-8640019,-10.13,3.07,3.04,-0.03,Africa,Quốc Gia
Tanzania,TZA,2033,87520497,77991043,-9529454,-10.89,3.1,3.04,-0.06,Africa,Quốc Gia
Tanzania,TZA,2034,89788680,79328971,-10459709,-11.65,3.14,3.04,-0.1,Africa,Quốc Gia
Tanzania,TZA,2035,92091424,80666900,-11424524,-12.41,3.19,3.05,-0.14,Africa,Quốc Gia
Tanzania,TZA,2036,94420813,82004828,-12415985,-13.15,3.25,3.05,-0.2,Africa,Quốc Gia
Tanzania,TZA,2037,96775774,83342756,-13433018,-13.88,3.32,3.05,-0.27,Africa,Quốc Gia
Tanzania,TZA,2038,99156469,84680685,-14475784,-14.6,3.4,3.06,-0.34,Africa,Quốc Gia
Tanzania,TZA,2039,101567531,86018613,-15548918,-15.31,3.47,3.06,-0.41,Africa,Quốc Gia
Tanzania,TZA,2040,103999357,87356542,-16642815,-16.0,3.56,3.06,-0.5,Africa,Quốc Gia
Tanzania,TZA,2041,106448483,88694470,-17754013,-16.68,3.64,3.07,-0.57,Africa,Quốc Gia
Tanzania,TZA,2042,108926280,90032398,-18893882,-17.35,3.73,3.07,-0.66,Africa,Quốc Gia
Tanzania,TZA,2043,111433796,91370327,-20063469,-18.0,3.81,3.07,-0.74,Africa,Quốc Gia
Tanzania,TZA,2044,113966271,92708255,-21258016,-18.65,3.9,3.07,-0.83,Africa,Quốc Gia
Tanzania,TZA,2045,116525472,94046184,-22479288,-19.29,3.99,3.08,-0.91,Africa,Quốc Gia
Tanzania,TZA,2046,119109678,95384112,-23725566,-19.92,4.08,3.08,-1.0,Africa,Quốc Gia
Tanzania,TZA,2047,121721024,96722040,-24998984,-20.54,4.17,3.08,-1.09,Africa,Quốc Gia
Tanzania,TZA,2048,124351303,98059969,-26291334,-21.14,4.26,3.08,-1.18,Africa,Quốc Gia
Tanzania,TZA,2049,126981404,99397897,-27583507,-21.72,4.35,3.09,-1.26,Africa,Quốc Gia
Tanzania,TZA,2050,129621091,100735826,-28885265,-22.28,4.45,3.09,-1.36,Africa,Quốc Gia
Thailand,THA,2027,71488155,74596239,3108084,4.35,17.34,14.95,-2.39,Asia,Quốc Gia
Thailand,THA,2028,71406994,75022227,3615233,5.06,18.02,15.23,-2.79,Asia,Quốc Gia
Thailand,THA,2029,71316190,75448214,4132024,5.79,18.71,15.51,-3.2,Asia,Quốc Gia
Thailand,THA,2030,71215015,75874202,4659187,6.54,19.39,15.79,-3.6,Asia,Quốc Gia
Thailand,THA,2031,71104025,76300189,5196164,7.31,20.06,16.06,-4.0,Asia,Quốc Gia
Thailand,THA,2032,70982286,76726177,5743891,8.09,20.73,16.34,-4.39,Asia,Quốc Gia
Thailand,THA,2033,70847948,77152165,6304217,8.9,21.41,16.6,-4.81,Asia,Quốc Gia
Thailand,THA,2034,70701652,77578152,6876500,9.73,22.07,16.87,-5.2,Asia,Quốc Gia
Thailand,THA,2035,70540885,78004140,7463255,10.58,22.72,17.13,-5.59,Asia,Quốc Gia
Thailand,THA,2036,70366497,78430127,8063630,11.46,23.35,17.39,-5.96,Asia,Quốc Gia
Thailand,THA,2037,70180032,78856115,8676083,12.36,23.94,17.65,-6.29,Asia,Quốc Gia
Thailand,THA,2038,69979035,79282103,9303068,13.29,24.51,17.91,-6.6,Asia,Quốc Gia
Thailand,THA,2039,69763929,79708090,9944161,14.25,25.03,18.16,-6.87,Asia,Quốc Gia
Thailand,THA,2040,69535004,80134078,10599074,15.24,25.52,18.41,-7.11,Asia,Quốc Gia
Thailand,THA,2041,69288478,80560065,11271587,16.27,25.98,18.65,-7.33,Asia,Quốc Gia
Thailand,THA,2042,69025348,80986053,11960705,17.33,26.43,18.9,-7.53,Asia,Quốc Gia
Thailand,THA,2043,68748076,81412041,12663965,18.42,26.88,19.14,-7.74,Asia,Quốc Gia
Thailand,THA,2044,68456534,81838028,13381494,19.55,27.31,19.38,-7.93,Asia,Quốc Gia
Thailand,THA,2045,68150148,82264016,14113868,20.71,27.73,19.61,-8.12,Asia,Quốc Gia
Thailand,THA,2046,67827308,82690003,14862695,21.91,28.14,19.85,-8.29,Asia,Quốc Gia
Thailand,THA,2047,67489358,83115991,15626633,23.15,28.53,20.08,-8.45,Asia,Quốc Gia
Thailand,THA,2048,67136738,83541979,16405241,24.44,28.89,20.31,-8.58,Asia,Quốc Gia
Thailand,THA,2049,66767317,83967966,17200649,25.76,29.21,20.53,-8.68,Asia,Quốc Gia
Thailand,THA,2050,66382731,84393954,18011223,27.13,29.49,20.76,-8.73,Asia,Quốc Gia
Togo,TGO,2027,8971407,8845331,-126076,-1.41,3.43,3.64,0.21,Africa,Quốc Gia
Togo,TGO,2028,9164475,8995597,-168878,-1.84,3.42,3.65,0.23,Africa,Quốc Gia
Togo,TGO,2029,9360329,9145862,-214467,-2.29,3.43,3.66,0.23,Africa,Quốc Gia
Togo,TGO,2030,9561158,9296127,-265031,-2.77,3.45,3.67,0.22,Africa,Quốc Gia
Togo,TGO,2031,9767541,9446393,-321148,-3.29,3.48,3.68,0.2,Africa,Quốc Gia
Togo,TGO,2032,9977271,9596658,-380613,-3.81,3.52,3.69,0.17,Africa,Quốc Gia
Togo,TGO,2033,10188744,9746924,-441820,-4.34,3.56,3.69,0.13,Africa,Quốc Gia
Togo,TGO,2034,10401540,9897189,-504351,-4.85,3.61,3.7,0.09,Africa,Quốc Gia
Togo,TGO,2035,10616834,10047454,-569380,-5.36,3.66,3.71,0.05,Africa,Quốc Gia
Togo,TGO,2036,10833231,10197720,-635511,-5.87,3.72,3.72,0.0,Africa,Quốc Gia
Togo,TGO,2037,11050344,10347985,-702359,-6.36,3.77,3.73,-0.04,Africa,Quốc Gia
Togo,TGO,2038,11269676,10498250,-771426,-6.85,3.84,3.73,-0.11,Africa,Quốc Gia
Togo,TGO,2039,11491367,10648516,-842851,-7.33,3.91,3.74,-0.17,Africa,Quốc Gia
Togo,TGO,2040,11711888,10798781,-913107,-7.8,3.98,3.75,-0.23,Africa,Quốc Gia
Togo,TGO,2041,11931801,10949046,-982755,-8.24,4.06,3.75,-0.31,Africa,Quốc Gia
Togo,TGO,2042,12153867,11099312,-1054555,-8.68,4.14,3.76,-0.38,Africa,Quốc Gia
Togo,TGO,2043,12378566,11249577,-1128989,-9.12,4.23,3.77,-0.46,Africa,Quốc Gia
Togo,TGO,2044,12605350,11399843,-1205507,-9.56,4.32,3.77,-0.55,Africa,Quốc Gia
Togo,TGO,2045,12831550,11550108,-1281442,-9.99,4.42,3.78,-0.64,Africa,Quốc Gia
Togo,TGO,2046,13057611,11700373,-1357238,-10.39,4.52,3.78,-0.74,Africa,Quốc Gia
Togo,TGO,2047,13282355,11850639,-1431716,-10.78,4.62,3.79,-0.83,Africa,Quốc Gia
Togo,TGO,2048,13506989,12000904,-1506085,-11.15,4.73,3.8,-0.93,Africa,Quốc Gia
Togo,TGO,2049,13734552,12151169,-1583383,-11.53,4.85,3.8,-1.05,Africa,Quốc Gia
Togo,TGO,2050,13960022,12301435,-1658587,-11.88,4.96,3.81,-1.15,Africa,Quốc Gia
Tokelau,TKL,2027,2787,2245,-542,-19.45,8.79,9.01,0.22,Oceania,Quốc Gia
Tokelau,TKL,2028,2866,2266,-600,-20.94,9.07,9.05,-0.02,Oceania,Quốc Gia
Tokelau,TKL,2029,2941,2286,-655,-22.27,9.42,9.09,-0.33,Oceania,Quốc Gia
Tokelau,TKL,2030,3006,2307,-699,-23.25,9.71,9.13,-0.58,Oceania,Quốc Gia
Tokelau,TKL,2031,3078,2328,-750,-24.37,10.1,9.17,-0.93,Oceania,Quốc Gia
Tokelau,TKL,2032,3144,2348,-796,-25.32,10.43,9.21,-1.22,Oceania,Quốc Gia
Tokelau,TKL,2033,3201,2369,-832,-25.99,10.68,9.25,-1.43,Oceania,Quốc Gia
Tokelau,TKL,2034,3250,2390,-860,-26.46,10.83,9.29,-1.54,Oceania,Quốc Gia
Tokelau,TKL,2035,3302,2410,-892,-27.01,11.02,9.33,-1.69,Oceania,Quốc Gia
Tokelau,TKL,2036,3359,2431,-928,-27.63,11.19,9.36,-1.83,Oceania,Quốc Gia
Tokelau,TKL,2037,3410,2452,-958,-28.09,11.03,9.4,-1.63,Oceania,Quốc Gia
Tokelau,TKL,2038,3458,2472,-986,-28.51,10.99,9.43,-1.56,Oceania,Quốc Gia
Tokelau,TKL,2039,3498,2493,-1005,-28.73,10.89,9.47,-1.42,Oceania,Quốc Gia
Tokelau,TKL,2040,3536,2514,-1022,-28.9,10.89,9.5,-1.39,Oceania,Quốc Gia
Tokelau,TKL,2041,3571,2534,-1037,-29.04,10.89,9.54,-1.35,Oceania,Quốc Gia
Tokelau,TKL,2042,3607,2555,-1052,-29.17,10.95,9.57,-1.38,Oceania,Quốc Gia
Tokelau,TKL,2043,3642,2575,-1067,-29.3,11.04,9.6,-1.44,Oceania,Quốc Gia
Tokelau,TKL,2044,3676,2596,-1080,-29.38,11.15,9.63,-1.52,Oceania,Quốc Gia
Tokelau,TKL,2045,3712,2617,-1095,-29.5,11.48,9.66,-1.82,Oceania,Quốc Gia
Tokelau,TKL,2046,3743,2637,-1106,-29.55,11.7,9.69,-2.01,Oceania,Quốc Gia
Tokelau,TKL,2047,3768,2658,-1110,-29.46,11.92,9.73,-2.19,Oceania,Quốc Gia
Tokelau,TKL,2048,3793,2679,-1114,-29.37,12.1,9.76,-2.34,Oceania,Quốc Gia
Tokelau,TKL,2049,3820,2699,-1121,-29.35,12.23,9.78,-2.45,Oceania,Quốc Gia
Tokelau,TKL,2050,3844,2720,-1124,-29.24,12.38,9.81,-2.57,Oceania,Quốc Gia
Tonga,TON,2027,102914,106767,3853,3.74,7.1,6.75,-0.35,Oceania,Quốc Gia
Tonga,TON,2028,102585,106890,4305,4.2,7.21,6.8,-0.41,Oceania,Quốc Gia
Tonga,TON,2029,102297,107014,4717,4.61,7.33,6.85,-0.48,Oceania,Quốc Gia
Tonga,TON,2030,102086,107138,5052,4.95,7.52,6.9,-0.62,Oceania,Quốc Gia
Tonga,TON,2031,101943,107261,5318,5.22,7.77,6.95,-0.82,Oceania,Quốc Gia
Tonga,TON,2032,101854,107385,5531,5.43,8.01,7.0,-1.01,Oceania,Quốc Gia
Tonga,TON,2033,101824,107509,5685,5.58,8.25,7.05,-1.2,Oceania,Quốc Gia
Tonga,TON,2034,101823,107633,5810,5.71,8.54,7.09,-1.45,Oceania,Quốc Gia
Tonga,TON,2035,101845,107756,5911,5.8,8.81,7.14,-1.67,Oceania,Quốc Gia
Tonga,TON,2036,101911,107880,5969,5.86,9.05,7.19,-1.86,Oceania,Quốc Gia
Tonga,TON,2037,102008,108004,5996,5.88,9.25,7.24,-2.01,Oceania,Quốc Gia
Tonga,TON,2038,102184,108127,5943,5.82,9.41,7.29,-2.12,Oceania,Quốc Gia
Tonga,TON,2039,102382,108251,5869,5.73,9.55,7.34,-2.21,Oceania,Quốc Gia
Tonga,TON,2040,102583,108375,5792,5.65,9.68,7.39,-2.29,Oceania,Quốc Gia
Tonga,TON,2041,102820,108498,5678,5.52,9.8,7.44,-2.36,Oceania,Quốc Gia
Tonga,TON,2042,103055,108622,5567,5.4,9.89,7.49,-2.4,Oceania,Quốc Gia
Tonga,TON,2043,103323,108746,5423,5.25,9.98,7.54,-2.44,Oceania,Quốc Gia
Tonga,TON,2044,103627,108869,5242,5.06,10.09,7.58,-2.51,Oceania,Quốc Gia
Tonga,TON,2045,103944,108993,5049,4.86,10.19,7.63,-2.56,Oceania,Quốc Gia
Tonga,TON,2046,104248,109117,4869,4.67,10.28,7.68,-2.6,Oceania,Quốc Gia
Tonga,TON,2047,104520,109240,4720,4.52,10.37,7.73,-2.64,Oceania,Quốc Gia
Tonga,TON,2048,104760,109364,4604,4.39,10.47,7.78,-2.69,Oceania,Quốc Gia
Tonga,TON,2049,104989,109488,4499,4.29,10.57,7.83,-2.74,Oceania,Quốc Gia
Tonga,TON,2050,105205,109611,4406,4.19,10.66,7.87,-2.79,Oceania,Quốc Gia
Trinidad and Tobago,TTO,2027,1514290,1525841,11551,0.76,14.08,11.87,-2.21,North America,Quốc Gia
Trinidad and Tobago,TTO,2028,1514375,1533440,19065,1.26,14.65,12.1,-2.55,North America,Quốc Gia
Trinidad and Tobago,TTO,2029,1513682,1541038,27356,1.81,15.17,12.33,-2.84,North America,Quốc Gia
Trinidad and Tobago,TTO,2030,1512330,1548637,36307,2.4,15.62,12.56,-3.06,North America,Quốc Gia
Trinidad and Tobago,TTO,2031,1510441,1556235,45794,3.03,16.01,12.79,-3.22,North America,Quốc Gia
Trinidad and Tobago,TTO,2032,1507989,1563834,55845,3.7,16.34,13.01,-3.33,North America,Quốc Gia
Trinidad and Tobago,TTO,2033,1505068,1571433,66365,4.41,16.64,13.23,-3.41,North America,Quốc Gia
Trinidad and Tobago,TTO,2034,1501686,1579031,77345,5.15,16.9,13.45,-3.45,North America,Quốc Gia
Trinidad and Tobago,TTO,2035,1497862,1586630,88768,5.93,17.16,13.67,-3.49,North America,Quốc Gia
Trinidad and Tobago,TTO,2036,1493628,1594228,100600,6.74,17.43,13.88,-3.55,North America,Quốc Gia
Trinidad and Tobago,TTO,2037,1489011,1601827,112816,7.58,17.72,14.09,-3.63,North America,Quốc Gia
Trinidad and Tobago,TTO,2038,1484025,1609425,125400,8.45,18.02,14.31,-3.71,North America,Quốc Gia
Trinidad and Tobago,TTO,2039,1478663,1617024,138361,9.36,18.33,14.51,-3.82,North America,Quốc Gia
Trinidad and Tobago,TTO,2040,1472945,1624623,151678,10.3,18.64,14.72,-3.92,North America,Quốc Gia
Trinidad and Tobago,TTO,2041,1466888,1632221,165333,11.27,18.96,14.93,-4.03,North America,Quốc Gia
Trinidad and Tobago,TTO,2042,1460515,1639820,179305,12.28,19.32,15.13,-4.19,North America,Quốc Gia
Trinidad and Tobago,TTO,2043,1453815,1647418,193603,13.32,19.72,15.33,-4.39,North America,Quốc Gia
Trinidad and Tobago,TTO,2044,1446834,1655017,208183,14.39,20.18,15.53,-4.65,North America,Quốc Gia
Trinidad and Tobago,TTO,2045,1439592,1662615,223023,15.49,20.7,15.73,-4.97,North America,Quốc Gia
Trinidad and Tobago,TTO,2046,1432092,1670214,238122,16.63,21.27,15.92,-5.35,North America,Quốc Gia
Trinidad and Tobago,TTO,2047,1424365,1677813,253448,17.79,21.89,16.12,-5.77,North America,Quốc Gia
Trinidad and Tobago,TTO,2048,1416397,1685411,269014,18.99,22.53,16.31,-6.22,North America,Quốc Gia
Trinidad and Tobago,TTO,2049,1408204,1693010,284806,20.22,23.18,16.5,-6.68,North America,Quốc Gia
Trinidad and Tobago,TTO,2050,1399799,1700608,300809,21.49,23.84,16.69,-7.15,North America,Quốc Gia
Tunisia,TUN,2027,12476101,12653195,177094,1.42,10.71,9.2,-1.51,Africa,Quốc Gia
Tunisia,TUN,2028,12531990,12761393,229403,1.83,11.13,9.31,-1.82,Africa,Quốc Gia
Tunisia,TUN,2029,12582705,12869591,286886,2.28,11.62,9.42,-2.2,Africa,Quốc Gia
Tunisia,TUN,2030,12628150,12977788,349638,2.77,12.13,9.53,-2.6,Africa,Quốc Gia
Tunisia,TUN,2031,12669921,13085986,416065,3.28,12.57,9.64,-2.93,Africa,Quốc Gia
Tunisia,TUN,2032,12709151,13194183,485032,3.82,12.94,9.74,-3.2,Africa,Quốc Gia
Tunisia,TUN,2033,12746534,13302381,555847,4.36,13.3,9.85,-3.45,Africa,Quốc Gia
Tunisia,TUN,2034,12781012,13410579,629567,4.93,13.69,9.95,-3.74,Africa,Quốc Gia
Tunisia,TUN,2035,12812271,13518776,706505,5.51,14.11,10.05,-4.06,Africa,Quốc Gia
Tunisia,TUN,2036,12842490,13626974,784484,6.11,14.48,10.15,-4.33,Africa,Quốc Gia
Tunisia,TUN,2037,12872059,13735172,863113,6.71,14.83,10.24,-4.59,Africa,Quốc Gia
Tunisia,TUN,2038,12900186,13843369,943183,7.31,15.2,10.34,-4.86,Africa,Quốc Gia
Tunisia,TUN,2039,12927310,13951567,1024257,7.92,15.61,10.43,-5.18,Africa,Quốc Gia
Tunisia,TUN,2040,12953866,14059765,1105899,8.54,16.05,10.52,-5.53,Africa,Quốc Gia
Tunisia,TUN,2041,12979692,14167962,1188270,9.15,16.48,10.62,-5.86,Africa,Quốc Gia
Tunisia,TUN,2042,13005238,14276160,1270922,9.77,16.88,10.71,-6.17,Africa,Quốc Gia
Tunisia,TUN,2043,13030303,14384358,1354055,10.39,17.27,10.79,-6.48,Africa,Quốc Gia
Tunisia,TUN,2044,13054099,14492555,1438456,11.02,17.71,10.88,-6.83,Africa,Quốc Gia
Tunisia,TUN,2045,13076091,14600753,1524662,11.66,18.21,10.97,-7.24,Africa,Quốc Gia
Tunisia,TUN,2046,13095744,14708950,1613206,12.32,18.69,11.05,-7.64,Africa,Quốc Gia
Tunisia,TUN,2047,13113224,14817148,1703924,12.99,19.12,11.13,-7.99,Africa,Quốc Gia
Tunisia,TUN,2048,13127657,14925346,1797689,13.69,19.53,11.22,-8.31,Africa,Quốc Gia
Tunisia,TUN,2049,13138147,15033543,1895396,14.43,19.99,11.3,-8.69,Africa,Quốc Gia
Tunisia,TUN,2050,13145140,15141741,1996601,15.19,20.49,11.38,-9.11,Africa,Quốc Gia
Turkey,TUR,2027,88198451,90947460,2749009,3.12,11.29,9.92,-1.37,Asia,Quốc Gia
Turkey,TUR,2028,88480380,91902658,3422278,3.87,11.72,10.03,-1.69,Asia,Quốc Gia
Turkey,TUR,2029,88755438,92857857,4102419,4.62,12.18,10.14,-2.04,Asia,Quốc Gia
Turkey,TUR,2030,89027548,93813055,4785507,5.38,12.64,10.25,-2.39,Asia,Quốc Gia
Turkey,TUR,2031,89292991,94768254,5475263,6.13,13.08,10.35,-2.73,Asia,Quốc Gia
Turkey,TUR,2032,89538360,95723452,6185092,6.91,13.5,10.45,-3.05,Asia,Quốc Gia
Turkey,TUR,2033,89768840,96678651,6909811,7.7,13.87,10.56,-3.31,Asia,Quốc Gia
Turkey,TUR,2034,89985416,97633849,7648433,8.5,14.23,10.65,-3.58,Asia,Quốc Gia
Turkey,TUR,2035,90188557,98589048,8400491,9.31,14.57,10.75,-3.82,Asia,Quốc Gia
Turkey,TUR,2036,90384516,99544246,9159730,10.13,14.93,10.85,-4.08,Asia,Quốc Gia
Turkey,TUR,2037,90570013,100499444,9929431,10.96,15.32,10.94,-4.38,Asia,Quốc Gia
Turkey,TUR,2038,90735307,101454643,10719336,11.81,15.73,11.03,-4.7,Asia,Quốc Gia
Turkey,TUR,2039,90881257,102409841,11528584,12.69,16.18,11.12,-5.06,Asia,Quốc Gia
Turkey,TUR,2040,91009680,103365040,12355360,13.58,16.67,11.21,-5.46,Asia,Quốc Gia
Turkey,TUR,2041,91119940,104320238,13200298,14.49,17.19,11.3,-5.89,Asia,Quốc Gia
Turkey,TUR,2042,91216565,105275437,14058872,15.41,17.74,11.38,-6.36,Asia,Quốc Gia
Turkey,TUR,2043,91294689,106230635,14935946,16.36,18.32,11.47,-6.85,Asia,Quốc Gia
Turkey,TUR,2044,91353310,107185834,15832524,17.33,18.91,11.55,-7.36,Asia,Quốc Gia
Turkey,TUR,2045,91392534,108141032,16748498,18.33,19.51,11.63,-7.88,Asia,Quốc Gia
Turkey,TUR,2046,91418742,109096231,17677489,19.34,20.08,11.71,-8.37,Asia,Quốc Gia
Turkey,TUR,2047,91427270,110051429,18624159,20.37,20.63,11.79,-8.84,Asia,Quốc Gia
Turkey,TUR,2048,91404163,111006627,19602464,21.45,21.15,11.87,-9.28,Asia,Quốc Gia
Turkey,TUR,2049,91348305,111961826,20613521,22.57,21.65,11.94,-9.71,Asia,Quốc Gia
Turkey,TUR,2050,91258068,112917024,21658956,23.73,22.13,12.01,-10.12,Asia,Quốc Gia
Turkmenistan,TKM,2027,7847559,7698682,-148877,-1.9,5.38,4.13,-1.25,Asia,Quốc Gia
Turkmenistan,TKM,2028,7951295,7814647,-136648,-1.72,5.65,4.14,-1.51,Asia,Quốc Gia
Turkmenistan,TKM,2029,8047441,7930611,-116830,-1.45,5.92,4.14,-1.78,Asia,Quốc Gia
Turkmenistan,TKM,2030,8135729,8046575,-89154,-1.1,6.18,4.15,-2.03,Asia,Quốc Gia
Turkmenistan,TKM,2031,8218955,8162540,-56415,-0.69,6.45,4.15,-2.3,Asia,Quốc Gia
Turkmenistan,TKM,2032,8300257,8278504,-21753,-0.26,6.72,4.16,-2.56,Asia,Quốc Gia
Turkmenistan,TKM,2033,8380352,8394468,14116,0.17,7.01,4.16,-2.85,Asia,Quốc Gia
Turkmenistan,TKM,2034,8459725,8510433,50708,0.6,7.3,4.17,-3.13,Asia,Quốc Gia
Turkmenistan,TKM,2035,8538675,8626397,87722,1.03,7.6,4.17,-3.43,Asia,Quốc Gia
Turkmenistan,TKM,2036,8617564,8742361,124797,1.45,7.89,4.18,-3.71,Asia,Quốc Gia
Turkmenistan,TKM,2037,8696453,8858326,161873,1.86,8.17,4.18,-3.99,Asia,Quốc Gia
Turkmenistan,TKM,2038,8775201,8974290,199089,2.27,8.44,4.19,-4.25,Asia,Quốc Gia
Turkmenistan,TKM,2039,8853839,9090254,236415,2.67,8.68,4.19,-4.49,Asia,Quốc Gia
Turkmenistan,TKM,2040,8932234,9206219,273985,3.07,8.91,4.2,-4.71,Asia,Quốc Gia
Turkmenistan,TKM,2041,9010267,9322183,311916,3.46,9.12,4.2,-4.92,Asia,Quốc Gia
Turkmenistan,TKM,2042,9087663,9438147,350484,3.86,9.31,4.2,-5.11,Asia,Quốc Gia
Turkmenistan,TKM,2043,9164053,9554112,390059,4.26,9.48,4.21,-5.27,Asia,Quốc Gia
Turkmenistan,TKM,2044,9239274,9670076,430802,4.66,9.64,4.21,-5.43,Asia,Quốc Gia
Turkmenistan,TKM,2045,9312822,9786040,473218,5.08,9.8,4.22,-5.58,Asia,Quốc Gia
Turkmenistan,TKM,2046,9384183,9902005,517822,5.52,9.96,4.22,-5.74,Asia,Quốc Gia
Turkmenistan,TKM,2047,9452888,10017969,565081,5.98,10.14,4.22,-5.92,Asia,Quốc Gia
Turkmenistan,TKM,2048,9518553,10133933,615380,6.47,10.34,4.23,-6.11,Asia,Quốc Gia
Turkmenistan,TKM,2049,9580902,10249897,668995,6.98,10.56,4.23,-6.33,Asia,Quốc Gia
Turkmenistan,TKM,2050,9639706,10365862,726156,7.53,10.81,4.23,-6.58,Asia,Quốc Gia
Turks and Caicos Islands,TCA,2027,47456,50413,2957,6.23,12.68,10.69,-1.99,North America,Quốc Gia
Turks and Caicos Islands,TCA,2028,47740,51568,3828,8.02,13.19,10.79,-2.4,North America,Quốc Gia
Turks and Caicos Islands,TCA,2029,48022,52724,4702,9.79,13.68,10.88,-2.8,North America,Quốc Gia
Turks and Caicos Islands,TCA,2030,48283,53879,5596,11.59,14.19,10.97,-3.22,North America,Quốc Gia
Turks and Caicos Islands,TCA,2031,48542,55034,6492,13.37,14.68,11.05,-3.63,North America,Quốc Gia
Turks and Caicos Islands,TCA,2032,48797,56189,7392,15.15,15.23,11.13,-4.1,North America,Quốc Gia
Turks and Caicos Islands,TCA,2033,49054,57344,8290,16.9,15.82,11.21,-4.61,North America,Quốc Gia
Turks and Caicos Islands,TCA,2034,49287,58499,9212,18.69,16.44,11.29,-5.15,North America,Quốc Gia
Turks and Caicos Islands,TCA,2035,49515,59654,10139,20.48,17.07,11.36,-5.71,North America,Quốc Gia
Turks and Caicos Islands,TCA,2036,49747,60809,11062,22.24,17.73,11.43,-6.3,North America,Quốc Gia
Turks and Caicos Islands,TCA,2037,49945,61964,12019,24.06,18.4,11.49,-6.91,North America,Quốc Gia
Turks and Caicos Islands,TCA,2038,50134,63119,12985,25.9,19.07,11.56,-7.51,North America,Quốc Gia
Turks and Caicos Islands,TCA,2039,50305,64274,13969,27.77,19.75,11.62,-8.13,North America,Quốc Gia
Turks and Caicos Islands,TCA,2040,50450,65429,14979,29.69,20.4,11.68,-8.72,North America,Quốc Gia
Turks and Caicos Islands,TCA,2041,50565,66584,16019,31.68,21.04,11.74,-9.3,North America,Quốc Gia
Turks and Caicos Islands,TCA,2042,50683,67739,17056,33.65,21.69,11.79,-9.9,North America,Quốc Gia
Turks and Caicos Islands,TCA,2043,50800,68895,18095,35.62,22.35,11.85,-10.5,North America,Quốc Gia
Turks and Caicos Islands,TCA,2044,50885,70050,19165,37.66,23.04,11.9,-11.14,North America,Quốc Gia
Turks and Caicos Islands,TCA,2045,50945,71205,20260,39.77,23.72,11.95,-11.77,North America,Quốc Gia
Turks and Caicos Islands,TCA,2046,50998,72360,21362,41.89,24.37,12.0,-12.37,North America,Quốc Gia
Turks and Caicos Islands,TCA,2047,51024,73515,22491,44.08,24.99,12.04,-12.95,North America,Quốc Gia
Turks and Caicos Islands,TCA,2048,51043,74670,23627,46.29,25.59,12.09,-13.5,North America,Quốc Gia
Turks and Caicos Islands,TCA,2049,51036,75825,24789,48.57,26.16,12.13,-14.03,North America,Quốc Gia
Turks and Caicos Islands,TCA,2050,51013,76980,25967,50.9,26.7,12.18,-14.52,North America,Quốc Gia
Tuvalu,TUV,2027,9278,10581,1303,14.04,7.91,6.0,-1.91,Oceania,Quốc Gia
Tuvalu,TUV,2028,9197,10609,1412,15.35,8.22,6.01,-2.21,Oceania,Quốc Gia
Tuvalu,TUV,2029,9124,10637,1513,16.58,8.54,6.01,-2.53,Oceania,Quốc Gia
Tuvalu,TUV,2030,9069,10665,1596,17.6,8.88,6.02,-2.86,Oceania,Quốc Gia
Tuvalu,TUV,2031,9033,10693,1660,18.38,9.3,6.03,-3.27,Oceania,Quốc Gia
Tuvalu,TUV,2032,9006,10721,1715,19.04,9.67,6.03,-3.64,Oceania,Quốc Gia
Tuvalu,TUV,2033,8997,10749,1752,19.47,10.07,6.04,-4.03,Oceania,Quốc Gia
Tuvalu,TUV,2034,8992,10777,1785,19.85,10.39,6.05,-4.34,Oceania,Quốc Gia
Tuvalu,TUV,2035,8999,10805,1806,20.07,10.61,6.05,-4.56,Oceania,Quốc Gia
Tuvalu,TUV,2036,9017,10833,1816,20.14,10.75,6.06,-4.69,Oceania,Quốc Gia
Tuvalu,TUV,2037,9039,10861,1822,20.16,10.74,6.07,-4.67,Oceania,Quốc Gia
Tuvalu,TUV,2038,9073,10889,1816,20.02,10.71,6.07,-4.64,Oceania,Quốc Gia
Tuvalu,TUV,2039,9117,10917,1800,19.74,10.68,6.08,-4.6,Oceania,Quốc Gia
Tuvalu,TUV,2040,9165,10945,1780,19.42,10.65,6.08,-4.57,Oceania,Quốc Gia
Tuvalu,TUV,2041,9213,10973,1760,19.1,10.54,6.09,-4.45,Oceania,Quốc Gia
Tuvalu,TUV,2042,9268,11001,1733,18.7,10.35,6.1,-4.25,Oceania,Quốc Gia
Tuvalu,TUV,2043,9331,11029,1698,18.2,10.15,6.1,-4.05,Oceania,Quốc Gia
Tuvalu,TUV,2044,9398,11057,1659,17.65,9.98,6.11,-3.87,Oceania,Quốc Gia
Tuvalu,TUV,2045,9458,11085,1627,17.2,9.73,6.12,-3.61,Oceania,Quốc Gia
Tuvalu,TUV,2046,9525,11114,1589,16.68,9.45,6.12,-3.33,Oceania,Quốc Gia
Tuvalu,TUV,2047,9594,11142,1548,16.14,9.25,6.13,-3.12,Oceania,Quốc Gia
Tuvalu,TUV,2048,9667,11170,1503,15.55,9.02,6.13,-2.89,Oceania,Quốc Gia
Tuvalu,TUV,2049,9736,11198,1462,15.02,8.82,6.14,-2.68,Oceania,Quốc Gia
Tuvalu,TUV,2050,9802,11226,1424,14.53,8.71,6.15,-2.56,Oceania,Quốc Gia
Uganda,UGA,2027,54144273,51244543,-2899730,-5.36,2.31,1.99,-0.32,Africa,Quốc Gia
Uganda,UGA,2028,55532563,52263902,-3268661,-5.89,2.36,1.98,-0.38,Africa,Quốc Gia
Uganda,UGA,2029,56922794,53283261,-3639533,-6.39,2.41,1.98,-0.43,Africa,Quốc Gia
Uganda,UGA,2030,58312943,54302620,-4010323,-6.88,2.47,1.97,-0.5,Africa,Quốc Gia
Uganda,UGA,2031,59703535,55321979,-4381556,-7.34,2.53,1.96,-0.57,Africa,Quốc Gia
Uganda,UGA,2032,61089058,56341338,-4747720,-7.77,2.6,1.96,-0.64,Africa,Quốc Gia
Uganda,UGA,2033,62464114,57360697,-5103417,-8.17,2.67,1.95,-0.72,Africa,Quốc Gia
Uganda,UGA,2034,63833871,58380056,-5453815,-8.54,2.75,1.94,-0.81,Africa,Quốc Gia
Uganda,UGA,2035,65205568,59399414,-5806154,-8.9,2.83,1.94,-0.89,Africa,Quốc Gia
Uganda,UGA,2036,66573736,60418773,-6154963,-9.25,2.91,1.93,-0.98,Africa,Quốc Gia
Uganda,UGA,2037,67942632,61438132,-6504500,-9.57,2.99,1.93,-1.06,Africa,Quốc Gia
Uganda,UGA,2038,69312208,62457491,-6854717,-9.89,3.07,1.92,-1.15,Africa,Quốc Gia
Uganda,UGA,2039,70669874,63476850,-7193024,-10.18,3.15,1.92,-1.23,Africa,Quốc Gia
Uganda,UGA,2040,72020413,64496209,-7524204,-10.45,3.23,1.91,-1.32,Africa,Quốc Gia
Uganda,UGA,2041,73372657,65515568,-7857089,-10.71,3.31,1.91,-1.4,Africa,Quốc Gia
Uganda,UGA,2042,74730003,66534926,-8195077,-10.97,3.4,1.9,-1.5,Africa,Quốc Gia
Uganda,UGA,2043,76090988,67554285,-8536703,-11.22,3.48,1.9,-1.58,Africa,Quốc Gia
Uganda,UGA,2044,77449515,68573644,-8875871,-11.46,3.57,1.89,-1.68,Africa,Quốc Gia
Uganda,UGA,2045,78797994,69593003,-9204991,-11.68,3.67,1.89,-1.78,Africa,Quốc Gia
Uganda,UGA,2046,80139173,70612362,-9526811,-11.89,3.77,1.88,-1.89,Africa,Quốc Gia
Uganda,UGA,2047,81478502,71631721,-9846781,-12.09,3.88,1.88,-2.0,Africa,Quốc Gia
Uganda,UGA,2048,82812101,72651080,-10161021,-12.27,4.0,1.88,-2.12,Africa,Quốc Gia
Uganda,UGA,2049,84130055,73670438,-10459617,-12.43,4.12,1.87,-2.25,Africa,Quốc Gia
Uganda,UGA,2050,85431201,74689797,-10741404,-12.57,4.27,1.87,-2.4,Africa,Quốc Gia
Ukraine,UKR,2027,39245210,40095619,850409,2.17,19.62,18.46,-1.16,Europe,Quốc Gia
Ukraine,UKR,2028,38952087,39731672,779585,2.0,20.13,18.67,-1.46,Europe,Quốc Gia
Ukraine,UKR,2029,38654417,39367724,713307,1.85,20.62,18.89,-1.73,Europe,Quốc Gia
Ukraine,UKR,2030,38353850,39003777,649927,1.69,21.08,19.12,-1.96,Europe,Quốc Gia
Ukraine,UKR,2031,38050625,38639830,589205,1.55,21.44,19.35,-2.09,Europe,Quốc Gia
Ukraine,UKR,2032,37746688,38275882,529194,1.4,21.73,19.58,-2.15,Europe,Quốc Gia
Ukraine,UKR,2033,37442088,37911935,469847,1.25,21.96,19.82,-2.14,Europe,Quốc Gia
Ukraine,UKR,2034,37135840,37547987,412147,1.11,22.29,20.06,-2.23,Europe,Quốc Gia
Ukraine,UKR,2035,36828150,37184040,355890,0.97,22.75,20.31,-2.44,Europe,Quốc Gia
Ukraine,UKR,2036,36519768,36820092,300324,0.82,23.08,20.56,-2.52,Europe,Quốc Gia
Ukraine,UKR,2037,36209680,36456145,246465,0.68,23.27,20.82,-2.45,Europe,Quốc Gia
Ukraine,UKR,2038,35897706,36092198,194492,0.54,23.43,21.08,-2.35,Europe,Quốc Gia
Ukraine,UKR,2039,35584264,35728250,143986,0.4,23.68,21.35,-2.33,Europe,Quốc Gia
Ukraine,UKR,2040,35270912,35364303,93391,0.26,24.03,21.62,-2.41,Europe,Quốc Gia
Ukraine,UKR,2041,34957580,35000355,42775,0.12,24.38,21.9,-2.48,Europe,Quốc Gia
Ukraine,UKR,2042,34641779,34636408,-5371,-0.02,24.73,22.18,-2.55,Europe,Quốc Gia
Ukraine,UKR,2043,34324132,34272460,-51672,-0.15,25.09,22.47,-2.62,Europe,Quốc Gia
Ukraine,UKR,2044,34004075,33908513,-95562,-0.28,25.5,22.77,-2.73,Europe,Quốc Gia
Ukraine,UKR,2045,33680448,33544566,-135882,-0.4,25.97,23.08,-2.89,Europe,Quốc Gia
Ukraine,UKR,2046,33351499,33180618,-170881,-0.51,26.48,23.39,-3.09,Europe,Quốc Gia
Ukraine,UKR,2047,33017829,32816671,-201158,-0.61,27.02,23.7,-3.32,Europe,Quốc Gia
Ukraine,UKR,2048,32680968,32452723,-228245,-0.7,27.64,24.03,-3.61,Europe,Quốc Gia
Ukraine,UKR,2049,32338516,32088776,-249740,-0.77,28.3,24.36,-3.94,Europe,Quốc Gia
Ukraine,UKR,2050,31990136,31724828,-265308,-0.83,28.95,24.7,-4.25,Europe,Quốc Gia
United Arab Emirates,ARE,2027,11755602,11946508,190906,1.62,1.89,1.67,-0.22,Asia,Quốc Gia
United Arab Emirates,ARE,2028,11912259,12253476,341217,2.86,2.0,1.67,-0.33,Asia,Quốc Gia
United Arab Emirates,ARE,2029,12054642,12560444,505802,4.2,2.13,1.68,-0.45,Asia,Quốc Gia
United Arab Emirates,ARE,2030,12190610,12867412,676802,5.55,2.26,1.68,-0.58,Asia,Quốc Gia
United Arab Emirates,ARE,2031,12327109,13174380,847271,6.87,2.4,1.68,-0.72,Asia,Quốc Gia
United Arab Emirates,ARE,2032,12467814,13481347,1013533,8.13,2.53,1.69,-0.84,Asia,Quốc Gia
United Arab Emirates,ARE,2033,12612269,13788315,1176046,9.32,2.62,1.69,-0.93,Asia,Quốc Gia
United Arab Emirates,ARE,2034,12760079,14095283,1335204,10.46,2.65,1.69,-0.96,Asia,Quốc Gia
United Arab Emirates,ARE,2035,12910708,14402251,1491543,11.55,2.65,1.7,-0.95,Asia,Quốc Gia
United Arab Emirates,ARE,2036,13063716,14709219,1645503,12.6,2.65,1.7,-0.95,Asia,Quốc Gia
United Arab Emirates,ARE,2037,13218801,15016187,1797386,13.6,2.69,1.7,-0.99,Asia,Quốc Gia
United Arab Emirates,ARE,2038,13375747,15323155,1947408,14.56,2.71,1.7,-1.01,Asia,Quốc Gia
United Arab Emirates,ARE,2039,13534190,15630123,2095933,15.49,2.7,1.71,-0.99,Asia,Quốc Gia
United Arab Emirates,ARE,2040,13693783,15937090,2243307,16.38,2.67,1.71,-0.96,Asia,Quốc Gia
United Arab Emirates,ARE,2041,13854529,16244058,2389529,17.25,2.63,1.71,-0.92,Asia,Quốc Gia
United Arab Emirates,ARE,2042,14016330,16551026,2534696,18.08,2.62,1.71,-0.91,Asia,Quốc Gia
United Arab Emirates,ARE,2043,14179103,16857994,2678891,18.89,2.6,1.72,-0.88,Asia,Quốc Gia
United Arab Emirates,ARE,2044,14342812,17164962,2822150,19.68,2.57,1.72,-0.85,Asia,Quốc Gia
United Arab Emirates,ARE,2045,14507367,17471930,2964563,20.43,2.52,1.72,-0.8,Asia,Quốc Gia
United Arab Emirates,ARE,2046,14673759,17778898,3105139,21.16,2.46,1.72,-0.74,Asia,Quốc Gia
United Arab Emirates,ARE,2047,14843825,18085865,3242040,21.84,2.38,1.72,-0.66,Asia,Quốc Gia
United Arab Emirates,ARE,2048,15016890,18392833,3375943,22.48,2.28,1.73,-0.55,Asia,Quốc Gia
United Arab Emirates,ARE,2049,15191614,18699801,3508187,23.09,2.16,1.73,-0.43,Asia,Quốc Gia
United Arab Emirates,ARE,2050,15367397,19006769,3639372,23.68,2.07,1.73,-0.34,Asia,Quốc Gia
United Kingdom,GBR,2027,70293570,70093643,-199927,-0.28,20.17,19.25,-0.92,Europe,Quốc Gia
United Kingdom,GBR,2028,70642972,70495424,-147548,-0.21,20.43,19.36,-1.07,Europe,Quốc Gia
United Kingdom,GBR,2029,70971339,70897205,-74134,-0.1,20.7,19.46,-1.24,Europe,Quốc Gia
United Kingdom,GBR,2030,71286991,71298986,11995,0.02,20.98,19.57,-1.41,Europe,Quốc Gia
United Kingdom,GBR,2031,71587426,71700767,113341,0.16,21.27,19.67,-1.6,Europe,Quốc Gia
United Kingdom,GBR,2032,71868651,72102548,233897,0.33,21.56,19.78,-1.78,Europe,Quốc Gia
United Kingdom,GBR,2033,72142878,72504329,361451,0.5,21.86,19.88,-1.98,Europe,Quốc Gia
United Kingdom,GBR,2034,72405685,72906111,500426,0.69,22.15,19.98,-2.17,Europe,Quốc Gia
United Kingdom,GBR,2035,72656812,73307892,651080,0.9,22.41,20.08,-2.33,Europe,Quốc Gia
United Kingdom,GBR,2036,72898257,73709673,811416,1.11,22.66,20.18,-2.48,Europe,Quốc Gia
United Kingdom,GBR,2037,73125970,74111454,985484,1.35,22.92,20.28,-2.64,Europe,Quốc Gia
United Kingdom,GBR,2038,73348187,74513235,1165048,1.59,23.13,20.38,-2.75,Europe,Quốc Gia
United Kingdom,GBR,2039,73564953,74915016,1350063,1.84,23.29,20.47,-2.82,Europe,Quốc Gia
United Kingdom,GBR,2040,73774627,75316797,1542170,2.09,23.4,20.57,-2.83,Europe,Quốc Gia
United Kingdom,GBR,2041,73980351,75718578,1738227,2.35,23.49,20.66,-2.83,Europe,Quốc Gia
United Kingdom,GBR,2042,74181559,76120360,1938801,2.61,23.55,20.75,-2.8,Europe,Quốc Gia
United Kingdom,GBR,2043,74380561,76522141,2141580,2.88,23.61,20.84,-2.77,Europe,Quốc Gia
United Kingdom,GBR,2044,74572566,76923922,2351356,3.15,23.7,20.94,-2.76,Europe,Quốc Gia
United Kingdom,GBR,2045,74753657,77325703,2572046,3.44,23.84,21.03,-2.81,Europe,Quốc Gia
United Kingdom,GBR,2046,74925781,77727484,2801703,3.74,24.01,21.11,-2.9,Europe,Quốc Gia
United Kingdom,GBR,2047,75089104,78129265,3040161,4.05,24.17,21.2,-2.97,Europe,Quốc Gia
United Kingdom,GBR,2048,75241975,78531046,3289071,4.37,24.32,21.29,-3.03,Europe,Quốc Gia
United Kingdom,GBR,2049,75380397,78932827,3552430,4.71,24.46,21.38,-3.08,Europe,Quốc Gia
United Kingdom,GBR,2050,75504685,79334609,3829924,5.07,24.63,21.46,-3.17,Europe,Quốc Gia
United States,USA,2027,350728354,356767173,6038819,1.72,19.25,17.09,-2.16,North America,Quốc Gia
United States,USA,2028,352404091,359518264,7114173,2.02,19.65,17.24,-2.41,North America,Quốc Gia
United States,USA,2029,354050266,362269355,8219089,2.32,20.02,17.39,-2.63,North America,Quốc Gia
United States,USA,2030,355649876,365020446,9370570,2.63,20.35,17.54,-2.81,North America,Quốc Gia
United States,USA,2031,357222717,367771537,10548820,2.95,20.62,17.68,-2.94,North America,Quốc Gia
United States,USA,2032,358769977,370522628,11752651,3.28,20.85,17.83,-3.02,North America,Quốc Gia
United States,USA,2033,360294013,373273719,12979706,3.6,21.05,17.97,-3.08,North America,Quốc Gia
United States,USA,2034,361801810,376024810,14223000,3.93,21.25,18.11,-3.14,North America,Quốc Gia
United States,USA,2035,363284708,378775901,15491193,4.26,21.46,18.24,-3.22,North America,Quốc Gia
United States,USA,2036,364731659,381526991,16795332,4.6,21.67,18.38,-3.29,North America,Quốc Gia
United States,USA,2037,366152374,384278082,18125708,4.95,21.8,18.51,-3.29,North America,Quốc Gia
United States,USA,2038,367551456,387029173,19477717,5.3,21.89,18.64,-3.25,North America,Quốc Gia
United States,USA,2039,368906814,389780264,20873450,5.66,21.95,18.77,-3.18,North America,Quốc Gia
United States,USA,2040,370209315,392531355,22322040,6.03,22.01,18.9,-3.11,North America,Quốc Gia
United States,USA,2041,371469482,395282446,23812964,6.41,22.07,19.02,-3.05,North America,Quốc Gia
United States,USA,2042,372704770,398033537,25328767,6.8,22.13,19.15,-2.98,North America,Quốc Gia
United States,USA,2043,373900680,400784628,26883948,7.19,22.22,19.27,-2.95,North America,Quốc Gia
United States,USA,2044,375029244,403535719,28506475,7.6,22.31,19.39,-2.92,North America,Quốc Gia
United States,USA,2045,376106469,406286810,30180341,8.02,22.43,19.51,-2.92,North America,Quốc Gia
United States,USA,2046,377131731,409037900,31906169,8.46,22.56,19.63,-2.93,North America,Quốc Gia
United States,USA,2047,378117766,411788991,33671225,8.9,22.69,19.74,-2.95,North America,Quốc Gia
United States,USA,2048,379063745,414540082,35476337,9.36,22.81,19.86,-2.95,North America,Quốc Gia
United States,USA,2049,379966907,417291173,37324266,9.82,22.93,19.97,-2.96,North America,Quốc Gia
United States,USA,2050,380846905,420042264,39195359,10.29,23.06,20.08,-2.98,North America,Quốc Gia
United States Virgin Islands,VIR,2027,82715,86078,3363,4.07,23.99,24.95,0.96,North America,Quốc Gia
United States Virgin Islands,VIR,2028,82057,85225,3168,3.86,24.42,25.71,1.29,North America,Quốc Gia
United States Virgin Islands,VIR,2029,81454,84371,2917,3.58,24.82,26.49,1.67,North America,Quốc Gia
United States Virgin Islands,VIR,2030,80870,83518,2648,3.27,25.19,27.29,2.1,North America,Quốc Gia
United States Virgin Islands,VIR,2031,80291,82665,2374,2.96,25.55,28.1,2.55,North America,Quốc Gia
United States Virgin Islands,VIR,2032,79739,81811,2072,2.6,25.87,28.92,3.05,North America,Quốc Gia
United States Virgin Islands,VIR,2033,79212,80958,1746,2.2,26.14,29.77,3.63,North America,Quốc Gia
United States Virgin Islands,VIR,2034,78679,80104,1425,1.81,26.37,30.63,4.26,North America,Quốc Gia
United States Virgin Islands,VIR,2035,78136,79251,1115,1.43,26.55,31.51,4.96,North America,Quốc Gia
United States Virgin Islands,VIR,2036,77610,78397,787,1.01,26.7,32.41,5.71,North America,Quốc Gia
United States Virgin Islands,VIR,2037,77087,77544,457,0.59,26.79,33.33,6.54,North America,Quốc Gia
United States Virgin Islands,VIR,2038,76580,76690,110,0.14,26.83,34.27,7.44,North America,Quốc Gia
United States Virgin Islands,VIR,2039,76085,75837,-248,-0.33,26.83,35.24,8.41,North America,Quốc Gia
United States Virgin Islands,VIR,2040,75588,74983,-605,-0.8,26.8,36.22,9.42,North America,Quốc Gia
United States Virgin Islands,VIR,2041,75119,74130,-989,-1.32,26.75,37.23,10.48,North America,Quốc Gia
United States Virgin Islands,VIR,2042,74656,73276,-1380,-1.85,26.68,38.26,11.58,North America,Quốc Gia
United States Virgin Islands,VIR,2043,74197,72423,-1774,-2.39,26.59,39.31,12.72,North America,Quốc Gia
United States Virgin Islands,VIR,2044,73742,71569,-2173,-2.95,26.51,40.39,13.88,North America,Quốc Gia
United States Virgin Islands,VIR,2045,73272,70716,-2556,-3.49,26.44,41.5,15.06,North America,Quốc Gia
United States Virgin Islands,VIR,2046,72832,69863,-2969,-4.08,26.37,42.63,16.26,North America,Quốc Gia
United States Virgin Islands,VIR,2047,72409,69009,-3400,-4.7,26.3,43.79,17.49,North America,Quốc Gia
United States Virgin Islands,VIR,2048,71993,68156,-3837,-5.33,26.22,44.98,18.76,North America,Quốc Gia
United States Virgin Islands,VIR,2049,71617,67302,-4315,-6.03,26.12,46.2,20.08,North America,Quốc Gia
United States Virgin Islands,VIR,2050,71244,66449,-4795,-6.73,26.0,47.45,21.45,North America,Quốc Gia
Uruguay,URY,2027,3380240,3431162,50922,1.51,16.72,16.1,-0.62,South America,Quốc Gia
Uruguay,URY,2028,3377888,3437825,59937,1.77,17.01,16.21,-0.8,South America,Quốc Gia
Uruguay,URY,2029,3375422,3444489,69067,2.05,17.29,16.31,-0.98,South America,Quốc Gia
Uruguay,URY,2030,3372887,3451152,78265,2.32,17.58,16.42,-1.16,South America,Quốc Gia
Uruguay,URY,2031,3370279,3457816,87537,2.6,17.85,16.53,-1.32,South America,Quốc Gia
Uruguay,URY,2032,3367538,3464479,96941,2.88,18.11,16.63,-1.48,South America,Quốc Gia
Uruguay,URY,2033,3364647,3471143,106496,3.17,18.36,16.74,-1.62,South America,Quốc Gia
Uruguay,URY,2034,3361584,3477806,116222,3.46,18.6,16.85,-1.75,South America,Quốc Gia
Uruguay,URY,2035,3358275,3484470,126195,3.76,18.85,16.95,-1.9,South America,Quốc Gia
Uruguay,URY,2036,3354676,3491133,136457,4.07,19.09,17.06,-2.03,South America,Quốc Gia
Uruguay,URY,2037,3350727,3497797,147070,4.39,19.35,17.16,-2.19,South America,Quốc Gia
Uruguay,URY,2038,3346422,3504460,158038,4.72,19.63,17.26,-2.37,South America,Quốc Gia
Uruguay,URY,2039,3341667,3511124,169457,5.07,19.97,17.37,-2.6,South America,Quốc Gia
Uruguay,URY,2040,3336461,3517787,181326,5.43,20.35,17.47,-2.88,South America,Quốc Gia
Uruguay,URY,2041,3330800,3524451,193651,5.81,20.75,17.57,-3.18,South America,Quốc Gia
Uruguay,URY,2042,3324636,3531114,206478,6.21,21.14,17.68,-3.46,South America,Quốc Gia
Uruguay,URY,2043,3317928,3537778,219850,6.63,21.49,17.78,-3.71,South America,Quốc Gia
Uruguay,URY,2044,3310603,3544441,233838,7.06,21.82,17.88,-3.94,South America,Quốc Gia
Uruguay,URY,2045,3302675,3551105,248430,7.52,22.09,17.98,-4.11,South America,Quốc Gia
Uruguay,URY,2046,3294187,3557768,263581,8.0,22.35,18.08,-4.27,South America,Quốc Gia
Uruguay,URY,2047,3285153,3564432,279279,8.5,22.6,18.18,-4.42,South America,Quốc Gia
Uruguay,URY,2048,3275498,3571095,295597,9.02,22.86,18.28,-4.58,South America,Quốc Gia
Uruguay,URY,2049,3265253,3577759,312506,9.57,23.13,18.38,-4.75,South America,Quốc Gia
Uruguay,URY,2050,3254355,3584422,330067,10.14,23.42,18.48,-4.94,South America,Quốc Gia
Uzbekistan,UZB,2027,38376105,36825663,-1550442,-4.04,6.52,5.64,-0.88,Asia,Quốc Gia
Uzbekistan,UZB,2028,39010998,37282687,-1728311,-4.43,6.75,5.67,-1.08,Asia,Quốc Gia
Uzbekistan,UZB,2029,39634356,37739711,-1894645,-4.78,6.97,5.7,-1.27,Asia,Quốc Gia
Uzbekistan,UZB,2030,40248249,38196734,-2051515,-5.1,7.19,5.72,-1.47,Asia,Quốc Gia
Uzbekistan,UZB,2031,40850313,38653758,-2196555,-5.38,7.38,5.75,-1.63,Asia,Quốc Gia
Uzbekistan,UZB,2032,41442246,39110781,-2331465,-5.63,7.56,5.78,-1.78,Asia,Quốc Gia
Uzbekistan,UZB,2033,42026367,39567805,-2458562,-5.85,7.72,5.8,-1.92,Asia,Quốc Gia
Uzbekistan,UZB,2034,42603255,40024829,-2578426,-6.05,7.86,5.83,-2.03,Asia,Quốc Gia
Uzbekistan,UZB,2035,43175106,40481852,-2693254,-6.24,8.0,5.85,-2.15,Asia,Quốc Gia
Uzbekistan,UZB,2036,43744385,40938876,-2805509,-6.41,8.14,5.88,-2.26,Asia,Quốc Gia
Uzbekistan,UZB,2037,44313641,41395899,-2917742,-6.58,8.29,5.9,-2.39,Asia,Quốc Gia
Uzbekistan,UZB,2038,44885869,41852923,-3032946,-6.76,8.43,5.92,-2.51,Asia,Quốc Gia
Uzbekistan,UZB,2039,45461991,42309947,-3152044,-6.93,8.58,5.94,-2.64,Asia,Quốc Gia
Uzbekistan,UZB,2040,46044154,42766970,-3277184,-7.12,8.72,5.97,-2.75,Asia,Quốc Gia
Uzbekistan,UZB,2041,46636745,43223994,-3412751,-7.32,8.86,5.99,-2.87,Asia,Quốc Gia
Uzbekistan,UZB,2042,47240038,43681017,-3559021,-7.53,9.0,6.01,-2.99,Asia,Quốc Gia
Uzbekistan,UZB,2043,47851674,44138041,-3713633,-7.76,9.13,6.03,-3.1,Asia,Quốc Gia
Uzbekistan,UZB,2044,48470627,44595065,-3875562,-8.0,9.26,6.05,-3.21,Asia,Quốc Gia
Uzbekistan,UZB,2045,49096062,45052088,-4043974,-8.24,9.4,6.07,-3.33,Asia,Quốc Gia
Uzbekistan,UZB,2046,49724398,45509112,-4215286,-8.48,9.56,6.09,-3.47,Asia,Quốc Gia
Uzbekistan,UZB,2047,50351713,45966135,-4385578,-8.71,9.72,6.11,-3.61,Asia,Quốc Gia
Uzbekistan,UZB,2048,50975929,46423159,-4552770,-8.93,9.91,6.12,-3.79,Asia,Quốc Gia
Uzbekistan,UZB,2049,51596111,46880183,-4715928,-9.14,10.13,6.14,-3.99,Asia,Quốc Gia
Uzbekistan,UZB,2050,52210751,47337206,-4873545,-9.33,10.38,6.16,-4.22,Asia,Quốc Gia
Vanuatu,VUT,2027,349981,337854,-12127,-3.47,4.56,4.21,-0.35,Oceania,Quốc Gia
Vanuatu,VUT,2028,357408,343456,-13952,-3.9,4.65,4.24,-0.41,Oceania,Quốc Gia
Vanuatu,VUT,2029,364895,349057,-15838,-4.34,4.75,4.26,-0.49,Oceania,Quốc Gia
Vanuatu,VUT,2030,372441,354658,-17783,-4.77,4.85,4.29,-0.56,Oceania,Quốc Gia
Vanuatu,VUT,2031,380025,360259,-19766,-5.2,4.94,4.32,-0.62,Oceania,Quốc Gia
Vanuatu,VUT,2032,387669,365861,-21808,-5.63,5.02,4.34,-0.68,Oceania,Quốc Gia
Vanuatu,VUT,2033,395379,371462,-23917,-6.05,5.1,4.36,-0.74,Oceania,Quốc Gia
Vanuatu,VUT,2034,403201,377063,-26138,-6.48,5.18,4.39,-0.79,Oceania,Quốc Gia
Vanuatu,VUT,2035,411073,382664,-28409,-6.91,5.28,4.41,-0.87,Oceania,Quốc Gia
Vanuatu,VUT,2036,419018,388266,-30752,-7.34,5.39,4.43,-0.96,Oceania,Quốc Gia
Vanuatu,VUT,2037,427044,393867,-33177,-7.77,5.5,4.45,-1.05,Oceania,Quốc Gia
Vanuatu,VUT,2038,435163,399468,-35695,-8.2,5.63,4.47,-1.16,Oceania,Quốc Gia
Vanuatu,VUT,2039,443324,405069,-38255,-8.63,5.75,4.49,-1.26,Oceania,Quốc Gia
Vanuatu,VUT,2040,451523,410670,-40853,-9.05,5.87,4.51,-1.36,Oceania,Quốc Gia
Vanuatu,VUT,2041,459748,416272,-43476,-9.46,5.98,4.53,-1.45,Oceania,Quốc Gia
Vanuatu,VUT,2042,468018,421873,-46145,-9.86,6.0,4.55,-1.45,Oceania,Quốc Gia
Vanuatu,VUT,2043,476322,427474,-48848,-10.26,5.89,4.56,-1.33,Oceania,Quốc Gia
Vanuatu,VUT,2044,484648,433075,-51573,-10.64,5.87,4.58,-1.29,Oceania,Quốc Gia
Vanuatu,VUT,2045,493005,438677,-54328,-11.02,5.99,4.6,-1.39,Oceania,Quốc Gia
Vanuatu,VUT,2046,501332,444278,-57054,-11.38,6.12,4.61,-1.51,Oceania,Quốc Gia
Vanuatu,VUT,2047,509637,449879,-59758,-11.73,6.27,4.63,-1.64,Oceania,Quốc Gia
Vanuatu,VUT,2048,517904,455480,-62424,-12.05,6.43,4.65,-1.78,Oceania,Quốc Gia
Vanuatu,VUT,2049,526154,461081,-65073,-12.37,6.61,4.66,-1.95,Oceania,Quốc Gia
Vanuatu,VUT,2050,534391,466683,-67708,-12.67,6.8,4.68,-2.12,Oceania,Quốc Gia
Vatican,VAT,2027,529,500,-29,-5.48,38.56,54.81,16.25,Europe,Quốc Gia
Vatican,VAT,2028,535,500,-35,-6.54,37.01,55.41,18.4,Europe,Quốc Gia
Vatican,VAT,2029,534,500,-34,-6.37,36.14,56.02,19.88,Europe,Quốc Gia
Vatican,VAT,2030,530,500,-30,-5.66,35.28,56.63,21.35,Europe,Quốc Gia
Vatican,VAT,2031,526,500,-26,-4.94,34.6,57.23,22.63,Europe,Quốc Gia
Vatican,VAT,2032,526,500,-26,-4.94,33.65,57.84,24.19,Europe,Quốc Gia
Vatican,VAT,2033,537,500,-37,-6.89,32.96,58.45,25.49,Europe,Quốc Gia
Vatican,VAT,2034,539,500,-39,-7.24,31.91,59.05,27.14,Europe,Quốc Gia
Vatican,VAT,2035,543,500,-43,-7.92,30.94,59.66,28.72,Europe,Quốc Gia
Vatican,VAT,2036,542,500,-42,-7.75,29.89,60.0,30.11,Europe,Quốc Gia
Vatican,VAT,2037,545,500,-45,-8.26,29.17,60.0,30.83,Europe,Quốc Gia
Vatican,VAT,2038,555,500,-55,-9.91,27.62,60.0,32.38,Europe,Quốc Gia
Vatican,VAT,2039,576,500,-76,-13.19,26.61,60.0,33.39,Europe,Quốc Gia
Vatican,VAT,2040,595,500,-95,-15.97,25.42,60.0,34.58,Europe,Quốc Gia
Vatican,VAT,2041,612,500,-112,-18.3,24.71,60.0,35.29,Europe,Quốc Gia
Vatican,VAT,2042,624,500,-124,-19.87,24.08,60.0,35.92,Europe,Quốc Gia
Vatican,VAT,2043,635,500,-135,-21.26,23.82,60.0,36.18,Europe,Quốc Gia
Vatican,VAT,2044,644,500,-144,-22.36,23.36,60.0,36.64,Europe,Quốc Gia
Vatican,VAT,2045,657,500,-157,-23.9,23.36,60.0,36.64,Europe,Quốc Gia
Vatican,VAT,2046,665,500,-165,-24.81,23.23,60.0,36.77,Europe,Quốc Gia
Vatican,VAT,2047,678,500,-178,-26.25,23.22,60.0,36.78,Europe,Quốc Gia
Vatican,VAT,2048,691,500,-191,-27.64,22.93,60.0,37.07,Europe,Quốc Gia
Vatican,VAT,2049,704,500,-204,-28.98,22.65,60.0,37.35,Europe,Quốc Gia
Vatican,VAT,2050,720,500,-220,-30.56,22.7,60.0,37.3,Europe,Quốc Gia
Venezuela,VEN,2027,28758568,31045050,2286482,7.95,10.68,9.06,-1.62,South America,Quốc Gia
Venezuela,VEN,2028,28885168,31267255,2382087,8.25,11.01,9.2,-1.81,South America,Quốc Gia
Venezuela,VEN,2029,29014447,31489460,2475013,8.53,11.33,9.33,-2.0,South America,Quốc Gia
Venezuela,VEN,2030,29151810,31711665,2559855,8.78,11.64,9.46,-2.18,South America,Quốc Gia
Venezuela,VEN,2031,29295745,31933870,2638125,9.01,11.94,9.59,-2.35,South America,Quốc Gia
Venezuela,VEN,2032,29442537,32156075,2713538,9.22,12.24,9.72,-2.52,South America,Quốc Gia
Venezuela,VEN,2033,29587100,32378280,2791180,9.43,12.53,9.85,-2.68,South America,Quốc Gia
Venezuela,VEN,2034,29735160,32600486,2865326,9.64,12.81,9.97,-2.84,South America,Quốc Gia
Venezuela,VEN,2035,29883330,32822691,2939361,9.84,13.08,10.1,-2.98,South America,Quốc Gia
Venezuela,VEN,2036,30020168,33044896,3024728,10.08,13.34,10.22,-3.12,South America,Quốc Gia
Venezuela,VEN,2037,30146548,33267101,3120553,10.35,13.59,10.34,-3.25,South America,Quốc Gia
Venezuela,VEN,2038,30268330,33489306,3220976,10.64,13.83,10.46,-3.37,South America,Quốc Gia
Venezuela,VEN,2039,30386286,33711511,3325225,10.94,14.06,10.57,-3.49,South America,Quốc Gia
Venezuela,VEN,2040,30495446,33933716,3438270,11.27,14.3,10.69,-3.61,South America,Quốc Gia
Venezuela,VEN,2041,30590210,34155922,3565712,11.66,14.53,10.8,-3.73,South America,Quốc Gia
Venezuela,VEN,2042,30674535,34378127,3703592,12.07,14.77,10.91,-3.86,South America,Quốc Gia
Venezuela,VEN,2043,30749674,34600332,3850658,12.52,15.0,11.03,-3.97,South America,Quốc Gia
Venezuela,VEN,2044,30813808,34822537,4008729,13.01,15.23,11.13,-4.1,South America,Quốc Gia
Venezuela,VEN,2045,30871493,35044742,4173249,13.52,15.45,11.24,-4.21,South America,Quốc Gia
Venezuela,VEN,2046,30923466,35266947,4343481,14.05,15.66,11.35,-4.31,South America,Quốc Gia
Venezuela,VEN,2047,30974368,35489153,4514785,14.58,15.86,11.46,-4.4,South America,Quốc Gia
Venezuela,VEN,2048,31021603,35711358,4689755,15.12,16.04,11.56,-4.48,South America,Quốc Gia
Venezuela,VEN,2049,31059957,35933563,4873606,15.69,16.21,11.66,-4.55,South America,Quốc Gia
Venezuela,VEN,2050,31094887,36155768,5060881,16.28,16.37,11.76,-4.61,South America,Quốc Gia
Vietnam,VNM,2027,102727391,104613000,1885609,1.84,10.33,8.3,-2.03,Asia,Quốc Gia
Vietnam,VNM,2028,103255745,105634608,2378863,2.3,10.81,8.37,-2.44,Asia,Quốc Gia
Vietnam,VNM,2029,103761150,106656215,2895065,2.79,11.31,8.44,-2.87,Asia,Quốc Gia
Vietnam,VNM,2030,104254900,107677822,3422922,3.28,11.78,8.51,-3.27,Asia,Quốc Gia
Vietnam,VNM,2031,104737913,108699430,3961517,3.78,12.21,8.58,-3.63,Asia,Quốc Gia
Vietnam,VNM,2032,105204401,109721037,4516636,4.29,12.6,8.65,-3.95,Asia,Quốc Gia
Vietnam,VNM,2033,105656307,110742644,5086337,4.81,12.99,8.72,-4.27,Asia,Quốc Gia
Vietnam,VNM,2034,106097515,111764252,5666737,5.34,13.42,8.78,-4.64,Asia,Quốc Gia
Vietnam,VNM,2035,106530670,112785859,6255189,5.87,13.84,8.85,-4.99,Asia,Quốc Gia
Vietnam,VNM,2036,106945843,113807466,6861623,6.42,14.25,8.91,-5.34,Asia,Quốc Gia
Vietnam,VNM,2037,107346047,114829074,7483027,6.97,14.66,8.97,-5.69,Asia,Quốc Gia
Vietnam,VNM,2038,107732020,115850681,8118661,7.54,15.03,9.03,-6.0,Asia,Quốc Gia
Vietnam,VNM,2039,108097654,116872288,8774634,8.12,15.38,9.09,-6.29,Asia,Quốc Gia
Vietnam,VNM,2040,108437633,117893896,9456263,8.72,15.74,9.15,-6.59,Asia,Quốc Gia
Vietnam,VNM,2041,108752199,118915503,10163304,9.35,16.12,9.21,-6.91,Asia,Quốc Gia
Vietnam,VNM,2042,109040314,119937110,10896796,9.99,16.47,9.27,-7.2,Asia,Quốc Gia
Vietnam,VNM,2043,109292559,120958718,11666159,10.67,16.82,9.32,-7.5,Asia,Quốc Gia
Vietnam,VNM,2044,109506275,121980325,12474050,11.39,17.19,9.38,-7.81,Asia,Quốc Gia
Vietnam,VNM,2045,109685396,123001932,13316536,12.14,17.57,9.43,-8.14,Asia,Quốc Gia
Vietnam,VNM,2046,109827663,124023540,14195877,12.93,17.94,9.48,-8.46,Asia,Quốc Gia
Vietnam,VNM,2047,109930244,125045147,15114903,13.75,18.39,9.54,-8.85,Asia,Quốc Gia
Vietnam,VNM,2048,109994024,126066754,16072730,14.61,18.9,9.59,-9.31,Asia,Quốc Gia
Vietnam,VNM,2049,110018017,127088362,17070345,15.52,19.44,9.64,-9.8,Asia,Quốc Gia
Vietnam,VNM,2050,110008911,128109969,18101058,16.45,19.99,9.69,-10.3,Asia,Quốc Gia
Wallis and Futuna,WLF,2027,11066,10905,-161,-1.45,16.44,15.48,-0.96,Oceania,Quốc Gia
Wallis and Futuna,WLF,2028,10999,10772,-227,-2.06,17.07,15.96,-1.11,Oceania,Quốc Gia
Wallis and Futuna,WLF,2029,10935,10639,-296,-2.71,17.61,16.46,-1.15,Oceania,Quốc Gia
Wallis and Futuna,WLF,2030,10883,10506,-377,-3.46,18.05,16.97,-1.08,Oceania,Quốc Gia
Wallis and Futuna,WLF,2031,10842,10373,-469,-4.33,18.39,17.49,-0.9,Oceania,Quốc Gia
Wallis and Futuna,WLF,2032,10796,10240,-556,-5.15,18.79,18.03,-0.76,Oceania,Quốc Gia
Wallis and Futuna,WLF,2033,10761,10108,-653,-6.07,19.38,18.58,-0.8,Oceania,Quốc Gia
Wallis and Futuna,WLF,2034,10727,9975,-752,-7.01,20.05,19.14,-0.91,Oceania,Quốc Gia
Wallis and Futuna,WLF,2035,10699,9842,-857,-8.01,20.68,19.73,-0.95,Oceania,Quốc Gia
Wallis and Futuna,WLF,2036,10670,9709,-961,-9.01,21.35,20.32,-1.03,Oceania,Quốc Gia
Wallis and Futuna,WLF,2037,10639,9576,-1063,-9.99,22.03,20.94,-1.09,Oceania,Quốc Gia
Wallis and Futuna,WLF,2038,10625,9443,-1182,-11.12,22.68,21.57,-1.11,Oceania,Quốc Gia
Wallis and Futuna,WLF,2039,10606,9310,-1296,-12.22,23.22,22.21,-1.01,Oceania,Quốc Gia
Wallis and Futuna,WLF,2040,10572,9178,-1394,-13.19,23.83,22.88,-0.95,Oceania,Quốc Gia
Wallis and Futuna,WLF,2041,10539,9045,-1494,-14.18,24.53,23.57,-0.96,Oceania,Quốc Gia
Wallis and Futuna,WLF,2042,10515,8912,-1603,-15.24,25.05,24.27,-0.78,Oceania,Quốc Gia
Wallis and Futuna,WLF,2043,10482,8779,-1703,-16.25,25.42,25.0,-0.42,Oceania,Quốc Gia
Wallis and Futuna,WLF,2044,10448,8646,-1802,-17.25,25.76,25.75,-0.01,Oceania,Quốc Gia
Wallis and Futuna,WLF,2045,10412,8513,-1899,-18.24,26.12,26.53,0.41,Oceania,Quốc Gia
Wallis and Futuna,WLF,2046,10371,8380,-1991,-19.2,26.45,27.33,0.88,Oceania,Quốc Gia
Wallis and Futuna,WLF,2047,10322,8247,-2075,-20.1,26.64,28.15,1.51,Oceania,Quốc Gia
Wallis and Futuna,WLF,2048,10266,8115,-2151,-20.95,26.74,29.0,2.26,Oceania,Quốc Gia
Wallis and Futuna,WLF,2049,10222,7982,-2240,-21.91,26.79,29.88,3.09,Oceania,Quốc Gia
Wallis and Futuna,WLF,2050,10171,7849,-2322,-22.83,26.74,30.79,4.05,Oceania,Quốc Gia
Western Sahara,ESH,2027,620340,638322,17982,2.9,7.18,6.04,-1.14,Africa,Quốc Gia
Western Sahara,ESH,2028,629595,651759,22164,3.52,7.38,6.1,-1.28,Africa,Quốc Gia
Western Sahara,ESH,2029,638589,665196,26607,4.17,7.59,6.15,-1.44,Africa,Quốc Gia
Western Sahara,ESH,2030,647486,678632,31146,4.81,7.79,6.2,-1.59,Africa,Quốc Gia
Western Sahara,ESH,2031,656182,692069,35887,5.47,8.01,6.25,-1.76,Africa,Quốc Gia
Western Sahara,ESH,2032,664600,705506,40906,6.15,8.24,6.3,-1.94,Africa,Quốc Gia
Western Sahara,ESH,2033,672822,718943,46121,6.85,8.48,6.34,-2.14,Africa,Quốc Gia
Western Sahara,ESH,2034,680609,732380,51771,7.61,8.74,6.39,-2.35,Africa,Quốc Gia
Western Sahara,ESH,2035,688162,745817,57655,8.38,9.02,6.43,-2.59,Africa,Quốc Gia
Western Sahara,ESH,2036,695588,759253,63665,9.15,9.3,6.47,-2.83,Africa,Quốc Gia
Western Sahara,ESH,2037,702662,772690,70028,9.97,9.61,6.51,-3.1,Africa,Quốc Gia
Western Sahara,ESH,2038,709533,786127,76594,10.79,9.92,6.55,-3.37,Africa,Quốc Gia
Western Sahara,ESH,2039,716269,799564,83295,11.63,10.24,6.58,-3.66,Africa,Quốc Gia
Western Sahara,ESH,2040,722870,813001,90131,12.47,10.58,6.62,-3.96,Africa,Quốc Gia
Western Sahara,ESH,2041,729404,826438,97034,13.3,10.93,6.65,-4.28,Africa,Quốc Gia
Western Sahara,ESH,2042,735839,839874,104035,14.14,11.3,6.69,-4.61,Africa,Quốc Gia
Western Sahara,ESH,2043,742002,853311,111309,15.0,11.71,6.72,-4.99,Africa,Quốc Gia
Western Sahara,ESH,2044,747829,866748,118919,15.9,12.19,6.75,-5.44,Africa,Quốc Gia
Western Sahara,ESH,2045,753420,880185,126765,16.83,12.73,6.78,-5.95,Africa,Quốc Gia
Western Sahara,ESH,2046,758709,893622,134913,17.78,13.31,6.81,-6.5,Africa,Quốc Gia
Western Sahara,ESH,2047,763691,907059,143368,18.77,13.89,6.84,-7.05,Africa,Quốc Gia
Western Sahara,ESH,2048,768309,920495,152186,19.81,14.47,6.86,-7.61,Africa,Quốc Gia
Western Sahara,ESH,2049,772800,933932,161132,20.85,15.02,6.89,-8.13,Africa,Quốc Gia
Western Sahara,ESH,2050,777321,947369,170048,21.88,15.53,6.92,-8.61,Africa,Quốc Gia
Yemen,YEM,2027,44145631,41863417,-2282214,-5.17,2.61,2.56,-0.05,Asia,Quốc Gia
Yemen,YEM,2028,45323697,42693969,-2629728,-5.8,2.65,2.56,-0.09,Asia,Quốc Gia
Yemen,YEM,2029,46497585,43524521,-2973064,-6.39,2.7,2.56,-0.14,Asia,Quốc Gia
Yemen,YEM,2030,47667660,44355073,-3312587,-6.95,2.76,2.55,-0.21,Asia,Quốc Gia
Yemen,YEM,2031,48827516,45185624,-3641892,-7.46,2.82,2.55,-0.27,Asia,Quốc Gia
Yemen,YEM,2032,49979102,46016176,-3962926,-7.93,2.89,2.55,-0.34,Asia,Quốc Gia
Yemen,YEM,2033,51129880,46846728,-4283152,-8.38,2.97,2.54,-0.43,Asia,Quốc Gia
Yemen,YEM,2034,52280000,47677280,-4602720,-8.8,3.05,2.54,-0.51,Asia,Quốc Gia
Yemen,YEM,2035,53429320,48507831,-4921489,-9.21,3.14,2.54,-0.6,Asia,Quốc Gia
Yemen,YEM,2036,54578060,49338383,-5239677,-9.6,3.23,2.53,-0.7,Asia,Quốc Gia
Yemen,YEM,2037,55724272,50168935,-5555337,-9.97,3.32,2.53,-0.79,Asia,Quốc Gia
Yemen,YEM,2038,56872167,50999487,-5872680,-10.33,3.42,2.53,-0.89,Asia,Quốc Gia
Yemen,YEM,2039,58024728,51830038,-6194690,-10.68,3.53,2.53,-1.0,Asia,Quốc Gia
Yemen,YEM,2040,59181529,52660590,-6520939,-11.02,3.64,2.52,-1.12,Asia,Quốc Gia
Yemen,YEM,2041,60345682,53491142,-6854540,-11.36,3.75,2.52,-1.23,Asia,Quốc Gia
Yemen,YEM,2042,61517980,54321694,-7196286,-11.7,3.87,2.52,-1.35,Asia,Quốc Gia
Yemen,YEM,2043,62696533,55152245,-7544288,-12.03,4.0,2.52,-1.48,Asia,Quốc Gia
Yemen,YEM,2044,63880188,55982797,-7897391,-12.36,4.14,2.51,-1.63,Asia,Quốc Gia
Yemen,YEM,2045,65066360,56813349,-8253011,-12.68,4.29,2.51,-1.78,Asia,Quốc Gia
Yemen,YEM,2046,66253595,57643901,-8609694,-13.0,4.45,2.51,-1.94,Asia,Quốc Gia
Yemen,YEM,2047,67438812,58474453,-8964359,-13.29,4.62,2.51,-2.11,Asia,Quốc Gia
Yemen,YEM,2048,68620860,59305004,-9315856,-13.58,4.8,2.5,-2.3,Asia,Quốc Gia
Yemen,YEM,2049,69799811,60135556,-9664255,-13.85,4.98,2.5,-2.48,Asia,Quốc Gia
Yemen,YEM,2050,70976407,60966108,-10010299,-14.1,5.17,2.5,-2.67,Asia,Quốc Gia
Zambia,ZMB,2027,23138725,22055686,-1083039,-4.68,2.12,1.77,-0.35,Africa,Quốc Gia
Zambia,ZMB,2028,23761377,22500659,-1260718,-5.31,2.18,1.76,-0.42,Africa,Quốc Gia
Zambia,ZMB,2029,24389691,22945633,-1444058,-5.92,2.25,1.76,-0.49,Africa,Quốc Gia
Zambia,ZMB,2030,25024897,23390606,-1634291,-6.53,2.32,1.75,-0.57,Africa,Quốc Gia
Zambia,ZMB,2031,25666505,23835579,-1830926,-7.13,2.4,1.74,-0.66,Africa,Quốc Gia
Zambia,ZMB,2032,26311956,24280553,-2031403,-7.72,2.48,1.73,-0.75,Africa,Quốc Gia
Zambia,ZMB,2033,26960083,24725526,-2234557,-8.29,2.56,1.73,-0.83,Africa,Quốc Gia
Zambia,ZMB,2034,27611632,25170499,-2441133,-8.84,2.66,1.72,-0.94,Africa,Quốc Gia
Zambia,ZMB,2035,28266898,25615473,-2651425,-9.38,2.75,1.71,-1.04,Africa,Quốc Gia
Zambia,ZMB,2036,28925112,26060446,-2864666,-9.9,2.86,1.71,-1.15,Africa,Quốc Gia
Zambia,ZMB,2037,29583493,26505419,-3078074,-10.4,2.97,1.7,-1.27,Africa,Quốc Gia
Zambia,ZMB,2038,30240561,26950392,-3290169,-10.88,3.09,1.7,-1.39,Africa,Quốc Gia
Zambia,ZMB,2039,30895598,27395366,-3500232,-11.33,3.21,1.69,-1.52,Africa,Quốc Gia
Zambia,ZMB,2040,31550405,27840339,-3710066,-11.76,3.35,1.69,-1.66,Africa,Quốc Gia
Zambia,ZMB,2041,32204353,28285312,-3919041,-12.17,3.49,1.68,-1.81,Africa,Quốc Gia
Zambia,ZMB,2042,32856608,28730286,-4126322,-12.56,3.63,1.68,-1.95,Africa,Quốc Gia
Zambia,ZMB,2043,33510513,29175259,-4335254,-12.94,3.78,1.67,-2.11,Africa,Quốc Gia
Zambia,ZMB,2044,34165933,29620232,-4545701,-13.3,3.92,1.67,-2.25,Africa,Quốc Gia
Zambia,ZMB,2045,34821113,30065206,-4755907,-13.66,4.06,1.66,-2.4,Africa,Quốc Gia
Zambia,ZMB,2046,35475808,30510179,-4965629,-14.0,4.21,1.66,-2.55,Africa,Quốc Gia
Zambia,ZMB,2047,36129283,30955152,-5174131,-14.32,4.35,1.65,-2.7,Africa,Quốc Gia
Zambia,ZMB,2048,36782273,31400126,-5382147,-14.63,4.5,1.65,-2.85,Africa,Quốc Gia
Zambia,ZMB,2049,37434681,31845099,-5589582,-14.93,4.65,1.65,-3.0,Africa,Quốc Gia
Zambia,ZMB,2050,38083384,32290072,-5793312,-15.21,4.8,1.64,-3.16,Africa,Quốc Gia
Zimbabwe,ZWE,2027,17600614,16898274,-702340,-3.99,3.45,3.45,0.0,Africa,Quốc Gia
Zimbabwe,ZWE,2028,17932006,17090096,-841910,-4.7,3.38,3.45,0.07,Africa,Quốc Gia
Zimbabwe,ZWE,2029,18268960,17281918,-987042,-5.4,3.31,3.46,0.15,Africa,Quốc Gia
Zimbabwe,ZWE,2030,18610349,17473740,-1136609,-6.11,3.24,3.46,0.22,Africa,Quốc Gia
Zimbabwe,ZWE,2031,18956199,17665563,-1290636,-6.81,3.18,3.47,0.29,Africa,Quốc Gia
Zimbabwe,ZWE,2032,19311359,17857385,-1453974,-7.53,3.14,3.47,0.33,Africa,Quốc Gia
Zimbabwe,ZWE,2033,19675921,18049207,-1626714,-8.27,3.1,3.47,0.37,Africa,Quốc Gia
Zimbabwe,ZWE,2034,20041116,18241029,-1800087,-8.98,3.08,3.48,0.4,Africa,Quốc Gia
Zimbabwe,ZWE,2035,20409151,18432851,-1976300,-9.68,3.06,3.48,0.42,Africa,Quốc Gia
Zimbabwe,ZWE,2036,20778653,18624673,-2153980,-10.37,3.07,3.48,0.41,Africa,Quốc Gia
Zimbabwe,ZWE,2037,21144739,18816495,-2328244,-11.01,3.1,3.49,0.39,Africa,Quốc Gia
Zimbabwe,ZWE,2038,21512910,19008317,-2504593,-11.64,3.14,3.49,0.35,Africa,Quốc Gia
Zimbabwe,ZWE,2039,21881113,19200139,-2680974,-12.25,3.2,3.49,0.29,Africa,Quốc Gia
Zimbabwe,ZWE,2040,22250113,19391962,-2858151,-12.85,3.29,3.5,0.21,Africa,Quốc Gia
Zimbabwe,ZWE,2041,22627417,19583784,-3043633,-13.45,3.41,3.5,0.09,Africa,Quốc Gia
Zimbabwe,ZWE,2042,23000897,19775606,-3225291,-14.02,3.55,3.5,-0.05,Africa,Quốc Gia
Zimbabwe,ZWE,2043,23371290,19967428,-3403862,-14.56,3.72,3.5,-0.22,Africa,Quốc Gia
Zimbabwe,ZWE,2044,23740621,20159250,-3581371,-15.09,3.91,3.51,-0.4,Africa,Quốc Gia
Zimbabwe,ZWE,2045,24102379,20351072,-3751307,-15.56,4.11,3.51,-0.6,Africa,Quốc Gia
Zimbabwe,ZWE,2046,24462481,20542894,-3919587,-16.02,4.34,3.51,-0.83,Africa,Quốc Gia
Zimbabwe,ZWE,2047,24816438,20734716,-4081722,-16.45,4.59,3.51,-1.08,Africa,Quốc Gia
Zimbabwe,ZWE,2048,25168409,20926539,-4241870,-16.85,4.84,3.52,-1.32,Africa,Quốc Gia
Zimbabwe,ZWE,2049,25518502,21118361,-4400141,-17.24,5.08,3.52,-1.56,Africa,Quốc Gia
Zimbabwe,ZWE,2050,25866386,21310183,-4556203,-17.61,5.32,3.52,-1.8,Africa,Quốc Gia
Africa,,2027,1619090703,1565589269,-53501434,-3.3,,,,Africa,Châu Lục
Africa,,2028,1654485647,1592934866,-61550781,-3.72,,,,Africa,Châu Lục
Africa,,2029,1690115112,1620280456,-69834656,-4.13,,,,Africa,Châu Lục
Africa,,2030,1725981765,1647626051,-78355714,-4.54,,,,Africa,Châu Lục
Africa,,2031,1762090556,1674971649,-87118907,-4.94,,,,Africa,Châu Lục
Africa,,2032,1798408554,1702317239,-96091315,-5.34,,,,Africa,Châu Lục
Africa,,2033,1834878121,1729662840,-105215281,-5.73,,,,Africa,Châu Lục
Africa,,2034,1871544416,1757008431,-114535985,-6.12,,,,Africa,Châu Lục
Africa,,2035,1908424532,1784354026,-124070506,-6.5,,,,Africa,Châu Lục
Africa,,2036,1945442464,1811699621,-133742843,-6.87,,,,Africa,Châu Lục
Africa,,2037,1982535021,1839045212,-143489809,-7.24,,,,Africa,Châu Lục
Africa,,2038,2019697564,1866390807,-153306757,-7.59,,,,Africa,Châu Lục
Africa,,2039,2056936261,1893736404,-163199857,-7.93,,,,Africa,Châu Lục
Africa,,2040,2094244042,1921082005,-173162037,-8.27,,,,Africa,Châu Lục
Africa,,2041,2131581477,1948427599,-183153878,-8.59,,,,Africa,Châu Lục
Africa,,2042,2168911529,1975773190,-193138339,-8.9,,,,Africa,Châu Lục
Africa,,2043,2206241028,2003118788,-203122240,-9.21,,,,Africa,Châu Lục
Africa,,2044,2243539212,2030464378,-213074834,-9.5,,,,Africa,Châu Lục
Africa,,2045,2280725963,2057809980,-222915983,-9.77,,,,Africa,Châu Lục
Africa,,2046,2317798742,2085155570,-232643172,-10.04,,,,Africa,Châu Lục
Africa,,2047,2354808606,2112501162,-242307444,-10.29,,,,Africa,Châu Lục
Africa,,2048,2391720394,2139846763,-251873631,-10.53,,,,Africa,Châu Lục
Africa,,2049,2428461494,2167192353,-261269141,-10.76,,,,Africa,Châu Lục
Africa,,2050,2465023011,2194537950,-270485061,-10.97,,,,Africa,Châu Lục
Asia,,2027,4890963170,4995804286,104841116,2.14,,,,Asia,Châu Lục
Asia,,2028,4917843823,5041766752,123922929,2.52,,,,Asia,Châu Lục
Asia,,2029,4943926506,5087729216,143802710,2.91,,,,Asia,Châu Lục
Asia,,2030,4969233460,5133691677,164458217,3.31,,,,Asia,Châu Lục
Asia,,2031,4993723106,5179654147,185931041,3.72,,,,Asia,Châu Lục
Asia,,2032,5017352129,5225616605,208264476,4.15,,,,Asia,Châu Lục
Asia,,2033,5040129247,5271579068,231449821,4.59,,,,Asia,Châu Lục
Asia,,2034,5062015206,5317541537,255526331,5.05,,,,Asia,Châu Lục
Asia,,2035,5082984296,5363503996,280519700,5.52,,,,Asia,Châu Lục
Asia,,2036,5103101005,5409466459,306365454,6.0,,,,Asia,Châu Lục
Asia,,2037,5122349938,5455428922,333078984,6.5,,,,Asia,Châu Lục
Asia,,2038,5140673256,5501391381,360718125,7.02,,,,Asia,Châu Lục
Asia,,2039,5158094435,5547353848,389259413,7.55,,,,Asia,Châu Lục
Asia,,2040,5174593512,5593316313,418722801,8.09,,,,Asia,Châu Lục
Asia,,2041,5190087896,5639278773,449190877,8.65,,,,Asia,Châu Lục
Asia,,2042,5204528738,5685241234,480712496,9.24,,,,Asia,Châu Lục
Asia,,2043,5217954647,5731203700,513249053,9.84,,,,Asia,Châu Lục
Asia,,2044,5230376047,5777166163,546790116,10.45,,,,Asia,Châu Lục
Asia,,2045,5241726856,5823128624,581401768,11.09,,,,Asia,Châu Lục
Asia,,2046,5251950012,5869091091,617141079,11.75,,,,Asia,Châu Lục
Asia,,2047,5260932983,5915053554,654120571,12.43,,,,Asia,Châu Lục
Asia,,2048,5268643488,5961016012,692372524,13.14,,,,Asia,Châu Lục
Asia,,2049,5275145190,6006978478,731833288,13.87,,,,Asia,Châu Lục
Asia,,2050,5280378424,6052940939,772562515,14.63,,,,Asia,Châu Lục
Europe,,2027,742427790,750751008,8323218,1.12,,,,Europe,Châu Lục
Europe,,2028,741214141,751497948,10283807,1.39,,,,Europe,Châu Lục
Europe,,2029,739897694,752244888,12347194,1.67,,,,Europe,Châu Lục
Europe,,2030,738488733,752991823,14503090,1.96,,,,Europe,Châu Lục
Europe,,2031,736981614,753738766,16757152,2.27,,,,Europe,Châu Lục
Europe,,2032,735421156,754485702,19064546,2.59,,,,Europe,Châu Lục
Europe,,2033,733855703,755232639,21376936,2.91,,,,Europe,Châu Lục
Europe,,2034,732265148,755979580,23714432,3.24,,,,Europe,Châu Lục
Europe,,2035,730644751,756726523,26081772,3.57,,,,Europe,Châu Lục
Europe,,2036,728988086,757473460,28485374,3.91,,,,Europe,Châu Lục
Europe,,2037,727302107,758220396,30918289,4.25,,,,Europe,Châu Lục
Europe,,2038,725605750,758967337,33361587,4.6,,,,Europe,Châu Lục
Europe,,2039,723884127,759714276,35830149,4.95,,,,Europe,Châu Lục
Europe,,2040,722154562,760461214,38306652,5.3,,,,Europe,Châu Lục
Europe,,2041,720443648,761208157,40764509,5.66,,,,Europe,Châu Lục
Europe,,2042,718730791,761955095,43224304,6.01,,,,Europe,Châu Lục
Europe,,2043,716978163,762702029,45723866,6.38,,,,Europe,Châu Lục
Europe,,2044,715173734,763448972,48275238,6.75,,,,Europe,Châu Lục
Europe,,2045,713331357,764195915,50864558,7.13,,,,Europe,Châu Lục
Europe,,2046,711445586,764942855,53497269,7.52,,,,Europe,Châu Lục
Europe,,2047,709489987,765689785,56199798,7.92,,,,Europe,Châu Lục
Europe,,2048,707446295,766436727,58990432,8.34,,,,Europe,Châu Lục
Europe,,2049,705307393,767183669,61876276,8.77,,,,Europe,Châu Lục
Europe,,2050,703077866,767930608,64852742,9.22,,,,Europe,Châu Lục
North America,,2027,625049801,634162828,9113027,1.46,,,,North America,Châu Lục
North America,,2028,628799901,639616923,10817022,1.72,,,,North America,Châu Lục
North America,,2029,632460697,645071016,12610319,1.99,,,,North America,Châu Lục
North America,,2030,636016023,650525114,14509091,2.28,,,,North America,Châu Lục
North America,,2031,639493203,655979202,16485999,2.58,,,,North America,Châu Lục
North America,,2032,642891603,661433297,18541694,2.88,,,,North America,Châu Lục
North America,,2033,646205408,666887394,20681986,3.2,,,,North America,Châu Lục
North America,,2034,649444740,672341485,22896745,3.53,,,,North America,Châu Lục
North America,,2035,652600385,677795579,25195194,3.86,,,,North America,Châu Lục
North America,,2036,655661616,683249672,27588056,4.21,,,,North America,Châu Lục
North America,,2037,658644439,688703770,30059331,4.56,,,,North America,Châu Lục
North America,,2038,661549986,694157862,32607876,4.93,,,,North America,Châu Lục
North America,,2039,664343119,699611957,35268838,5.31,,,,North America,Châu Lục
North America,,2040,667012296,705066048,38053752,5.71,,,,North America,Châu Lục
North America,,2041,669580412,710520143,40939731,6.11,,,,North America,Châu Lục
North America,,2042,672065535,715974235,43908700,6.53,,,,North America,Châu Lục
North America,,2043,674446926,721428333,46981407,6.97,,,,North America,Châu Lục
North America,,2044,676698967,726882423,50183456,7.42,,,,North America,Châu Lục
North America,,2045,678841382,732336522,53495140,7.88,,,,North America,Châu Lục
North America,,2046,680862876,737790615,56927739,8.36,,,,North America,Châu Lục
North America,,2047,682773942,743244706,60470764,8.86,,,,North America,Châu Lục
North America,,2048,684588903,748698801,64109898,9.36,,,,North America,Châu Lục
North America,,2049,686293421,754152897,67859476,9.89,,,,North America,Châu Lục
North America,,2050,687912621,759606989,71694368,10.42,,,,North America,Châu Lục
Oceania,,2027,47619462,47893728,274266,0.58,,,,Oceania,Châu Lục
Oceania,,2028,48113515,48502981,389466,0.81,,,,Oceania,Châu Lục
Oceania,,2029,48597013,49112228,515215,1.06,,,,Oceania,Châu Lục
Oceania,,2030,49071841,49721479,649638,1.32,,,,Oceania,Châu Lục
Oceania,,2031,49540773,50330724,789951,1.59,,,,Oceania,Châu Lục
Oceania,,2032,50001264,50939972,938708,1.88,,,,Oceania,Châu Lục
Oceania,,2033,50454928,51549221,1094293,2.17,,,,Oceania,Châu Lục
Oceania,,2034,50904381,52158469,1254088,2.46,,,,Oceania,Châu Lục
Oceania,,2035,51351568,52767716,1416148,2.76,,,,Oceania,Châu Lục
Oceania,,2036,51797378,53376966,1579588,3.05,,,,Oceania,Châu Lục
Oceania,,2037,52236938,53986215,1749277,3.35,,,,Oceania,Châu Lục
Oceania,,2038,52672952,54595465,1922513,3.65,,,,Oceania,Châu Lục
Oceania,,2039,53105128,55204710,2099582,3.95,,,,Oceania,Châu Lục
Oceania,,2040,53532336,55813959,2281623,4.26,,,,Oceania,Châu Lục
Oceania,,2041,53960857,56423207,2462350,4.56,,,,Oceania,Châu Lục
Oceania,,2042,54389844,57032458,2642614,4.86,,,,Oceania,Châu Lục
Oceania,,2043,54815203,57641703,2826500,5.16,,,,Oceania,Châu Lục
Oceania,,2044,55235778,58250951,3015173,5.46,,,,Oceania,Châu Lục
Oceania,,2045,55655145,58860199,3205054,5.76,,,,Oceania,Châu Lục
Oceania,,2046,56074527,59469450,3394923,6.05,,,,Oceania,Châu Lục
Oceania,,2047,56485020,60078697,3593677,6.36,,,,Oceania,Châu Lục
Oceania,,2048,56891717,60687946,3796229,6.67,,,,Oceania,Châu Lục
Oceania,,2049,57294894,61297194,4002300,6.99,,,,Oceania,Châu Lục
Oceania,,2050,57688455,61906442,4217987,7.31,,,,Oceania,Châu Lục
South America,,2027,442773184,452838634,10065450,2.27,,,,South America,Châu Lục
South America,,2028,444971194,456715009,11743815,2.64,,,,South America,Châu Lục
South America,,2029,447077466,460591381,13513915,3.02,,,,South America,Châu Lục
South America,,2030,449102466,464467758,15365292,3.42,,,,South America,Châu Lục
South America,,2031,451040464,468344131,17303667,3.84,,,,South America,Châu Lục
South America,,2032,452886799,472220504,19333705,4.27,,,,South America,Châu Lục
South America,,2033,454639769,476096881,21457112,4.72,,,,South America,Châu Lục
South America,,2034,456307935,479973258,23665323,5.19,,,,South America,Châu Lục
South America,,2035,457885047,483849631,25964584,5.67,,,,South America,Châu Lục
South America,,2036,459359989,487726004,28366015,6.18,,,,South America,Châu Lục
South America,,2037,460731450,491602379,30870929,6.7,,,,South America,Châu Lục
South America,,2038,462003221,495478753,33475532,7.25,,,,South America,Châu Lục
South America,,2039,463176642,499355129,36178487,7.81,,,,South America,Châu Lục
South America,,2040,464245206,503231503,38986297,8.4,,,,South America,Châu Lục
South America,,2041,465198615,507107880,41909265,9.01,,,,South America,Châu Lục
South America,,2042,466033974,510984253,44950279,9.65,,,,South America,Châu Lục
South America,,2043,466753954,514860627,48106673,10.31,,,,South America,Châu Lục
South America,,2044,467356819,518737004,51380185,10.99,,,,South America,Châu Lục
South America,,2045,467844276,522613379,54769103,11.71,,,,South America,Châu Lục
South America,,2046,468221423,526489752,58268329,12.44,,,,South America,Châu Lục
South America,,2047,468497160,530366128,61868968,13.21,,,,South America,Châu Lục
South America,,2048,468665411,534242501,65577090,13.99,,,,South America,Châu Lục
South America,,2049,468719865,538118876,69399011,14.81,,,,South America,Châu Lục
South America,,2050,468674525,541995252,73320727,15.64,,,,South America,Châu Lục
World,,2027,8367924110,8447039753,79115643,0.95,,,,World,Thế Giới
World,,2028,8435428221,8531034479,95606258,1.13,,,,World,Thế Giới
World,,2029,8502074488,8615029185,112954697,1.33,,,,World,Thế Giới
World,,2030,8567894288,8699023902,131129614,1.53,,,,World,Thế Giới
World,,2031,8632869716,8783018619,150148903,1.74,,,,World,Thế Giới
World,,2032,8696961505,8867013319,170051814,1.96,,,,World,Thế Giới
World,,2033,8760163176,8951008043,190844867,2.18,,,,World,Thế Giới
World,,2034,8822481826,9035002760,212520934,2.41,,,,World,Thế Giới
World,,2035,8883890579,9118997471,235106892,2.65,,,,World,Thế Giới
World,,2036,8944350538,9202992182,258641644,2.89,,,,World,Thế Giới
World,,2037,9003799893,9286986894,283187001,3.15,,,,World,Thế Giới
World,,2038,9062202729,9370981605,308778876,3.41,,,,World,Thế Giới
World,,2039,9119539712,9454976324,335436612,3.68,,,,World,Thế Giới
World,,2040,9175781954,9538971042,363189088,3.96,,,,World,Thế Giới
World,,2041,9230852905,9622965759,392112854,4.25,,,,World,Thế Giới
World,,2042,9284660411,9706960465,422300054,4.55,,,,World,Thế Giới
World,,2043,9337189921,9790955180,453765259,4.86,,,,World,Thế Giới
World,,2044,9388380557,9874949891,486569334,5.18,,,,World,Thế Giới
World,,2045,9438124979,9958944619,520819640,5.52,,,,World,Thế Giới
World,,2046,9486353166,10042939333,556586167,5.87,,,,World,Thế Giới
World,,2047,9532987698,10126934032,593946334,6.23,,,,World,Thế Giới
World,,2048,9577956208,10210928750,632972542,6.61,,,,World,Thế Giới
World,,2049,9621222257,10294923467,673701210,7.0,,,,World,Thế Giới
World,,2050,9662754902,10378918180,716163278,7.41,,,,World,Thế Giới
